# Collision geometry from bolt_m8.usd: /factory_bolt_m8/factory_bolt_m8/collision; units meters
v -0.003827136242762208 -0.00070549501106142998 0.010848823003470898
v -0.0025250895414501429 -0.0029000651556998491 0.01098265964537859
v -0.0022662794217467308 -0.0030892379581928253 0.011152737773954868
v 0.0023952843621373177 -0.0029712819959968328 0.017502347007393837
v 0.0028039715252816677 -0.0026036889757961035 0.017685746774077415
v -0.0038949972949922085 0.00031913918792270124 0.019545447081327438
v -0.0039026676677167416 -3.9710615965304896e-05 0.019722102209925652
v -0.0038061190862208605 -0.00083681230898946524 0.01960807666182518
v -0.0036760256625711918 -0.0012568258680403233 0.019779626280069351
v 0.0038615004159510136 0.00027872470673173666 0.025254759937524796
v 0.0038637926336377859 0.00024051437503658235 0.025191042572259903
v 0.0037441460881382227 0.0010839501628652215 0.0252396110445261
v 0.0038238265551626682 -0.00050894409650936723 0.025253523141145706
v 0.0038218367844820023 -0.00053656398085877299 0.025152631103992462
v 0.0036136067938059568 -0.0012968542287126184 0.025109041482210159
v 0.0036122791934758425 -0.0012952369870617986 0.025258250534534454
v 0.00165845628362149 -0.0034366247709840536 0.024962099269032478
v 0.0018694848986342549 -0.0033195028081536293 0.025127004832029343
v 0.0033214620780199766 -0.0019073961302638054 0.025229036808013916
v 0.0032604399602860212 -0.0020125685259699821 0.025066344067454338
v 0.0027340610977262259 -0.0026712585240602493 0.025183742865920067
v 0.0026414289604872465 -0.0027571092359721661 0.025018392130732536
v 0.0010619515087455511 -0.0036501630675047636 0.025081399828195572
v 0.00072897522477433085 -0.0037283794954419136 0.024907171726226807
v 0.00023436627816408873 -0.0037990750279277563 0.025036515668034554
v 7.442331116180867e-05 -0.0037996445316821337 0.0248724315315485
v -0.0005710540572181344 -0.0037611685693264008 0.024994757026433945
v -0.00088643631897866726 -0.003711032448336482 0.024822758510708809
v -0.0014321741182357073 -0.0035423538647592068 0.024949828162789345
v -0.0019945455715060234 -0.0032740605529397726 0.024765251204371452
v -0.0022247843444347382 -0.0031122243963181973 0.02490595169365406
v -0.0029187130276113749 -0.0025063413195312023 0.024701479822397232
v -0.0028785206377506256 -0.0025504291988909245 0.024859854951500893
v -3.1547628168482333e-05 -0.0038163203280419111 0.023770105093717575
v -0.00013222650159150362 -0.003807509783655405 0.023612448945641518
v 0.00071623217081651092 -0.0037317131645977497 0.023657655343413353
v 0.0012782429112121463 -0.0035905966069549322 0.02384093776345253
v 0.0015591958072036505 -0.0034735912922769785 0.023703726008534431
v 0.0022315594833344221 -0.0030898554250597954 0.023898566141724586
v 0.0022523291409015656 -0.0030681684147566557 0.02374441921710968
v 0.0029052239842712879 -0.0024885332677513361 0.02378573827445507
v 0.0030398538801819086 -0.002333697397261858 0.023952653631567955
v 0.0034283620771020651 -0.0017112517962232232 0.023834697902202606
v 0.0035420127678662539 -0.0014749977272003889 0.024005614221096039
v 0.0037805454339832067 -0.00080644997069612145 0.023888202384114265
v 0.0038348534144461155 -0.00052779621910303831 0.024056188762187958
v 0.0038508805446326733 0.00054004613775759935 0.023953625932335854
v 0.003814946161583066 0.00077070359839126468 0.024122372269630432
v 0.0036250895354896784 0.0014360514469444752 0.024000642821192741
v 0.003515362273901701 0.00170235859695822 0.024172171950340271
v 0.0032657440751791 0.0021624469663947821 0.024042790755629539
v 0.003022290300577879 0.0025154361501336098 0.024221098050475121
v 0.002576029859483242 0.0029892078600823879 0.024095796048641205
v 0.0022286602761596441 0.0032567852176725864 0.02428031899034977
v 0.0016036253655329347 0.0036212459672242403 0.024160264059901237
v 0.0014832031447440386 0.0036633503623306751 0.024323152378201485
v 0.00065775186521932483 0.0039127310737967491 0.024363342672586441
v 0.00060426723212003708 0.0039200689643621445 0.024212105199694633
v -0.00013274730008561164 0.0039633018895983696 0.024404888972640038
v -0.00054029759485274553 0.0039427806623280048 0.0242723748087883
v -0.00090183946304023266 0.0038652459625154734 0.02444739080965519
v -0.0017310137627646327 0.0035755126737058163 0.024339258670806885
v -0.0017587858019396663 0.0035571195185184479 0.024494815617799759
v -0.0024481893051415682 0.0031078578904271126 0.024536289274692535
v -0.0024732002057135105 0.0030886088497936726 0.024381993338465691
v -0.0031103771179914474 0.0024490621872246265 0.024580391123890877
v -0.0030600684694945812 0.0024975568521767855 0.024419911205768585
v -0.0035778179299086332 0.0016447928501293063 0.024474019184708595
v -0.0036212373524904251 0.0015256634214892983 0.024636749178171158
v -0.003858538344502449 0.00067082414170727134 0.02468392625451088
v -0.00388719467446208 0.00052525504725053906 0.024537334218621254
v -0.0038819946348667145 -0.00036171692772768438 0.02473876066505909
v -0.0038362243212759495 -0.00065514864400029182 0.024594079703092575
v -0.0035543700214475393 -0.0015564070781692863 0.024794355034828186
v -0.0034940624609589577 -0.001661194721236825 0.024648595601320267
v 0.0032353447750210762 -0.0020740220788866282 0.022724000737071037
v 0.00325620430521667 -0.0020376646425575018 0.022564463317394257
v 0.0037006211932748556 -0.0010548597201704979 0.022779371589422226
v 0.0037823615130037069 -0.00079015071969479322 0.022637695074081421
v 0.0038481226656585932 -0.000296660145977512 0.022821133956313133
v 0.0038654098752886057 0.00019750867795664817 0.022689234465360641
v 0.0038559096865355968 0.00040325324516743422 0.022855602204799652
v 0.0037712119519710541 0.00094910874031484127 0.022726234048604965
v 0.0037191631272435188 0.0011538999387994409 0.022890938445925713
v 0.0034889839589595795 0.0017666335916146636 0.02277044765651226
v 0.0034351637586951256 0.001863245852291584 0.022931039333343506
v 0.0028789625503122807 0.0026920570526272058 0.022985944524407387
v 0.0030229971744120121 0.0024997533764690161 0.022814974188804626
v 0.0024835248477756977 0.0030623276252299547 0.02285873144865036
v 0.0018513099057599902 0.0034989167470484972 0.023049602285027504
v 0.0014362485380843282 0.003698395099490881 0.022917455062270164
v 0.0008560939459130168 0.0038702164310961962 0.023102570325136185
v 0.00017993937944993377 0.0039722113870084286 0.022982256487011909
v 4.0751088818069547e-05 0.0039639272727072239 0.023146281018853188
v -0.00089715979993343353 0.0038768486119806767 0.023196753114461899
v -0.00089865113841369748 0.0038655961398035288 0.023039303719997406
v -0.0017826027469709516 0.0035460826475173235 0.023088335990905762
v -0.0021374966017901897 0.0033502618316560984 0.023270653560757637
v -0.0027447675820440054 0.0028645324055105448 0.023149024695158005
v -0.0030478050466626883 0.0025265938602387905 0.023326113820075989
v -0.0033198376186192036 0.0021205327939242125 0.02319498173892498
v -0.0036165704950690269 0.0015486461343243718 0.02338598296046257
v -0.0037529356777667999 0.001182541367597878 0.023250006139278412
v -0.0038693973328918219 0.00059982127277180552 0.023438179865479469
v -0.0039060749113559723 -3.042108983208891e-05 0.023316983133554459
v -0.0038870747666805983 -0.00022353898384608328 0.023480754345655441
v -0.0037542588543146849 -0.00098997063469141722 0.023516993969678879
v -0.0037708654999732971 -0.00091188988881185651 0.02335776761174202
v -0.0034635020419955254 -0.0017166701145470142 0.023398876190185547
v -0.0033601946197450161 -0.0018967370269820094 0.023565975949168205
v -0.002997423755005002 -0.0024055896792560816 0.023444455116987228
v -0.002778397174552083 -0.0026528481394052505 0.023620733991265297
v -0.0024059920106083155 -0.0029847060795873404 0.023487165570259094
v -0.0021448805928230286 -0.0031648369040340185 0.023662513121962547
v -0.0016144448891282082 -0.0034584528766572475 0.023534338921308517
v -0.0013254419900476933 -0.0035851416178047657 0.023707535117864609
v -0.00094358727801591158 -0.0036889165639877319 0.02357124350965023
v 0.0037940400652587414 -0.00068906985688954592 0.021391727030277252
v 0.0038666955661028624 0.00012638836051337421 0.021435674279928207
v 0.0038784933276474476 -0.00010181278776144609 0.021576432511210442
v 0.0037864313926547766 0.00088154803961515427 0.02147451788187027
v 0.0037034181877970695 0.0012454448733478785 0.021648481488227844
v 0.0035537532530725002 0.0016082646325230598 0.021509274840354919
v 0.0032442922238260508 0.0021995219867676497 0.021700300276279449
v 0.0031725061126053333 0.0023118844255805016 0.021550910547375679
v 0.002728290855884552 0.002828758442774415 0.021745726466178894
v 0.0024615484289824963 0.003079631133005023 0.021607516333460808
v 0.0019877643790096045 0.003424433059990406 0.021795215085148811
v 0.0017816288163885474 0.0035238622222095728 0.021650079637765884
v 0.0010479554766789079 0.0038200197741389275 0.02168632298707962
v 0.00094438326777890325 0.0038492772728204727 0.02185102179646492
v -9.3387543529388495e-06 0.0039752572774887085 0.021743863821029663
v -4.3173644371563569e-05 0.0039715077728033066 0.021900694817304611
v -0.0011758888140320778 0.0037997926119714975 0.02196536585688591
v -0.0012689477298408747 0.003772001015022397 0.021813325583934784
v -0.0020375759340822697 0.0033966018818318844 0.022011546418070793
v -0.0024329444859176874 0.003134917002171278 0.021875321865081787
v -0.0026538760866969824 0.0029382433276623487 0.022048668935894966
v -0.003077357541769743 0.0024722132366150618 0.02192269079387188
v -0.0033709758426994085 0.0020629365462809801 0.022105861455202103
v -0.0034459135495126247 0.0018992994446307421 0.021958157420158386
v -0.0037494099233299494 0.0011606107000261545 0.022002227604389191
v -0.0038438038900494576 0.00081340473843738437 0.022176867350935936
v -0.0038870738353580236 0.00038952889735810459 0.022042499855160713
v -0.0038897788617759943 -0.00020889763254672289 0.022229285910725594
v -0.003861255245283246 -0.00055784470168873668 0.022090593352913857
v -0.0037710480391979218 -0.00091967859771102667 0.022264288738369942
v -0.0033991611562669277 -0.0018483959138393402 0.022153709083795547
v -0.0033550742082297802 -0.0019241627305746078 0.022322241216897964
v -0.0027221816126257181 -0.0027056040707975626 0.022216713055968285
v -0.0026117020752280951 -0.0028133098967373371 0.022379610687494278
v -0.0021337724756449461 -0.0031725503504276276 0.022256877273321152
v -0.001936253160238266 -0.0032934683840721846 0.022425306960940361
v -0.0014157849363982677 -0.0035457396879792213 0.022295063361525536
v -0.0012201449135318398 -0.0036146999336779118 0.022462407127022743
v -0.00028725579613819718 -0.0038051046431064606 0.022351527586579323
v -0.00030887883622199297 -0.0037955683656036854 0.022509776055812836
v 0.00082442350685596466 -0.0037225007545202971 0.022567704319953918
v 0.00072110112523660064 -0.0037302852142602205 0.022406911477446556
v 0.0014450675807893276 -0.003518588375300169 0.022447718307375908
v 0.0017736027948558331 -0.003363496158272028 0.022622862830758095
v 0.0023623637389391661 -0.0030033222865313292 0.022502327337861061
v 0.0024235078599303961 -0.0029452648013830185 0.022661406546831131
v 0.0036443045828491449 -0.0012328195152804255 0.021520867943763733
v 0.0034137838520109653 -0.0017696479335427284 0.021334163844585419
v 0.0032919344957917929 -0.0019511908758431673 0.02147640660405159
v 0.0028260743711143732 -0.0025680640246719122 0.021439122036099434
v 0.0027865967713296413 -0.0026059066876769066 0.021278832107782364
v 0.0020909355953335762 -0.0031902522314339876 0.02123599499464035
v 0.0020846507977694273 -0.0031896887812763453 0.021389732137322426
v 0.0010434213327243924 -0.0036675822921097279 0.021333083510398865
v 0.0012736298376694322 -0.0035806135274469852 0.02118784561753273
v 0.0004869876429438591 -0.0037737267557531595 0.021144647151231766
v -9.5635208708699793e-05 -0.0038044583052396774 0.021271809935569763
v -0.00033539655851200223 -0.0037888390943408012 0.021100956946611404
v -0.00088003737619146705 -0.003704120172187686 0.021229390054941177
v -0.0013234579237177968 -0.0035913190804421902 0.021048450842499733
v -0.0017439710209146142 -0.0034055495634675026 0.021186921745538712
v -0.0023527985904365778 -0.0030246833339333534 0.02099272608757019
v -0.0026710988022387028 -0.0027600349858403206 0.02112865075469017
v -0.0031065121293067932 -0.0022860388271510601 0.020938241854310036
v -0.0033213826827704906 -0.0019698974210768938 0.021071020513772964
v -0.0035768952220678329 -0.0014626026386395097 0.020885925740003586
v -0.0036707785911858082 -0.0012310855090618134 0.021028907969594002
v -0.0038561476394534111 -0.00058067677309736609 0.020842717960476875
v -0.0038927197456359863 -0.00029420293867588043 0.020980227738618851
v -0.0038810009136795998 0.00046258606016635895 0.020788516849279404
v -0.0038421135395765305 0.0007587578147649765 0.020932430401444435
v -0.0036840720567852259 0.0013876850716769695 0.020741414278745651
v -0.0035217164549976587 0.0017850829754024744 0.020870190113782883
v -0.0032475984189659357 0.0022345192264765501 0.020688310265541077
v -0.0029208071064203978 0.0026603576261550188 0.020816167816519737
v -0.0027634340804070234 0.002832428552210331 0.020647425204515457
v -0.002180896233767271 0.0033194993156939745 0.020769033581018448
v -0.0020067391451448202 0.0034223878756165504 0.020603423938155174
v -0.0013518660562112927 0.003727735485881567 0.020722242072224617
v -0.0012503119651228189 0.0037639199290424585 0.020560182631015778
v -0.00043558355537243187 0.0039532058872282505 0.020669203251600266
v -0.00041116942884400487 0.003952717874199152 0.020511051639914513
v 0.00044799756142310798 0.0039366702549159527 0.020469624549150467
v 0.00065578054636716843 0.0039115007966756821 0.020614650100469589
v 0.001300281728617847 0.0037428513169288635 0.020427137613296509
v 0.0016265361336991191 0.0036064614541828632 0.020566100254654884
v 0.0020810356363654137 0.0033502229489386082 0.020383454859256744
v 0.0023432043381035328 0.0031657351646572351 0.020522013306617737
v 0.002736866008490324 0.0028291335329413414 0.020338127389550209
v 0.003072874853387475 0.002458849223330617 0.020465617999434471
v 0.0032478738576173782 0.0021854173392057419 0.020294785499572754
v 0.0036376735661178827 0.0014253288973122835 0.020249327644705772
v 0.0036441637203097343 0.001406900817528367 0.020404929295182228
v 0.0038658801931887865 0.00036176075809635222 0.020200302824378014
v 0.0038470199797302485 0.00049529434181749821 0.020359955728054047
v 0.0038356611039489508 -0.00049393129302188754 0.02031184546649456
v 0.0038185641169548035 -0.00052872765809297562 0.020151976495981216
v 0.0036035433877259493 -0.0013408892555162311 0.020105460658669472
v 0.0035382609348744154 -0.0014823488891124725 0.020254511386156082
v 0.0031284915748983622 -0.0022095206659287214 0.020207976922392845
v 0.0030444071162492037 -0.0023314931895583868 0.020050017163157463
v 0.0026186211034655571 -0.0027686110697686672 0.02017386257648468
v 0.0020358981564640999 -0.0032314807176589966 0.019982688128948212
v 0.0020089768804609776 -0.0032332898117601871 0.020138876512646675
v 0.0013252311618998647 -0.00356438965536654 0.020096782594919205
v 0.0010151953902095556 -0.0036642325576394796 0.01992274634540081
v 0.00047514031757600605 -0.0037755656521767378 0.020051736384630203
v -2.4513414246030152e-05 -0.0038156521040946245 0.019869668409228325
v -0.0006384042208082974 -0.0037612614687532187 0.019994087517261505
v -0.0013111021835356951 -0.0035931088495999575 0.019801408052444458
v -0.0015709749422967434 -0.003477227408438921 0.019944997504353523
v -0.0022237119264900684 -0.0031132705044001341 0.019751550629734993
v -0.0022210001479834318 -0.0031170165166258812 0.019907746464014053
v -0.0028420386370271444 -0.0025851272512227297 0.019707066938281059
v -0.0028170992154628038 -0.002605996560305357 0.019865144044160843
v -0.003247411223128438 -0.002072114497423172 0.019827902317047119
v -0.0033589063677936792 -0.0019013783894479275 0.019662398844957352
v -0.0038369621615856886 0.00077047309605404735 0.019678974524140358
v -0.0036658924072980881 0.0014616708504036069 0.019481990486383438
v -0.0035771725233644247 0.0016555116744711995 0.019626449793577194
v -0.0029958817176520824 0.0025848278310149908 0.019415251910686493
v -0.0030796038918197155 0.0024669214617460966 0.019580941647291183
v -0.0024245323147624731 0.0031464090570807457 0.019533371552824974
v -0.0020861360244452953 0.0033816357608884573 0.019355727359652519
v -0.0015517516294494271 0.0036488969344645739 0.019482748582959175
v -0.0012065928895026445 0.0037786390166729689 0.019307652488350868
v -0.00081627955660223961 0.0038852707948535681 0.019439700990915298
v -0.00021810267935506999 0.0039740884676575661 0.019254075363278389
v 0.00011366657417966053 0.0039685973897576332 0.019390616565942764
v 0.00080077897291630507 0.0038783357013016939 0.019200116395950317
v 0.0009159941109828651 0.0038510144222527742 0.019350428134202957
v 0.0014880496310070157 0.0036638719029724598 0.019164144992828369
v 0.0016688447212800384 0.0035858913324773312 0.019313102588057518
v 0.0024230876006186008 0.0031229988671839237 0.019109532237052917
v 0.002637161873281002 0.002937153447419405 0.019254619255661964
v 0.003297803457826376 0.0021339419763535261 0.019040919840335846
v 0.0034203098621219397 0.001917931716889143 0.019179070368409157
v 0.0037978037726134062 0.00088388624135404825 0.01896783709526062
v 0.003782572690397501 0.00090904062381014228 0.019128929823637009
v 0.0038710327353328466 -0.00019415708084125072 0.019073758274316788
v 0.0038597688544541597 -0.00020551403576973826 0.018919210880994797
v 0.0037321010604500771 -0.00093396182637661695 0.018880341202020645
v 0.0036471530329436064 -0.0012058675056323409 0.019021280109882355
v 0.00345055409707129 -0.0016820511082187295 0.018836582079529762
v 0.0032256725244224072 -0.0020807001274079084 0.018968004733324051
v 0.0028835907578468323 -0.0025096989702433348 0.018785323947668076
v 0.0024354832712560892 -0.0029340153560042381 0.018911637365818024
v 0.0019525301177054644 -0.0032821097411215305 0.01872626319527626
v 0.0015629347180947661 -0.0034786637406796217 0.018859697505831718
v 0.0008013544138520956 -0.003725060261785984 0.018664954230189323
v 0.00058741099201142788 -0.0037538404576480389 0.018806876614689827
v -0.00042468606261536479 -0.0037925392389297485 0.018596546724438667
v -0.00035176952951587737 -0.0037987420801073313 0.018755530938506126
v -0.0016922882059589028 -0.0034410431981086731 0.018687019124627113
v -0.0015130616957321763 -0.0035071601159870625 0.018540468066930771
v -0.002413363428786397 -0.002979448763653636 0.018490022048354149
v -0.0025697750970721245 -0.0028477972373366356 0.018632104620337486
v -0.0032100819516927004 -0.0021486293990164995 0.018422398716211319
v -0.003114673774689436 -0.0022563985548913479 0.018591945990920067
v -0.0034863951150327921 -0.001664839219301939 0.01855425164103508
v -0.0038105999119579792 -0.00078086316352710128 0.018509907647967339
v -0.0038845767267048359 -0.00031293151550926268 0.0183294378221035
v -0.0038947972934693098 0.00045300798956304789 0.018444772809743881
v -0.0038765983190387487 0.00050445605302229524 0.018286790698766708
v -0.0036919896956533194 0.0013522924855351448 0.018240941688418388
v -0.0036168433725833893 0.0015471823280677199 0.018384896218776703
v -0.0033385981805622578 0.0020910762250423431 0.018197100609540939
v -0.0031912673730403185 0.002319881459698081 0.018338849768042564
v -0.0027460083365440369 0.0028537330217659473 0.018148582428693771
v -0.0026825591921806335 0.0029071106109768152 0.018301425501704216
v -0.0018047008197754622 0.003543592756614089 0.018089143559336662
v -0.0019884831272065639 0.0034323874861001968 0.018257103860378265
v -0.0010746128391474485 0.0038249064236879349 0.018204677850008011
v -0.00085030175978317857 0.0038748113438487053 0.018037181347608566
v -0.0002056866796920076 0.0039611309766769409 0.018158640712499619
v -0.00019250965851824731 0.0039613456465303898 0.018002290278673172
v 0.00071490387199446559 0.0039081824943423271 0.018108885735273361
v 0.00084258703282102942 0.0038822803180664778 0.017949214205145836
v 0.0018797350348904729 0.0034840735606849194 0.01804988831281662
v 0.0018406843300908804 0.0034942650236189365 0.017895858734846115
v 0.0024705617688596249 0.0030648298561573029 0.017857981845736504
v 0.0027696373872458935 0.0027946254704147577 0.017991861328482628
v 0.0030293178278952837 0.0025007904041558504 0.017815271392464638
v 0.0032948334701359272 0.0021093275863677263 0.017947087064385414
v 0.0038615080993622541 0.0003966096555814147 0.017855392768979073
v 0.003766113193705678 0.00098255672492086887 0.017729127779603004
v 0.0036524464376270771 0.0013722369913011789 0.017905261367559433
v 0.0034818889107555151 0.0017738529713824391 0.017770035192370415
v 0.0029575908556580544 -0.0024157732259482145 0.017541298642754555
v 0.0034044475760310888 -0.0017615504330024123 0.017740005627274513
v 0.0033733122982084751 -0.001818812801502645 0.017579050734639168
v 0.0037891380488872528 -0.00076096173143014312 0.017797635868191719
v 0.0036848823074251413 -0.0010931397555395961 0.017621230334043503
v 0.0038716944400221109 -0.00016346099437214434 0.017673300579190254
v 0.0018346321303397417 -0.0033414221834391356 0.017624769359827042
v 0.0013692851644009352 -0.0035600557457655668 0.017442472279071808
v 0.00087099667871370912 -0.0037061239127069712 0.017570029944181442
v 0.00039479992119595408 -0.0037784134037792683 0.017389226704835892
v 8.4305793279781938e-05 -0.0038000517524778843 0.017528915777802467
v -0.00058237940538674593 -0.0037679432425647974 0.017338061705231667
v -0.00065777817508205771 -0.0037498367018997669 0.017489511519670486
v -0.0015759887173771858 -0.0034793876111507416 0.017288109287619591
v -0.0013826163485646248 -0.0035517665091902018 0.017453746870160103
v -0.0020816568285226822 -0.0032135555520653725 0.017415236681699753
v -0.002261454937979579 -0.003087006276473403 0.017248919233679771
v -0.0029007082339376211 -0.0025264574214816093 0.017201714217662811
v -0.002745660487562418 -0.0026796916499733925 0.01737092062830925
v -0.0033731609582901001 -0.0018932846141979098 0.01731916144490242
v -0.0033826211001724005 -0.0018528614891692996 0.017158938571810722
v -0.0037875548005104065 -0.00088679359760135412 0.0171080082654953
v -0.0038218426052480936 -0.00074043049244210124 0.017258701846003532
v -0.0038933516480028629 0.00036683125654235482 0.017202597111463547
v -0.0039024306461215019 0.00028094800654798746 0.017047403380274773
v -0.0036452845670282841 0.0015018304111436009 0.016980703920125961
v -0.0037371865473687649 0.0011891393223777413 0.017156718298792839
v -0.0033655960578471422 0.0020749636460095644 0.017103457823395729
v -0.0030372648034244776 0.0025301405694335699 0.016917545348405838
v -0.0025797567795962095 0.0030074878595769405 0.017042292281985283
v -0.0024524093605577946 0.0031047018710523844 0.016879148781299591
v -0.0017525308066979051 0.0035600240807980299 0.016839155927300453
v -0.0019525199895724654 0.003447716124355793 0.017006289213895798
v -0.0012686901027336717 0.0037597029004245996 0.016966937109827995
v -0.00092235952615737915 0.0038603036664426327 0.016789177432656288
v -0.0003656497283373028 0.0039542922750115395 0.016916323453187943
v 1.8849685147870332e-05 0.0039706970565021038 0.016739999875426292
v 0.0005027625011280179 0.0039295894093811512 0.016872413456439972
v 0.00098684197291731834 0.0038424143567681313 0.016693510115146637
v 0.0014811403816565871 0.003684179624542594 0.016821395605802536
v 0.00083029706729575992 -0.0037118936888873577 0.016321713104844093
v 0.00087832269491627812 -0.0037052747793495655 0.016167363151907921
v 0.0016563663957640529 -0.0034238090738654137 0.016365271061658859
v 0.0019751405343413353 -0.0032641389407217503 0.016223140060901642
v 0.002342740073800087 -0.0030048983171582222 0.016406426206231117
v 0.0027770206797868013 -0.0026183549780398607 0.016275776550173759
v 0.0030658901669085026 -0.0023018191568553448 0.016454439610242844
v 0.0032335740979760885 -0.0020423261448740959 0.016314724460244179
v 0.0036217623855918646 -0.00129646563436836 0.016516596078872681
v 0.0035979251842945814 -0.0013522565132007003 0.016356745734810829
v 0.0038281527813524008 -0.0004653677751775831 0.016561593860387802
v 0.0038507250137627125 -0.00033422117121517658 0.016414044424891472
v 0.0038612382486462593 0.00040308359893970191 0.016603916883468628
v 0.0038421358913183212 0.00053329113870859146 0.016456786543130875
v 0.0036275391466915607 0.0014502018457278609 0.01665683276951313
v 0.003693379694595933 0.0012369486503303051 0.016490569338202477
v 0.0032491686288267374 0.0022071378771215677 0.016545502468943596
v 0.0031969910487532616 0.0022659115493297577 0.01670614629983902
v 0.0025057788006961346 0.0030466380994766951 0.016763897612690926
v 0.0025824208278208971 0.0029662072192877531 0.016599556431174278
v 0.0019437435548752546 0.0034399612341076136 0.016642035916447639
v 0.0032892844174057245 -0.0019689800683408976 0.01522603165358305
v 0.0036637622397392988 -0.0011642146855592728 0.015272842720150948
v 0.0037363499868661165 -0.00093882111832499504 0.0151307238265872
v 0.0038621062412858009 -0.00026832171715795994 0.015326269902288914
v 0.0038610866758972406 -0.00014491064939647913 0.015171683393418789
v 0.003828197019174695 0.0006589031545445323 0.01521012932062149
v 0.0038033460732549429 0.00080474663991481066 0.015375311486423016
v 0.0035809322725981474 0.0015507468488067389 0.015255089849233627
v 0.0034506556112319231 0.0018594696884974837 0.015433304011821747
v 0.0032305980566889048 0.0022124627139419317 0.015296103432774544
v 0.0027590724639594555 0.0028070460539311171 0.015493171289563179
v 0.0028125403914600611 0.0027426537126302719 0.015332440845668316
v 0.002146431477740407 0.0033138357102870941 0.015380086377263069
v 0.0019513322040438652 0.0034401025623083115 0.015548507682979107
v 0.0014554724330082536 0.0036751201841980219 0.015417962335050106
v 0.001195625402033329 0.0037710901815444231 0.015586423687636852
v 0.00069908553268760443 0.0039007994346320629 0.01545532513409853
v 0.00032766044023446739 0.0039588147774338722 0.01563028059899807
v -4.5696211600443348e-05 0.0039664278738200665 0.015494352206587791
v -0.00075246550841256976 0.0039000285323709249 0.015688858926296234
v -0.0010489686392247677 0.0038327591028064489 0.015543971210718155
v -0.0018449745839461684 0.0035240356810390949 0.015750523656606674
v -0.0020222500897943974 0.0034147989936172962 0.015605165623128414
v -0.0028790642973035574 0.0027193799614906311 0.015815498307347298
v -0.0028396099805831909 0.0027565131895244122 0.015654437243938446
v -0.0035115450154989958 0.0018011870561167598 0.015714572742581367
v -0.0034386413171887398 0.0019189382437616587 0.015863768756389618
v -0.0037681276444345713 0.001104582566767931 0.015910293906927109
v -0.0038483482785522938 0.00073381466791033745 0.015774575993418694
v -0.0038985584396868944 0.00021930225193500519 0.015957493335008621
v -0.0038845895323902369 -0.00033765740226954222 0.015824930742383003
v -0.0038070499431341887 -0.00082941446453332901 0.016005316749215126
v -0.0035457999911159277 -0.001565739163197577 0.015891052782535553
v -0.0032187860924750566 -0.0021389808971434832 0.016082366928458214
v -0.0030265448149293661 -0.0023711274843662977 0.015943072736263275
v -0.0023109274916350842 -0.0030672559514641762 0.016152013093233109
v -0.0025280092377215624 -0.0028774065431207418 0.015980428084731102
v -0.0019151822198182344 -0.0033071264624595642 0.016017427667975426
v -0.0013802828034386039 -0.0035573344212025404 0.016203457489609718
v -0.0012755666393786669 -0.0035898557398468256 0.016053248196840286
v -0.00032488678698427975 -0.0038071980234235525 0.016259009018540382
v -0.00038397131720557809 -0.0037983041256666183 0.016102010384202003
v 0.0036680155899375677 0.0013398334849625826 0.013994424603879452
v 0.003586724866181612 0.001574644586071372 0.014165909960865974
v 0.0031393049284815788 0.0023544556461274624 0.014054251834750175
v 0.0030302407685667276 0.00249466672539711 0.014219000935554504
v 0.0023055658675730228 0.0032140009570866823 0.014120902866125107
v 0.0024767639115452766 0.0030587278306484222 0.014264077879488468
v 0.0018207188695669174 0.0035088090226054192 0.014304890297353268
v 0.0015097784344106913 0.003651405218988657 0.014164196327328682
v 0.00080251990584656596 0.0038896361365914345 0.014358500950038433
v 0.00078074977500364184 0.0038844090886414051 0.014199377968907356
v 4.3551288399612531e-05 0.0039644367061555386 0.014240346848964691
v -0.00054051069309934974 0.0039442926645278931 0.014428935013711452
v -0.00094427575822919607 0.0038663989398628473 0.014292549341917038
v -0.0018033459782600403 0.0035407242830842733 0.014494433999061584
v -0.0022247130982577801 0.00329425442032516 0.014366676099598408
v -0.002660165773704648 0.0029306428041309118 0.014549105428159237
v -0.0028935596346855164 0.0026877559721469879 0.01440793089568615
v -0.0033709453418850899 0.0020619586575776339 0.014605849049985409
v -0.0033455686643719673 0.0020844796672463417 0.014446668326854706
v -0.003726189723238349 0.0012482985621318221 0.014497987926006317
v -0.0037952451966702938 0.001002698321826756 0.014666840434074402
v -0.0039116321131587029 0.0001164072600658983 0.014559552073478699
v -0.0039053710643202066 -0.00021898177510593086 0.014731000177562237
v -0.0037263494450598955 -0.0010839703027158976 0.014615381136536598
v -0.0036124251782894135 -0.0014063703129068017 0.01478817593306303
v -0.0034152974840253592 -0.0017932056216523051 0.014654931612312794
v -0.0029299429152160883 -0.0024915114045143127 0.014698519371449947
v -0.003154670586809516 -0.002202560193836689 0.014838056638836861
v -0.0024946199264377356 -0.0029243954923003912 0.014890424907207489
v -0.002217557281255722 -0.0031195774208754301 0.014751371927559376
v -0.0015101819299161434 -0.0035088914446532726 0.014949856325984001
v -0.0013198234373703599 -0.0035900648217648268 0.014803048223257065
v -0.00066902552498504519 -0.0037473528645932674 0.014990335330367088
v -0.00013846656656824052 -0.0038043053355067968 0.01486112829297781
v 0.00016980238433461636 -0.0038040033541619778 0.015032608062028885
v 0.00087513017933815718 -0.0037020491436123848 0.014913300983607769
v 0.0010323090245947242 -0.0036601864267140627 0.015082321129739285
v 0.001889727427624166 -0.00331130251288414 0.014975597150623798
v 0.0017651536036282778 -0.0033675625454634428 0.015122804790735245
v 0.0025578814093023539 -0.0028409631922841072 0.015171638689935207
v 0.0026302761398255825 -0.002761143958196044 0.015017622150480747
v 0.0032731031533330679 -0.0020055347122251987 0.015064967796206474
v 0.0025150487199425697 0.0030321294907480478 0.012852997519075871
v 0.0015989817911759019 0.0036256194580346346 0.012909521348774433
v 0.0016497486503794789 0.0035992725752294064 0.013061229139566422
v 0.0006418463890440762 0.003915067296475172 0.013115391135215759
v 0.00058478349819779396 0.003923097625374794 0.012960576452314854
v -0.00032216223189607263 0.003956320695579052 0.013165183365345001
v -0.00047336093848571181 0.0039430372416973114 0.01301636453717947
v -0.0013551347656175494 0.0037410827353596687 0.013221390545368195
v -0.0015971892280504107 0.0036462394054979086 0.013082143850624561
v -0.002489092294126749 0.0030900766141712666 0.013288377784192562
v -0.0026153374928981066 0.0029779134783893824 0.013140877708792686
v -0.0032513593323528767 0.0022406415082514286 0.013344048522412777
v -0.0032341964542865753 0.0022565450053662062 0.013186447322368622
v -0.0036817141808569431 0.0013925735838711262 0.013236179016530514
v -0.0036309105344116688 0.0014990114141255617 0.013388728722929955
v -0.0038464663084596395 0.00074588449206203222 0.013428159058094025
v -0.0039011442568153143 0.00023371333372779191 0.013301040045917034
v -0.0038905884139239788 -0.00032842121436260641 0.013483145274221897
v -0.0038456725887954235 -0.00055828702170401812 0.013340137898921967
v -0.0036482519935816526 -0.0012962869368493557 0.013374357484281063
v -0.0035447056870907545 -0.0015670777065679431 0.013547781854867935
v -0.0032484736293554306 -0.0020809404086321592 0.013425055891275406
v -0.0028831060044467449 -0.0025459809694439173 0.013610614463686943
v -0.0024665165692567825 -0.0029479232616722584 0.013485726900398731
v -0.0020217027049511671 -0.0032570636831223965 0.013670536689460278
v -0.0014796407194808125 -0.0035226272884756327 0.013542760163545609
v -0.00086050428217276931 -0.0037223021499812603 0.013729830272495747
v -0.00066488719312474132 -0.003747124457731843 0.013583630323410034
v 8.9296074293088168e-05 -0.0038023933302611113 0.013623721897602081
v 0.00041926154517568648 -0.0037898803129792213 0.01379920169711113
v 0.00090632669162005186 -0.0036916669923812151 0.013666965067386627
v 0.0015285639092326164 -0.0034863883629441261 0.013859687373042107
v 0.0015800032997503877 -0.0034568454138934612 0.013705363497138023
v 0.0022266607265919447 -0.0030913618393242359 0.013744181953370571
v 0.0025135071482509375 -0.0028801481239497662 0.013918446376919746
v 0.0030262758955359459 -0.0023583415895700455 0.013793991878628731
v 0.0031369461212307215 -0.0021841689012944698 0.013962326571345329
v 0.0035024515818804502 -0.0015681736404076219 0.013998338021337986
v 0.003543719882145524 -0.0014721202896907926 0.013848982751369476
v 0.0038047158159315586 -0.00066467194119468331 0.014049558900296688
v 0.0038197836838662624 -0.00057922420091927052 0.013900305144488811
v 0.0038583248388022184 0.00040421597077511251 0.01410659309476614
v 0.0038564095739275217 0.00038126599974930286 0.013948440551757812
v 0.002347107045352459 0.0031629540026187897 0.01302176620811224
v 0.0030368897132575512 0.002503970405086875 0.01296776719391346
v 0.0030886183958500624 0.0024137389846146107 0.012808807194232941
v 0.00360518554225564 0.0015296239871531725 0.012756301090121269
v 0.0036341012455523014 0.0014374310849234462 0.012904766947031021
v 0.0038496865890920162 0.00047545507550239563 0.012703062035143375
v 0.0038643660955131054 0.00035461032530292869 0.012856075540184975
v 0.003797655925154686 -0.0006939783925190568 0.012797840870916843
v 0.0038537287618964911 -0.00024239769845735282 0.012667224742472172
v 0.0037032593972980976 -0.0010504442034289241 0.012624195776879787
v 0.0034821603912860155 -0.0016178393270820379 0.012747348286211491
v 0.0032211134675890207 -0.0020852223969995975 0.012562154792249203
v 0.0029414636082947254 -0.0024434772785753012 0.012693949043750763
v 0.0024230678100138903 -0.0029481227975338697 0.012503412552177906
v 0.0022822646424174309 -0.0030512826051563025 0.012653469108045101
v 0.0017240644665434957 -0.0033884043805301189 0.012464568950235844
v 0.0013961042277514935 -0.0035527250729501247 0.012599559500813484
v 0.00089471804676577449 -0.003705968614667654 0.012415994890034199
v 2.3760785552440211e-05 -0.0038150812033563852 0.012525963596999645
v -0.00023005213006399572 -0.0038002505898475647 0.012356370687484741
v -0.0013068773550912738 -0.0035940608941018581 0.012303865514695644
v -0.00099867791868746281 -0.0036745716352015734 0.012472569011151791
v -0.0018558247247710824 -0.0033473987132310867 0.012428727932274342
v -0.0022402817849069834 -0.0031014394480735064 0.012248492799699306
v -0.0025668081361800432 -0.0028448803350329399 0.012383755296468735
v -0.0029400645289570093 -0.0024885802995413542 0.01220233179628849
v -0.0031271339394152164 -0.0022506406530737877 0.012339654378592968
v -0.0036514608655124903 -0.0013025938533246517 0.012282608076930046
v -0.0035897556226700544 -0.001469107810407877 0.012139354832470417
v -0.0038550354074686766 -0.00050264422316104174 0.012087229639291763
v -0.0039017633534967899 -0.0001732383097987622 0.012228007428348064
v -0.0038949963636696339 0.00045289268018677831 0.012036879546940327
v -0.0038131196051836014 0.00091121968580409884 0.012172847054898739
v -0.003659136826172471 0.0014275171561166644 0.011987030506134033
v -0.0035067598801106215 0.0017891237512230873 0.012122654356062412
v -0.0033518821001052856 0.0020704707130789757 0.011948066763579845
v -0.0028921004850417376 0.0027126818895339966 0.012063701637089252
v -0.0028838685248047113 0.0027032790239900351 0.011907143518328667
v -0.0022190643940120935 0.0032848811242729425 0.011864902451634407
v -0.0020076450891792774 0.0034215806517750025 0.01201194804161787
v -0.0015164364594966173 0.0036628416273742914 0.011824478395283222
v -0.0011156906839460135 0.0038101570680737495 0.011958622373640537
v -0.00088481098646298051 0.0038679561112076044 0.011789876036345959
v -0.00013733493688050658 0.0039712563157081604 0.011904021725058556
v 0.00010936491162283346 0.0039730360731482506 0.01173394825309515
v 0.00093204982113093138 0.0038556172512471676 0.011850128881633282
v 0.0011689395178109407 0.0037841394077986479 0.011681227944791317
v 0.0018163968343287706 0.0035058539360761642 0.011804882436990738
v 0.0021241081412881613 0.0033370365854352713 0.011630144901573658
v 0.0023801473435014486 0.0031376960687339306 0.011769969947636127
v 0.0028987496625632048 0.0026487333234399557 0.011576097458600998
v 0.0031070001423358917 0.0024136560969054699 0.011714033782482147
v 0.0034566107206046581 0.0018459948478266597 0.011519193649291992
v 0.0035717079881578684 0.0015700922813266516 0.011663814075291157
v 0.0038195669185370207 0.00073317415080964565 0.011464431881904602
v 0.0037913976702839136 0.00085076119285076857 0.011629593558609486
v 0.0038663791492581367 0.0001428288669558242 0.011592183262109756
v 0.0038576209917664528 -0.00022923234791960567 0.011418241076171398
v 0.0038180577103048563 -0.00053867942187935114 0.011556598357856274
v 0.0037251180037856102 -0.00095408508786931634 0.011377670802175999
v 0.0036587328650057316 -0.0011782055953517556 0.011522232554852962
v 0.0034540770575404167 -0.0016723236767575145 0.011337725445628166
v 0.0033643350470811129 -0.0018282862147316337 0.011484747752547264
v 0.0029821598436683416 -0.0023874805774539709 0.01129315048456192
v 0.0029059834778308868 -0.0024852990172803402 0.011443622410297394
v 0.00230748625472188 -0.0030473505612462759 0.011246179230511189
v 0.0023125326260924339 -0.0030241974163800478 0.011404909193515778
v 0.0017200581496581435 -0.0033952959347516298 0.011369086802005768
v 0.0014145494205877185 -0.0035287083592265844 0.011195969767868519
v 0.00094585644546896219 -0.0036792207974940538 0.011325780302286148
v 0.00079584558261558414 -0.0037172718439251184 0.011161820031702518
v -2.5191808163071983e-05 -0.0038143028505146503 0.011272829957306385
v -0.00021343847038224339 -0.0038045456167310476 0.011106834746897221
v -0.0014060542453080416 -0.0035581195261329412 0.011048159562051296
v -0.0013282347936183214 -0.0035849753767251968 0.011209718883037567
v -0.0029893659520894289 -0.0024236240424215794 0.011101512238383293
v -0.003414814593270421 -0.001821365556679666 0.010906756855547428
v -0.0035886683035641909 -0.0014673641417175531 0.011042114347219467
v -0.0039014900103211403 -0.0002279035106766969 0.010978619568049908
v -0.0038964813575148582 0.0003310116590000689 0.010796420276165009
v -0.0038317621219903231 0.00080249173333868384 0.010927017778158188
v -0.0037448813673108816 0.0011686694342643023 0.010750782676041126
v -0.0035485560074448586 0.0017188908532261848 0.010874219238758087
v -0.0033453542273491621 0.0021060751751065254 0.010693992488086224
v -0.0029570292681455612 0.0026251410599797964 0.010818782262504101
v -0.0026374461594969034 0.0029495209455490112 0.010639851912856102
v -0.0021083108149468899 0.0033679578918963671 0.010766878724098206
v -0.0019201599061489105 0.0034721065312623978 0.010599316097795963
v -0.00084265490295365453 0.0038896307814866304 0.010535656474530697
v -0.0011941199190914631 0.003782323794439435 0.01071243267506361
v -0.00041248294292017817 0.0039511886425316334 0.01066930778324604
v 0.00045530358329415321 0.0039542969316244125 0.01047103013843298
v 0.00071239756653085351 0.0039065377786755562 0.010610408149659634
v 0.0015886585460975766 0.0036170452367514372 0.010566562414169312
v 0.0017437225906178355 0.0035528747830539942 0.010403584688901901
v 0.0023996538948267698 0.0031400818843394518 0.010516729205846786
v 0.0024638217873871326 0.0030706601683050394 0.010358511470258236
v 0.003032666863873601 0.0024966238997876644 0.010314194485545158
v 0.0032823146320879459 0.002158834133297205 0.010448782704770565
v 0.0034817361738532782 0.0017690669046714902 0.010268707759678364
v 0.0037603895179927349 0.0010176938958466053 0.010230625048279762
v 0.0037341795396059752 0.0011089288163930178 0.010387947782874107
v 0.0038798421155661345 2.2112719761935296e-06 0.010339511558413506
v 0.0038724897895008326 -1.5398203686345369e-05 0.010180220007896423
v 0.0037660803645849228 -0.00079665856901556253 0.010137052275240421
v 0.0037119635380804539 -0.0010138960788026452 0.01028184499591589
v 0.0035162412095814943 -0.0015372430207207799 0.010096615180373192
v 0.0033374116756021976 -0.00189488276373595 0.010227387771010399
v 0.0031471268739551306 -0.0021699580829590559 0.010057094506919384
v 0.0025121774524450302 -0.002883546520024538 0.010007922537624836
v 0.0026565154548734426 -0.0027445079758763313 0.010175208561122417
v 0.0018944035982713103 -0.0033041294664144516 0.010129739530384541
v 0.0013353341491892934 -0.0035727359354496002 0.0099444370716810226
v 0.001013499335385859 -0.0036685410887002945 0.010077689774334431
v 0.00016520984354428947 -0.0038022375665605068 0.009878755547106266
v -5.3829837270313874e-05 -0.0038093014154583216 0.010022662580013275
v -0.00089732586639001966 -0.0037081937771290541 0.0098239611834287643
v -0.0009890672517940402 -0.0036798266228288412 0.0099757323041558266
v -0.0016972488956525922 -0.0034183911047875881 0.0097821028903126717
v -0.0016787588829174638 -0.0034277853555977345 0.009939609095454216
v -0.0024046434555202723 -0.0029871717561036348 0.0097393589094281197
v -0.0023631788790225983 -0.003018875839188695 0.0098971342667937279
v -0.0031050338875502348 -0.0022852008696645498 0.0098404213786125183
v -0.0032369089312851429 -0.0021139639429748058 0.0096735274419188499
v -0.0036163944751024246 -0.0013890230329707265 0.0097850039601325989
v -0.0036780911032110453 -0.0012100337771698833 0.0096214637160301208
v -0.0038547518197447062 -0.00051251245895400643 0.009587068110704422
v -0.0038775692228227854 -0.00039626777288503945 0.0097370753064751625
v -0.0038820274639874697 0.00056531408336013556 0.0095312353223562241
v -0.003836766118183732 0.00084297131979838014 0.0096780937165021896
v -0.0035575598012655973 0.0016870080726221204 0.0094705056399106979
v -0.0033574106637388468 0.0020885935518890619 0.0096050994470715523
v -0.0030074478127062321 0.0025666458532214165 0.0094165317714214325
v -0.0025808683130890131 0.0030063192825764418 0.0095418915152549744
v -0.0024303528480231762 0.0031228645239025354 0.0093787014484405518
v -0.0017913897754624486 0.0035375345032662153 0.0093406243249773979
v -0.0017321021296083927 0.0035755811259150505 0.0094947274774312973
v -0.0011160036083310843 0.0038058431819081306 0.0093026608228683472
v -0.00054168066708371043 0.0039424775168299675 0.0094250701367855072
v -0.00032041582744568586 0.0039589125663042068 0.0092596700415015221
v 0.00081390270497649908 0.0038897008635103703 0.0092006362974643707
v 0.0006366857560351491 0.003916474524885416 0.0093686161562800407
v 0.0017703135963529348 0.0035461881197988987 0.0093089872971177101
v 0.0019720753189176321 0.0034242663532495499 0.009138353168964386
v 0.0028589402791112661 0.0027109081856906414 0.0090798577293753624
v 0.0027550880331546068 0.0028156575281172991 0.0092431921511888504
v 0.0033624756615608931 0.0020005255937576294 0.0091896094381809235
v 0.0034687221050262451 0.0018010926432907581 0.0090209925547242165
v 0.0037308174651116133 0.0011328321415930986 0.0091443080455064774
v 0.0038029283750802279 0.00085171847604215145 0.0089720357209444046
v 0.0038724297191947699 2.8627358915400691e-05 0.0090889567509293556
v 0.0038386385422199965 -0.00050515140173956752 0.0088992202654480934
v 0.0036852543707937002 -0.0011431886814534664 0.00902603380382061
v 0.0033900397829711437 -0.0018083123723044991 0.0088293338194489479
v 0.0031611118465662003 -0.0021601882763206959 0.0089631117880344391
v 0.0026471379678696394 -0.0027550961822271347 0.0087690465152263641
v 0.0025529628619551659 -0.0028322490397840738 0.0089205289259552956
v 0.0016726604662835598 -0.0034308368340134621 0.0087112905457615852
v 0.00172178924549371 -0.0034055029973387718 0.0088679203763604164
v 0.00033357922802679241 -0.0037997658364474773 0.0086361067369580269
v 0.00057472556363791227 -0.0037620870862156153 0.0088039934635162354
v -0.0003064946795348078 -0.0037918807938694954 0.0087577942758798599
v -0.00085961323929950595 -0.0037126631941646338 0.0085731390863656998
v -0.0011180969886481762 -0.0036468759644776583 0.0087170302867889404
v -0.0018499083817005157 -0.0033500250428915024 0.0085221314802765846
v -0.0020578117109835148 -0.0032309507951140404 0.0086656277999281883
v -0.0025734133087098598 -0.0028399876318871975 0.0084779420867562294
v -0.0028055440634489059 -0.0026188027113676071 0.0086170472204685211
v -0.0031389014329761267 -0.0022355476394295692 0.0084326472133398056
v -0.0032880643848329782 -0.0020202591549605131 0.0085761705413460732
v -0.0036872925702482462 -0.0012160524493083358 0.0083784023299813271
v -0.0037323394790291786 -0.0010707927867770195 0.0085199084132909775
v -0.0039020106196403503 -0.00023261939350049943 0.0080001140013337135
v -0.0038934354670345783 -2.4640776246087626e-05 0.0083130244165658951
v -0.0037946666125208139 -0.00073933339444920421 0.0083419997245073318
v -0.0038463335949927568 -0.00043700000969693065 0.0083259996026754379
v -0.0038768271915614605 -0.00033340422669425607 0.0084861507639288902
v -0.0038650000933557749 -0.00037900000461377203 0.008322499692440033
v -0.0038780001923441887 -0.00020766668603755534 0.0083156675100326538
v -0.0038299998268485069 -0.00054799998179078102 0.0083185005933046341
v -0.0037718045059591532 -0.00080381170846521854 0.0083231553435325623
v -0.0036531516816467047 -0.0013070296263322234 0.0080001363530755043
v -0.0036114153917878866 -0.0014133745571598411 0.0083115249872207642
v -0.0032026865519583225 -0.002137552946805954 0.0079999975860118866
v -0.0031201711390167475 -0.0022509198170155287 0.0083135552704334259
v -0.0026289448142051697 -0.0027991433162242174 0.0080000022426247597
v -0.002542771166190505 -0.0028744398150593042 0.0083135869354009628
v -0.001938866451382637 -0.0032918811775743961 0.0080000096932053566
v -0.0016751232324168086 -0.0034357609692960978 0.0083124665543437004
v -0.0011433826293796301 -0.0036406735889613628 0.0080000059679150581
v -0.00085716752801090479 -0.0037091888953000307 0.0083127692341804504
v -0.00012312539911363274 -0.0038064364343881607 0.007999996654689312
v 0.00016317958943545818 -0.0038121882826089859 0.0083135105669498444
v 0.0007193366764113307 -0.003730962285771966 0.0080000041052699089
v 0.0011828457936644554 -0.0036110102664679289 0.008312668651342392
v 0.0015514760743826628 -0.0034780683927237988 0.0080000059679150581
v 0.0021143248304724693 -0.0031827446073293686 0.008313213475048542
v 0.0022875142749398947 -0.003044564975425601 0.0079999994486570358
v 0.0029227053746581078 -0.0024664164520800114 0.0080000096932053566
v 0.002888981718569994 -0.0024947733618319035 0.0083132600411772728
v 0.0034702292177826166 -0.0016621942631900311 0.0083131249994039536
v 0.0034020431339740753 -0.0017619815189391375 0.0079999985173344612
v 0.0037821175064891577 -0.00079755409387871623 0.0079999994486570358
v 0.0037925192154943943 -0.00067609583493322134 0.0083125391975045204
v 0.0038723309990018606 0.00017650991503614932 0.0083130700513720512
v 0.0038611872587352991 0.00039072951767593622 0.0080000078305602074
v 0.0036669925320893526 0.0013612007023766637 0.0083127925172448158
v 0.0036416964139789343 0.0014060655375942588 0.0080000106245279312
v 0.003163493238389492 0.0023221042938530445 0.0079999854788184166
v 0.003087545046582818 0.0024264762178063393 0.0083130644634366035
v 0.0023308361414819956 0.0031949295662343502 0.0079999798908829689
v 0.0023686955682933331 0.003154051024466753 0.0083127617835998535
v 0.0016397805884480476 0.0035942837130278349 0.0083148516714572906
v 0.0012691135052591562 0.0037532469723373652 0.0079999919980764389
v 0.00065711926436051726 0.0039214380085468292 0.0083130728453397751
v 8.9138753537554294e-05 0.0039792768657207489 0.0079999919980764389
v -0.00055401946883648634 0.0039341459050774574 0.0083138188347220421
v -0.0010968768037855625 0.0038181631825864315 0.0079999938607215881
v -0.0017089508473873138 0.0035932837054133415 0.0083119170740246773
v -0.0018813773058354855 0.0034878237638622522 0.0080000003799796104
v -0.0025738978292793036 0.0030101432930678129 0.0080000050365924835
v -0.0026260144077241421 0.0029562790878117085 0.0083098448812961578
v -0.0032410488929599524 0.0022589387372136116 0.0079999687150120735
v -0.0030421889387071133 0.0025228657759726048 0.0083233015611767769
v -0.0037583496887236834 0.0011747063836082816 0.0079999789595603943
v -0.0035898624919354916 0.0016259136609733105 0.008379809558391571
v -0.0038734502159059048 0.00056674180086702108 0.0084401695057749748
v -0.0007879130425862968 0.003095083637163043 0.025078220292925835
v -0.0017924108542501926 0.0032453904859721661 0.025442469865083694
v 0.00021356344223022461 0.0031723827123641968 0.025009356439113617
v 0.0026468639262020588 0.0016796707641333342 0.024818224832415581
v 0.0029901501256972551 0.0008357895421795547 0.02475995197892189
v -0.0010797105496749282 -0.0028310650959610939 0.024330921471118927
v -0.0030196660663932562 0.00088636472355574369 0.024040788412094116
v -0.0026054817717522383 0.0017846025293692946 0.023970507085323334
v -0.00060386612312868237 0.003120519919320941 0.023814534768462181
v 0.00014862306124996394 0.0031814677640795708 0.023765170946717262
v 0.0030042575672268867 0.00077209027949720621 0.023506458848714828
v 0.0019410675158724189 -0.0023260654415935278 0.023283176124095917
v 0.0010424226056784391 -0.0028396514244377613 0.023219054564833641
v -0.001973866717889905 -0.0023343914654105902 0.023020908236503601
v -0.0030549082439392805 0.00068890047259628773 0.022798251360654831
v -0.0027936166152358055 0.0014554011868312955 0.022747065871953964
v -0.00232133106328547 0.0021578955929726362 0.022692801430821419
v 0.00023204468016047031 0.003166611772030592 0.022507181391119957
v 0.00085889757610857487 0.0030544751789420843 0.022467013448476791
v 0.0030808527953922749 0.00020679431327152997 0.022222632542252541
v 0.0014556933892890811 -0.0026405781973153353 0.022001635283231735
v 0.00083483918569982052 -0.002897308673709631 0.021956760436296463
v -3.2785359508125111e-05 -0.0030208306852728128 0.021894313395023346
v -0.0020274752750992775 -0.0022760001011192799 0.021761594340205193
v -0.002645683940500021 -0.0015683663077652454 0.021696841344237328
v -0.0022085565142333508 0.0022682223934680223 0.021430881693959236
v 0.0012308510486036539 0.0029217535629868507 0.021192871034145355
v 0.0018926875200122595 0.0025201127864420414 0.021145181730389595
v 0.0030767738353461027 -0.0001131068347604014 0.020952021703124046
v 0.0029708663932979107 -0.00072827812982723117 0.020910449326038361
v 0.0027518267743289471 -0.00130700774025172 0.020869934931397438
v 0.00094203907065093517 -0.0028713576029986143 0.020712656900286674
v 0.00016800325829535723 -0.0030067218467593193 0.020660979673266411
v -0.0005783514934591949 -0.0029679569415748119 0.020609194412827492
v -0.0028396900743246078 -0.0011968855978921056 0.02042071521282196
v -0.0030557923018932343 -0.0005082969437353313 0.020376162603497505
v -0.0018931485246866941 0.0025508131366223097 0.020155545324087143
v -0.001258092699572444 0.0029163318686187267 0.020109681412577629
v 0.0017732578562572598 0.0026195801328867674 0.019904648885130882
v 0.0025599286891520023 0.0018233290174975991 0.019831232726573944
v 0.0029903720133006573 -0.00067279784707352519 0.019666152074933052
v 0.0027682196814566851 -0.0012685845140367746 0.019622353836894035
v 0.002430369146168232 -0.0018196210730820894 0.019578402861952782
v 0.00023856034385971725 -0.0030068173073232174 0.019417140632867813
v -0.00041541055543348193 -0.00298661133274436 0.019372910261154175
v -0.0010599411325529218 -0.0028370288200676441 0.019331401214003563
v -0.0030809419695287943 -0.00039109843783080578 0.019119175150990486
v -0.0030952398665249348 0.00040042935870587826 0.01906941831111908
v -0.0015137408627197146 0.0027956133708357811 0.018878556787967682
v -0.00091539835557341576 0.0030435114167630672 0.018835505470633507
v -0.00018216634634882212 0.0031798344571143389 0.018781969323754311
v 0.0022621387615799904 0.0021848476026207209 0.018611304461956024
v 0.0026498816441744566 0.001654827268794179 0.018567871302366257
v 0.0029500953387469053 0.00098924862686544657 0.018519291654229164
v 0.0025761458091437817 -0.0016209498280659318 0.018346531316637993
v 0.002164286095649004 -0.002114815404638648 0.018304737284779549
v -0.00080170651199296117 -0.0029188229236751795 0.018100110813975334
v -0.0031168654095381498 0.00030878992401994765 0.017826041206717491
v -0.00079286121763288975 0.0030811415053904057 0.017577698454260826
v 0.00015186543168965727 0.0031859760638326406 0.017514366656541824
v 0.002522448543459177 0.0018523917533457279 0.017333716154098511
v 0.0028472892008721828 0.0012707598507404327 0.017288887873291969
v 0.0020336250308901072 -0.0022442888002842665 0.017043611034750938
v 0.0015086417552083731 -0.0026115430518984795 0.017005357891321182
v -0.0016092282021418214 -0.002581155626103282 0.016795285046100616
v -0.0030639369506388903 0.00065566913690418005 0.016553970053792
v -0.0027911062352359295 0.001471460796892643 0.016494344919919968
v -0.00032260155421681702 0.0031618876382708549 0.016295056790113449
v 0.00041171640623360872 0.0031557334586977959 0.016246510669589043
v 0.0029403232038021088 0.0010133417090401053 0.016022453084588051
v 0.0030872705392539501 0.00018509317305870354 0.015972563996911049
v 0.0015086764469742775 -0.0026202884037047625 0.015758069232106209
v 0.00083490181714296341 -0.0028931901324540377 0.015707124024629593
v -0.0021806980948895216 -0.0021519649308174849 0.015503338538110256
v -0.0027033225633203983 -0.001452560187317431 0.01544034481048584
v -0.0029072980396449566 0.0011993522057309747 0.015263753011822701
v -0.0024898014962673187 0.0019578232895582914 0.015210488811135292
v 0.00072128814645111561 0.003097140695899725 0.014978993684053421
v 0.001426021452061832 0.0028212436009198427 0.014930646866559982
v 0.0030747705604881048 0.00036456115776672959 0.014731105417013168
v 0.0030295273754745722 -0.00049101607874035835 0.014677680097520351
v 0.00086621305672451854 -0.002899685176089406 0.014460799284279346
v -0.00011991854989901185 -0.0030147547367960215 0.014392233453691006
v -0.002221318194642663 -0.002095359843224287 0.014242495410144329
v -0.0027840826660394669 -0.0013251361669972539 0.014180948026478291
v -0.002259762492030859 0.002213301369920373 0.01393562089651823
v -0.0017670230008661747 0.0026376433670520782 0.013896274380385876
v 0.0015094330301508307 0.002784905256703496 0.013672922737896442
v 0.0030903606675565243 1.929625250340905e-05 0.013461938127875328
v 0.002926576416939497 -0.00088980828877538443 0.013399146497249603
v 0.0025951000861823559 -0.0015869088238105178 0.01334836520254612
v 0.00028293803916312754 -0.0030035101808607578 0.013169793412089348
v -0.00050067243864759803 -0.0029778298921883106 0.013118326663970947
v -0.0029011943843215704 -0.0010692799696698785 0.012911628931760788
v -0.0031006024219095707 -0.00020157569088041782 0.012857431545853615
v -0.0014297721209004521 0.0028430328238755465 0.012619688175618649
v 0.001760285347700119 0.0026161409914493561 0.012405779212713242
v 0.0022229938767850399 0.0022217854857444763 0.012364888563752174
v 0.0027598971500992775 -0.0013089972781017423 0.012120466679334641
v 0.0022740745916962624 -0.0020024937111884356 0.012065247632563114
v -0.00014139854465611279 -0.0030100757721811533 0.011890553869307041
v -0.0009166722884401679 -0.0028881647158414125 0.011838993057608604
v -0.0031180523801594973 -2.6611882276483811e-05 0.011594300158321857
v -0.0011105150915682316 0.0029874884057790041 0.011345888487994671
v -0.00022602510580327362 0.0031732558272778988 0.011287822388112545
v 0.0017249796073883772 0.0026657141279429197 0.011163351126015186
v 0.0023608636111021042 0.0020637360867112875 0.011101480573415756
v 0.0027677514590322971 0.0014509557513520122 0.011053131893277168
v 0.0024188663810491562 -0.0018375698709860444 0.01082837488502264
v 0.0018206851091235876 -0.002416935283690691 0.010778555646538734
v -0.0010424075881019235 -0.0028433150146156549 0.010584225878119469
v -0.0017873009201139212 -0.0024641330819576979 0.010531800799071789
v -0.0031157918274402618 0.00025611030287109315 0.01032597292214632
v -0.0029108014423400164 0.0011963954893872142 0.010265008546411991
v -0.0013954188907518983 0.0028652132023125887 0.010120851919054985
v -0.00027609188691712916 0.0031805562321096659 0.010039076209068298
v 0.00073597062146291137 0.0030877070967108011 0.0099742673337459564
v 0.0028564273379743099 0.0012506032362580299 0.0097875362262129784
v 0.0030634361319243908 0.00045380592928268015 0.0097387116402387619
v 0.0021269442513585091 -0.0021532296668738127 0.0095520485192537308
v 0.0016555557958781719 -0.0025248301681131124 0.0095140645280480385
v -0.0017781094647943974 -0.0024693997111171484 0.0092820459976792336
v -0.0030637106392532587 0.00065829651430249214 0.0090543292462825775
v -0.0028382132295519114 0.0013584827538579702 0.0090041058138012886
v -0.00047934611211530864 0.0031466060318052769 0.0088049136102199554
v 0.00021449460473377258 0.0031693535856902599 0.0087596569210290909
v 0.00088949000928550959 0.0030479719862341881 0.0087170572951436043
v -0.002138121984899044 -0.0029545819852501154 0.0083911251276731491
v 0.0028447711374610662 -0.0017615954857319593 0.0085227368399500847
v 0.003190286923199892 -0.00083860137965530157 0.0085484348237514496
v -0.0032091483008116484 -0.0011314174626022577 0.025595949962735176
v -0.0030792015604674816 -0.00047701541916467249 0.025375356897711754
v -0.0023815373424440622 0.002784012584015727 0.025463476777076721
v 0.003466819878667593 0.0017778974724933505 0.025262881070375443
v 0.0030102611053735018 0.0024546633940190077 0.025285786017775536
v 0.0021595715079456568 0.0032005289103835821 0.025318745523691177
v 0.0011586170876398683 0.003646553959697485 0.025350991636514664
v 0.00027038823463954031 0.003790662158280611 0.025375589728355408
v -0.00082518678391352296 0.0036725664976984262 0.025410069152712822
v -0.0028497444000095129 0.0022494751028716564 0.025484712794423103
v -0.0032901202794164419 0.0013899459736421704 0.025511449202895164
v -0.0034999540075659752 8.8926390162669122e-05 0.025559250265359879
v -0.0030589839443564415 0.00071992760058492422 0.025297261774539948
v -0.0027166444342583418 -0.0014379351632669568 0.025437574833631516
v -0.0021064181346446276 -0.0022204411216080189 0.025504576042294502
v -0.0027054715901613235 -0.0019566225819289684 0.025626929476857185
v -0.002080635167658329 -0.0025269170291721821 0.025655766949057579
v -0.001317983609624207 -0.0029481281526386738 0.02568524144589901
v -0.0011709274258464575 -0.0028011456597596407 0.025576716288924217
v -0.0001778470614226535 -0.0031606827396899462 0.025721844285726547
v -0.00023152100038714707 -0.0030103046447038651 0.025633865967392921
v 0.00071664171991869807 -0.0029381616041064262 0.025699112564325333
v 0.0017369233537465334 -0.0024964392650872469 0.025779653340578079
v 0.0011257183505222201 -0.0028995489701628685 0.025770016014575958
v 0.0021972970571368933 -0.0020953610073775053 0.025813879445195198
v 0.0022352058440446854 0.0022685413714498281 0.0086357519030570984
v 0.002772526117041707 0.0016154708573594689 0.0086127938702702522
v 0.0031209732405841351 0.00088097917614504695 0.0085917217656970024
v 0.0032700418960303068 -2.0359839254524559e-05 0.0085686109960079193
v 0.002027502516284585 -0.0027430250775068998 0.0084958430379629135
v 0.0010708700865507126 -0.0032689266372472048 0.0084672151133418083
v 0.00011094086949015036 -0.0035065780393779278 0.0084427995607256889
v -0.0011468231678009033 -0.0033964677713811398 0.008414827287197113
v -0.0029078074730932713 -0.0023251997772604227 0.0083680935204029083
v -0.0034082969650626183 -0.0016342138405889273 0.0083484072238206863
v -0.0038010000716894865 -0.00062000000616535544 0.0083250002935528755
v -0.0013853710843250155 0.0028705121949315071 0.0088705141097307205
v -0.0024513634853065014 0.0019969125278294086 0.0089543238282203674
v -0.0031100164633244276 -5.5229238569154404e-06 0.0090959630906581879
v -0.0024085259065032005 -0.0018927855417132378 0.0092267431318759918
v 0.00010173492773901671 -0.0030210549011826515 0.0094045251607894897
v 0.0010055331513285637 -0.0028439355082809925 0.0094668380916118622
v 0.0025618390645831823 -0.0016415499849244952 0.009593375027179718
v 0.0029255608096718788 -0.0008945486624725163 0.0096508404240012169
v 0.0030556085985153913 -0.00029551566694863141 0.0096907978877425194
v 0.0025239137466996908 0.0018508161883801222 0.009833107702434063
v -0.0030213454738259315 -0.00067368632880970836 0.010385428555309772
v -0.002386314095929265 -0.0019097394542768598 0.010477262549102306
v 0.0030787645373493433 -0.00010615148494252935 0.010953163728117943
v -0.0029085311107337475 -0.0010486525716260076 0.011656666174530983
v -0.0023453584872186184 -0.0019722995348274708 0.011730126105248928
v -0.0016895878361538053 -0.002522854832932353 0.011787759140133858
v 0.00063404260436072946 -0.0029568681493401527 0.011943899095058441
v 0.001670091412961483 -0.0025262408889830112 0.012018647044897079
v 0.0030456397216767073 -0.00040086274384520948 0.012184250168502331
v 0.0027567241340875626 0.0014862408861517906 0.012303982861340046
v 8.1972313637379557e-05 0.00318352528847754 0.0125172333791852
v -0.0023113060742616653 0.0021832471247762442 0.012689652852714062
v -0.0030642289202660322 0.00066294759744778275 0.012801047414541245
v -0.0024166754446923733 -0.0018780018435791135 0.012974628247320652
v -0.0019397560972720385 -0.0023425298277288675 0.01301929634064436
v 0.0012728582369163632 -0.002751191146671772 0.013238964602351189
v 0.0021415594965219498 -0.0021401641424745321 0.013302136212587357
v 0.0021224028896540403 0.0023190255742520094 0.013624542392790318
v 0.0007732342928647995 0.0030744720716029406 0.013723284937441349
v -0.0026679337024688721 0.001686418429017067 0.013979050330817699
v -0.003039088100194931 0.00080448086373507977 0.014045257121324539
v -0.00015739066293463111 0.0031792889349162579 0.015033988282084465
v -0.0030747319106012583 0.00055560813052579761 0.015309305861592293
v -0.0013369546504691243 -0.0027217227034270763 0.015563483349978924
v -0.00073372706538066268 -0.0029279435984790325 0.01560234185308218
v 0.0021054865792393684 -0.0021715469192713499 0.015799745917320251
v 0.0025524089578539133 0.0018291820306330919 0.016080031171441078
v 0.0019064530497416854 0.0025130449794232845 0.016143552958965302
v -0.00097636127611622214 0.003029349260032177 0.016338571906089783
v -0.0031065132934600115 -0.00015118111332412809 0.016604313626885414
v -0.0026198620907962322 -0.0015979697927832603 0.016700131818652153
v -0.0022180434316396713 -0.0020924713462591171 0.016742974519729614
v -0.00081608782056719065 -0.0029126473236829042 0.016846278682351112
v 0.00094452226767316461 -0.0028627417050302029 0.016964158043265343
v 0.0025558664929121733 -0.0016492613358423114 0.017092155292630196
v 0.0028579952195286751 -0.0010663636494427919 0.017137588933110237
v 0.0020898315124213696 0.0023582212161272764 0.017377231270074844
v 0.0015510310186073184 0.002751228166744113 0.01742188073694706
v -0.0023139598779380322 0.0021607822272926569 0.017689604312181473
v -0.0030181985348463058 -0.00068939791526645422 0.017885986715555191
v -0.0037054994609206915 -0.0011343815131112933 0.018368940800428391
v -0.0026833019219338894 -0.0015024536987766623 0.017942517995834351
v -0.0015601395862177014 -0.0026077898219227791 0.018048739060759544
v -7.2943230406963266e-06 -0.0030172164551913738 0.018149718642234802
v 0.0016162829706445336 -0.0025554394815117121 0.018263000994920731
v 0.0016386568313464522 0.0027032655198127031 0.018666062504053116
v 0.00078101037070155144 0.003082202048972249 0.018721424043178558
v -0.002132968045771122 0.0023427533451467752 0.01892220601439476
v -0.0029204664751887321 0.0011706982040777802 0.019015802070498466
v 0.0010131946764886379 -0.0028414845000952482 0.019470265135169029
v 0.001812649192288518 -0.0024240214843302965 0.019526230171322823
v 0.0030829203315079212 0.00012208086263854057 0.019717300310730934
v 0.00095103721832856536 0.0030267075635492802 0.01996164582669735
v -0.00060728919925168157 0.0031263527926057577 0.020062290132045746
v -0.0025725385639816523 0.0018470610957592726 0.020216522738337517
v -0.0030073313973844051 0.00090522185200825334 0.020284097641706467
v -0.0031113289296627045 0.00011106361489510164 0.020338181406259537
v -0.0024882829748094082 -0.0017793088918551803 0.020466156303882599
v -0.0013848437229171395 -0.0026986559387296438 0.020559811964631081
v 0.0017801325302571058 -0.0024467380717396736 0.020775750279426575
v 0.003026254940778017 0.00067127664806321263 0.021000238135457039
v 0.0023718338925391436 0.0020549197215586901 0.021098829805850983
v 0.00053968245629221201 0.003126565832644701 0.021237891167402267
v -0.00016076712927315384 0.0031801233999431133 0.021284123882651329
v -0.001726260525174439 0.0026627776678651571 0.021394236013293266
v -0.0027311784215271473 0.0015901443548500538 0.021484363824129105
v -0.0030886416789144278 0.00055782467825338244 0.021558212116360664
v -0.0030642370693385601 -0.00053093751193955541 0.021626824513077736
v -0.001485142856836319 -0.0026410103309899569 0.021804135292768478
v 0.0019908752292394638 -0.0022794131655246019 0.022039663046598434
v 0.0029225295875221491 0.0010865856893360615 0.022276498377323151
v 0.0024008944164961576 0.0020326762460172176 0.022346470504999161
v -0.0015508531359955668 0.0027815438807010651 0.022629739716649055
v -0.0030972340609878302 -0.00033646175870671868 0.022867891937494278
v -0.0027301483787596226 -0.0014317379100248218 0.022938558831810951
v -0.00045234995195642114 -0.0029819742776453495 0.023119747638702393
v 0.0021114565897732973 0.0023378466721624136 0.023626793175935745
v 0.00088995537953451276 0.0030410736799240112 0.023716205731034279
v -0.0012161162449046969 0.0029404473025351763 0.023854892700910568
v -0.0030991802923381329 -0.00028374383691698313 0.024113871157169342
v -0.0018421737477183342 -0.0024271609727293253 0.024274157360196114
v 0.0018811245681717992 -0.0023809613194316626 0.024534044787287712
v 0.0024818428792059422 -0.0017463037511333823 0.024586146697402
v 0.0028768638148903847 -0.0010498212650418282 0.024640867486596107
v 0.003087600227445364 -2.3282269467017613e-05 0.024707108736038208
v 0.0014987483154982328 0.0027764127589762211 0.0086625181138515472
v -0.00199876818805933 0.0024570028763264418 0.0089145936071872711
v -0.0030208805110305548 -0.00067389733158051968 0.0091363918036222458
v -0.0028151888400316238 -0.0012369432952255011 0.0091730384156107903
v -0.00091234617866575718 -0.0028912608977407217 0.0093423770740628242
v 0.0019793561659753323 0.0024639929179102182 0.0098906597122550011
v 0.0013114175526425242 0.0028769839555025101 0.0099389525130391121
v -0.0020420737564563751 0.0024210750125348568 0.010167536325752735
v -0.0024886529427021742 0.0019486136734485626 0.01020808145403862
v -0.0027327083516865969 -0.0014028220903128386 0.01043598260730505
v -0.00014013718464411795 -0.0030187144875526428 0.010639582760632038
v 0.00091301824431866407 -0.0028835840057581663 0.010709936730563641
v 0.0028880636673420668 -0.0010215528309345245 0.010888481512665749
v 0.0030248807743191719 0.00067380152177065611 0.011001668870449066
v 0.00064131472026929259 0.0031127659603953362 0.011229350231587887
v -0.0020231981761753559 0.0024525965563952923 0.011415212415158749
v -0.0027117079589515924 0.0016263542929664254 0.011479951441287994
v -0.0030258505139499903 0.00081011612201109529 0.011540982872247696
v 0.0030580954626202583 0.00051017053192481399 0.012244394049048424
v 0.0010758882854133844 0.0029889019206166267 0.012453336268663406
v -0.00073367811273783445 0.0030937409028410912 0.012572402134537697
v -0.0028391815721988678 0.0013497263425961137 0.012753304094076157
v -0.0013295488897711039 -0.002728248480707407 0.013064870610833168
v 0.002955231349915266 0.00096956000197678804 0.013518613763153553
v 0.002606116933748126 0.0017408834537491202 0.013576309196650982
v 0.00010432791896164417 0.0031801788136363029 0.013765581883490086
v -0.00090350810205563903 0.0030630631372332573 0.013831493444740772
v -0.0031024585478007793 -0.00028894888237118721 0.014115696772933006
v -0.0014951045159250498 -0.0026464725378900766 0.014300563372671604
v -0.00077764893649145961 -0.0029184389859437943 0.014349944889545441
v 0.0019275288796052337 -0.0023421735968440771 0.014536899514496326
v 0.0024474016390740871 -0.0017918165540322661 0.014582082629203796
v 0.0027796179056167603 -0.0012570038670673966 0.014621996320784092
v 0.0028737997636198997 0.0012014980893582106 0.014784866012632847
v 0.0024754139594733715 0.001925612916238606 0.014838795177638531
v 0.0019691442139446735 0.0024590331595391035 0.014890074729919434
v -0.00095001718727871776 0.0030378010123968124 0.015087166801095009
v -0.0017647868953645229 0.0026472015306353569 0.015148336999118328
v -0.0031089233234524727 -0.00012473879905883223 0.015353814698755741
v -0.0029639794956892729 -0.00087293441174551845 0.015399981290102005
v 6.7610912083182484e-05 -0.0030222085770219564 0.015655923634767532
v 0.0025550923310220242 -0.0016506802057847381 0.015843790024518967
v 0.002952351002022624 -0.00083278468810021877 0.015906315296888351
v 0.001243979437276721 0.0029124254360795021 0.01619451679289341
v -0.0018159046303480864 0.0026123553980141878 0.016400346532464027
v -0.0023617055267095566 0.002099653473123908 0.016445335000753403
v -0.0029503810219466686 -0.00091347011039033532 0.016651114448904991
v 0.00011518123938003555 -0.0030209696851670742 0.016907757148146629
v 0.0030437668319791555 -0.00041317185969091952 0.017180370166897774
v 0.0030637709423899651 0.00044954963959753513 0.017238963395357132
v 0.00099423632491379976 0.0030095723923295736 0.017457567155361176
v -0.0016180906677618623 0.0027434676885604858 0.017634252086281776
v -0.0028292832430452108 0.0013957627816125751 0.017750144004821777
v -0.0021957564167678356 -0.0021179008763283491 0.017996100708842278
v 0.00083168200217187405 -0.0028989335987716913 0.018207421526312828
v 0.0029332570265978575 -0.00087252544471994042 0.018402278423309326
v 0.0030897450633347034 6.3966072048060596e-05 0.018465494737029076
v -0.0025718517135828733 0.0018280587391927838 0.018967596814036369
v -0.0027813105843961239 -0.0013327868655323982 0.01917891763150692
v -0.0021945878397673368 -0.0021224378142505884 0.019248019903898239
v -0.0017027169233188033 -0.0025115713942795992 0.019287969917058945
v 0.0029640351422131062 0.00093251274665817618 0.019765859469771385
v 0.00019378533761482686 0.0031719612888991833 0.020010361447930336
v -0.0020497567020356655 -0.0022561955265700817 0.020508240908384323
v 0.0023621392901986837 -0.0019064703956246376 0.020824305713176727
v 0.0027711584698408842 0.0014385746326297522 0.021049465984106064
v -0.0010093864984810352 0.0030216185841709375 0.02134048193693161
v -0.00086660758825019002 -0.0028977110050618649 0.021842567250132561
v 0.0025308153126388788 -0.0016847666120156646 0.022091422230005264
v 0.0029697490390390158 -0.00079100730363279581 0.022158326581120491
v 0.0016403961926698685 0.0027059111744165421 0.022415775805711746
v -0.00054288911633193493 0.0031429736409336329 0.022556545212864876
v -0.0011096829548478127 -0.0028172701131552458 0.023078707978129387
v 0.00015579928003717214 -0.0030106031335890293 0.023160975426435471
v 0.0025518944021314383 -0.0016548860585317016 0.023343265056610107
v 0.0029035231564193964 -0.00095807132311165333 0.023395225405693054
v 0.0030865597072988749 -6.1915641708765179e-05 0.02345750667154789
v 0.0026844555977731943 0.0016173911280930042 0.023562217131257057
v 0.0014669467927888036 0.0028028448577970266 0.023679519072175026
v -0.0020048362202942371 0.0024648276157677174 0.023913044482469559
v -0.0028278911486268044 -0.0012289151782169938 0.024170663207769394
v -0.0024189087562263012 -0.0018716889899224043 0.024224452674388885
v -0.00028054136782884598 -0.0030068326741456985 0.024382824078202248
v 0.00036272100987844169 -0.0029894981998950243 0.024424115195870399
v 0.0010191180044785142 -0.002839445136487484 0.024469843134284019
v 0.0019794383551925421 0.0024623374920338392 0.024887189269065857
v 0.0010592009639367461 0.002993683097884059 0.024955520406365395
v -0.0017300941981375217 0.0026640268042683601 0.025143194943666458
v -0.0023875180631875992 0.0020812018774449825 0.025197729468345642
v -0.0027718960773199797 0.00149135896936059 0.025243276730179787
v -0.0003973271232098341 -0.0030024629086256027 0.025466788560152054
v -0.0021038556005805731 0.0023728369269520044 0.025016704574227333
v -0.0014930095057934523 0.0028085506055504084 0.024969860911369324
v 0.0018029133789241314 0.0025856364518404007 0.024746939539909363
v 0.0022802308667451143 0.0021668344270437956 0.024702975526452065
v 0.0028429459780454636 -0.0011262928601354361 0.024478042498230934
v 0.0023106860462576151 -0.0019805082120001316 0.024409301578998566
v -0.00063389167189598083 -0.0029529109597206116 0.024203594774007797
v -0.0011988194892182946 -0.0027790511958301067 0.024166889488697052
v -0.0031202603131532669 2.0999023035983555e-05 0.023937994614243507
v -0.0029917457140982151 0.00094712281133979559 0.02387620136141777
v -0.0010283479932695627 0.003015309339389205 0.023688064888119698
v -0.00016303741722367704 0.0031784886959940195 0.023627543821930885
v 0.0025735117960721254 0.0017767305253073573 0.023421162739396095
v 0.0029225395992398262 0.0010879604378715158 0.023370256647467613
v 0.0018707108683884144 -0.0023707589134573936 0.023126173764467239
v -0.0015015862882137299 -0.0026327639352530241 0.022896833717823029
v -0.0024859672412276268 -0.0017817016923800111 0.022810302674770355
v -0.0029367858078330755 0.0011354638263583183 0.022613689303398132
v -0.0024315288756042719 0.002035756129771471 0.022544268518686295
v 0.00031085705268196762 0.0031690734904259443 0.022347327321767807
v 0.0030739523936063051 0.00026046138373203576 0.022070048376917839
v 0.0029360288754105568 -0.00084726221393793821 0.020747026428580284
v -0.0002146566694136709 -0.0030165400821715593 0.020481778308749199
v -0.0030815671198070049 -0.00036726644611917436 0.020212875679135323
v -0.0031054811552166939 0.00026809863629750907 0.020171692594885826
v 0.0022626176942139864 0.0021871519275009632 0.019709570333361626
v -0.0027815820649266243 0.0014808191917836666 0.01883784681558609
v 0.0010566874407231808 0.0029856828041374683 0.018549386411905289
v 0.0030831971671432257 0.00020952170598320663 0.018316242843866348
v 0.0030196290463209152 -0.00052059785230085254 0.018269436433911324
v 0.0014929391909390688 -0.0026252218522131443 0.018097886815667152
v 0.00090423249639570713 -0.0028733189683407545 0.018055463209748268
v 0.00014956445374991745 -0.0030223189387470484 0.018002977594733238
v -0.0023811925202608109 0.0020940029062330723 0.017538892105221748
v -0.0018160156905651093 0.0026001932565122843 0.017493842169642448
v 0.0021895102690905333 0.0022732384968549013 0.017212141305208206
v 0.0027917046099901199 -0.0012266630074009299 0.016970174387097359
v 0.0024033815134316683 -0.0018579484894871712 0.016920087859034538
v -0.00069971074117347598 -0.002947480883449316 0.016698246821761131
v -0.0031103757210075855 8.44141686684452e-06 0.016438649967312813
v -0.0030563925392925739 0.00068689783802255988 0.016393648460507393
v -0.0013177610235288739 0.0029017848428338766 0.016209105029702187
v -0.00044308655196800828 0.0031526891980320215 0.016146149486303329
v 0.0027029919438064098 0.0015607469249516726 0.015904501080513
v 0.0024465662427246571 -0.0018125217175111175 0.01567528210580349
v 0.0018007332691922784 -0.0024314315523952246 0.015619231387972832
v -0.0013220830587670207 -0.0027319437358528376 0.015408318489789963
v -0.002129298634827137 -0.0021957154385745525 0.015346810221672058
v -0.0030654233414679766 0.00060895166825503111 0.015149272978305817
v -0.0028934946749359369 0.0012330032186582685 0.015106051228940487
v -0.0025883244816213846 0.0018031737999990582 0.015062610618770123
v 0.00052781729027628899 0.00313984090462327 0.014830742031335831
v 0.0030730138532817364 0.00026721981703303754 0.014571031555533409
v 0.0016146870329976082 -0.0025593317113816738 0.014357287436723709
v -0.0024461776483803988 -0.0018401809502393007 0.014065439812839031
v -0.0028999915812164545 -0.0010705046588554978 0.014005038887262344
v 0.0024173115380108356 0.0019944794476032257 0.012189660221338272
v -0.0012496596900746226 -0.0027668352704495192 0.011666717939078808
v -0.0030109942890703678 0.00086029752856120467 0.01138225756585598
v -0.0027959088329225779 0.001450876472517848 0.011340496130287647
v 0.0030842353589832783 0.00017178397683892399 0.010814154520630836
v 0.0011707805097103119 -0.0027762970421463251 0.010574652813374996
v -0.0021280404180288315 0.0023500926326960325 0.010017797350883484
v 0.0011745936935767531 0.0029457597993314266 0.0097921257838606834
v 0.0017742215422913432 0.0026077940128743649 0.0097485864534974098
v 0.0022904074285179377 0.0021530946251004934 0.0097023947164416313
v 0.0028582427185028791 -0.0010666722664609551 0.0094807520508766174
v 0.0025693867355585098 -0.0016319380374625325 0.00943765789270401
v -0.00048109251656569541 -0.0029767882078886032 0.0092126838862895966
v -0.0030072818044573069 -0.0007488104747608304 0.0089866947382688522
v -0.0031103354413062334 2.8453646905290952e-07 0.0089390501379966736
v 0.00064826005836948752 -0.002953558461740613 0.025535488501191139
v -0.0026230239309370518 -0.0015885074390098453 0.025295870378613472
v -0.0029969487804919481 -0.00078721437603235245 0.025235489010810852
v -0.002736077643930912 0.0015584515640512109 0.023831510916352272
v -0.0020399466156959534 -0.0022645227145403624 0.022856317460536957
v 0.0030313530005514622 -0.00052483996842056513 0.022019041702151299
v 0.0012698267819359899 -0.0027380639221519232 0.021831464022397995
v 0.00039154425030574203 -0.0029959967359900475 0.021773489192128181
v -0.00054277811432257295 -0.0029728012159466743 0.021708497777581215
v -0.0026811813004314899 -0.0014899625675752759 0.021536765620112419
v -0.0029469747096300125 -0.00092345610028132796 0.021497469395399094
v -0.0018025992903858423 0.00260930135846138 0.02124321460723877
v 0.0018091268138960004 0.0025948381517082453 0.020996017381548882
v 0.0024688192643225193 0.0019353777170181274 0.020932838320732117
v 0.002634009812027216 -0.0015357346273958683 0.020694360136985779
v -0.001079037319868803 -0.0028295621741563082 0.020424908027052879
v -0.00096117798238992691 0.0030332924798130989 0.019930580630898476
v -5.5309650633716956e-05 0.0031885984353721142 0.019871486350893974
v 0.0027001085691154003 0.0015646176179870963 0.019654398784041405
v 0.0029423700179904699 0.0010033545549958944 0.019615774974226952
v 0.0022997639607638121 -0.0019780902657657862 0.019410580396652222
v 0.0017628875793889165 -0.0024541637394577265 0.019367774948477745
v 0.00098962883930653334 -0.0028568643610924482 0.019312603399157524
v -0.0019169270526617765 -0.0023713894188404083 0.019116412848234177
v -0.002569995354861021 -0.001676344545558095 0.019051272422075272
v -0.0030772683676332235 0.00060533860232681036 0.01889902725815773
v -0.0022441134788095951 0.0022477628663182259 0.018774103373289108
v 0.00037358934059739113 0.0031594941392540932 0.018593480810523033
v -0.0023589595220983028 -0.0019566668197512627 0.017822485417127609
v -0.0029004903044551611 -0.0010687242029234767 0.017758060246706009
v 0.0014510706532746553 0.0028120381757616997 0.017271401360630989
v 0.0030357681680470705 -0.0004703085869550705 0.017023133113980293
v 0.0022579545620828867 0.0021937640849500895 0.015956016257405281
v 0.00064429850317537785 -0.0029521223623305559 0.014286496676504612
v -0.00040949552203528583 -0.0029993013013154268 0.014217636547982693
v -0.0020083221606910229 0.0024617055896669626 0.013758943416178226
v 0.0011210956145077944 0.0029715558048337698 0.01354510709643364
v 0.0017842634115368128 0.0025990984868258238 0.013497783802449703
v 0.0022766012698411942 0.0021690111607313156 0.013454851694405079
v 0.0029493167530745268 -0.00084197497926652431 0.013247282244265079
v 0.0026096503715962172 -0.0015570287359878421 0.013194377534091473
v -0.00071658205706626177 -0.0029419288039207458 0.01294820848852396
v -0.0030345693230628967 -0.00061625457601621747 0.012725276872515678
v -0.0031155883334577084 0.00012942847388330847 0.012682113796472549
v -0.0029715090058743954 0.0010389706585556269 0.012622587382793427
v -0.0016539107309654355 0.0027118020225316286 0.012481078505516052
v -0.00083729933248832822 0.0030762692913413048 0.012424759566783905
v 0.0027604741044342518 0.0014588579069823027 0.012147936969995499
v 0.0029880478978157043 0.00082677649334073067 0.012104167602956295
v 0.0024488407652825117 -0.0018059953581541777 0.01192325446754694
v 0.0018018614500761032 -0.0024287430569529533 0.011871268972754478
v -0.0019173538312315941 -0.0023608359042555094 0.01161428727209568
v 0.00041563718696124852 0.0031515182927250862 0.011088195256888866
v 0.00042166205821558833 -0.0029969534371048212 0.010519328527152538
v -0.0020718802697956562 -0.0022377020213752985 0.010349808260798454
v -0.0025247253943234682 -0.001730960444547236 0.010305116884410381
v -0.0028409401420503855 -0.0011929445900022984 0.010265223681926727
v 0.0030395386274904013 -0.00043756506056524813 0.0095256716012954712
v 0.00010156672942684963 -0.0030142378527671099 0.0092500355094671249
v 0.0030782374087721109 -7.106604243745096e-06 0.025814007967710495
v 0.0030291900038719177 -0.00047451831051148474 0.025794766843318939
v 0.0034705314319580793 -0.00073465873720124364 0.025476865470409393
v 0.0028738032560795546 -0.0010532769374549389 0.025731243193149567
v -0.0018420277629047632 0.0031474083662033081 0.0084509281441569328
v -0.00086600601207464933 0.0030687081161886454 0.0086619099602103233
v -0.0015538079896941781 0.0027681561186909676 0.0087250703945755959
v -0.0021243104711174965 0.0023559769615530968 0.0087656797841191292
v -0.0027378341183066368 0.0015796058578416705 0.0088303843513131142
v -0.0030589145608246326 0.00067648873664438725 0.0088942134752869606
v -0.002669748617336154 -0.0015139433089643717 0.0090374154970049858
v -0.002292633755132556 -0.0020135259255766869 0.0090800020843744278
v -0.0018230036366730928 -0.0024366080760955811 0.0091218752786517143
v -0.0010611619800329208 -0.0028381869196891785 0.0091751366853713989
v 0.00082308228593319654 -0.002898442093282938 0.0093004517257213593
v 0.0013964847894385457 -0.0026734662242233753 0.0093402201309800148
v 0.0019978447817265987 -0.0022748482879251242 0.0093866558745503426
v 0.0030697884503751993 0.00039477573591284454 0.0095795802772045135
v 0.0028216072823852301 0.0013499242486432195 0.0096403295174241066
v 0.00043909208034165204 0.0031425056513398886 0.0098390625789761543
v -0.00028531101997941732 0.0031751645728945732 0.0098837157711386681
v -0.0013458038447424769 0.002889296505600214 0.0099569931626319885
v -0.0026952929329127073 0.0016519466880708933 0.010072813369333744
v -0.0030472807120531797 0.00074182782554998994 0.010139063000679016
v -0.003105660667642951 -0.00025831034872680902 0.010205088183283806
v -0.0014631570084020495 -0.0026558749377727509 0.010401002131402493
v -0.00069913343759253621 -0.0029494576156139374 0.010445513762533665
v 0.0016669230535626411 -0.0025172985624521971 0.010609987191855907
v 0.0023094434291124344 -0.0019741668365895748 0.010660495609045029
v 0.0027686608955264091 -0.0012692924356088042 0.010716701857745647
v 0.0029917624779045582 -0.0006692144088447094 0.010757953859865665
v 0.0029983939602971077 0.00078167492756620049 0.010851818136870861
v 0.0027818521484732628 0.0014137697871774435 0.010892429389059544
v 0.0022484962828457355 0.0022137630730867386 0.010956121608614922
v 0.0012613912113010883 0.002912500873208046 0.011036688461899757
v -0.00092538853641599417 0.0030402920674532652 0.011179256252944469
v -0.00032870139693841338 0.0031629789154976606 0.01113941241055727
v -0.0016288209008052945 0.0027364504057914019 0.011228355579078197
v -0.0023453123867511749 0.0021266969852149487 0.011285807937383652
v -0.0031232498586177826 -7.7294998845900409e-06 0.011438215151429176
v -0.0029309228993952274 -0.0009752088226377964 0.011500212363898754
v -0.0024703980889171362 -0.0018223200459033251 0.011558829806745052
v -0.00038671001675538719 -0.0029942379333078861 0.011717800982296467
v 0.00046940252650529146 -0.0029857449699193239 0.011775074526667595
v 0.0012085202615708113 -0.0027605155482888222 0.011827040463685989
v 0.0028781641740351915 -0.0010262959403917193 0.011984867975115776
v 0.003092531580477953 -5.567144398810342e-05 0.012050100602209568
v 0.0019527282565832138 0.0024748947471380234 0.012234904803335667
v 0.0012166459346190095 0.0029299482703208923 0.012285818345844746
v 0.00022408344375435263 0.0031783997546881437 0.01235159020870924
v -0.0023952689953148365 0.0020843863021582365 0.012536865659058094
v -0.0028272888157516718 -0.0012112796539440751 0.012766102328896523
v -0.0023748746607452631 -0.0019440288888290524 0.012823328375816345
v -0.0015530951786786318 -0.0026097919326275587 0.012893346138298512
v 0.00033720376086421311 -0.0030044442974030972 0.013017859309911728
v 0.0013969491701573133 -0.0026881205849349499 0.013085618615150452
v 0.0022141074296087027 -0.002070446964353323 0.013153253123164177
v 0.0030829538591206074 7.8972378105390817e-05 0.013309734873473644
v 0.0030056722462177277 0.00076275825267657638 0.013349154032766819
v 0.0027332659810781479 0.0015146081568673253 0.013402019627392292
v 0.00028214103076606989 0.0031645514536648989 0.01360025443136692
v -0.00058457959676161408 0.0031370911747217178 0.013657511211931705
v -0.001359142828732729 0.002870689844712615 0.013710246421396732
v -0.0026874297764152288 0.0016665499424561858 0.013823257759213448
v -0.0030092464294284582 0.0008760215132497251 0.013880625367164612
v -0.0031214323826134205 -4.4826424527855124e-06 0.013940831646323204
v -0.0019904796499758959 -0.0023007839918136597 0.014108668081462383
v -0.0013822296168655157 -0.002703776815906167 0.01415325328707695
v 0.0022723153233528137 -0.0020059160888195038 0.014409476891160011
v 0.0027096036355942488 -0.0013945138780400157 0.014456501230597496
v 0.0030306144617497921 -0.00052686862181872129 0.014520850032567978
v 0.0029750294052064419 0.00089004839537665248 0.014608953148126602
v 0.0026448038406670094 0.0016806027851998806 0.014662154018878937
v 0.0021781548857688904 0.0022648777812719345 0.014712592586874962
v 0.0015230554854497313 0.0027800248935818672 0.014767415821552277
v -0.00045242268242873251 0.0031541378702968359 0.014897645451128483
v -0.0014103335561230779 0.0028558790218085051 0.014966439455747604
v -0.0021553023252636194 0.00232351990416646 0.015020452439785004
v -0.0031102239154279232 -0.00013581984967458993 0.015198974870145321
v -0.0029706116765737534 -0.00083932525012642145 0.015240497887134552
v -0.0027198228053748608 -0.0014332837890833616 0.015280756168067455
v -0.0005935956141911447 -0.0029578853864222765 0.015455752611160278
v 0.00014412692689802498 -0.0030195943545550108 0.015501664951443672
v 0.0010640379041433334 -0.0028229462914168835 0.015566058456897736
v 0.0029050125740468502 -0.0009634820744395256 0.015737753361463547
v 0.0030777968931943178 -0.00010665371519280598 0.015795977786183357
v 0.002998206065967679 0.00084215874085202813 0.015853779390454292
v 0.001591014675796032 0.0027319397777318954 0.016013775020837784
v 0.0010169893503189087 0.0029997965320944786 0.016051815822720528
v 0.00038454151945188642 0.0031549460254609585 0.01609216071665287
v -0.0020371854770928621 0.0024275330360978842 0.01626182347536087
v -0.0025209286250174046 0.001908488105982542 0.016305649653077126
v -0.0028539684135466814 0.0013168047880753875 0.016349479556083679
v -0.0030368173029273748 -0.00060769118135794997 0.01647675409913063
v -0.0027337628416717052 -0.0014133605873212218 0.016531473025679588
v -0.0022811235394328833 -0.0020262226462364197 0.01658160425722599
v -0.0016823045443743467 -0.0025384337641298771 0.016633776947855949
v 0.00028212167671881616 -0.0030060496646910906 0.016766244545578957
v 0.0011097274255007505 -0.0028049862012267113 0.016819363459944725
v 0.0017849536379799247 -0.0024410730693489313 0.01686784066259861
v 0.0030684105586260557 0.00040541030466556549 0.017081806436181068
v 0.0028170431032776833 0.0013559140497818589 0.017136814072728157
v 0.00069702829932793975 0.003100129310041666 0.01732286810874939
v -0.00031256271176971495 0.0031748979818075895 0.017390666529536247
v -0.0012347615556791425 0.0029321352485567331 0.01745128259062767
v -0.0028572399169206619 0.0013197743101045489 0.017599856480956078
v -0.0030701917130500078 0.00059070013230666518 0.017651787027716637
v -0.0031063610222190619 -0.0001604072458576411 0.017699694260954857
v -0.0017277529696002603 -0.0024977752473205328 0.017880203202366829
v -0.00097486755112186074 -0.0028731313068419695 0.01793120801448822
v 0.0021506303455680609 -0.0021369610913097858 0.018147245049476624
v 0.0027677977923303843 -0.0012970889220014215 0.01821109838783741
v 0.0028948972467333078 0.0011622712481766939 0.018374050036072731
v 0.00238593271933496 0.0020480817183852196 0.018441174179315567
v 0.0016620581736788154 0.0026881559751927853 0.018505765125155449
v -0.00062721647555008531 0.0031266310252249241 0.018657108768820763
v -0.0014827541308477521 0.0028110884595662355 0.018718672916293144
v -0.0030969718936830759 -0.0002343409723835066 0.018954368308186531
v -0.0029225742910057306 -0.00098842382431030273 0.019001752138137817
v -0.0011581346625462174 -0.0027990678790956736 0.019170671701431274
v -0.00044730372610501945 -0.0029858900234103203 0.019216164946556091
v 0.00017508797463960946 -0.0030069290660321712 0.019254600629210472
v 0.0026868798304349184 -0.0014298182213678956 0.019453803077340126
v 0.0029921932145953178 -0.00068079004995524883 0.01950678788125515
v 0.0030796551145613194 0.00023424605024047196 0.019569743424654007
v 0.0016734350938349962 0.002677256939932704 0.019756853580474854
v 0.0010005391668528318 0.0030153477564454079 0.019802751019597054
v -0.0017590736970305443 0.002650061622262001 0.019992360845208168
v -0.002483392134308815 0.0019674201030284166 0.020049996674060822
v -0.0029657473787665367 0.00105383584741503 0.020120419561862946
v -0.0029268173966556787 -0.00096572644542902708 0.02024940587580204
v -0.0025334348902106285 -0.0017452288884669542 0.020302902907133102
v -0.0017785315867513418 -0.0024682290386408567 0.020374545827507973
v 0.00070215394953265786 -0.0029329040553420782 0.020542629063129425
v 0.0014995608944445848 -0.0026262423489242792 0.020597405731678009
v 0.0021153273992240429 -0.0021623021457344294 0.020645163953304291
v 0.0030854081269353628 -6.6405802499502897e-05 0.020800234749913216
v 0.002945807995274663 0.001044176984578371 0.020863892510533333
v 0.00087088416330516338 0.0030582256149500608 0.02106078714132309
v -0.00023082783445715904 0.0031892829574644566 0.021132601425051689
v -0.0012365140719339252 0.0029315098654478788 0.021201705560088158
v -0.0022782403975725174 0.0021987296640872955 0.021281655877828598
v -0.0027403677813708782 0.0015602002386003733 0.021333012729883194
v -0.0030429717153310776 0.00076273927697911859 0.021388882771134377
v -0.003106013173237443 -0.00015244085807353258 0.021448578685522079
v -0.002276464831084013 -0.0020388024859130383 0.021582836285233498
v -0.0014920015819370747 -0.0026560937985777855 0.021643465384840965
v 0.002088525565341115 -0.0022079322952777147 0.021887997165322304
v 0.0027084271423518658 -0.0013972742017358541 0.021957205608487129
v 0.0029775160364806652 0.00088382698595523834 0.022108104079961777
v 0.0027105393819510937 0.0015530320815742016 0.022152578458189964
v 0.0022765577305108309 0.002169356681406498 0.02220415323972702
v 0.0017630279762670398 0.0026151763740926981 0.022249422967433929
v 0.0011947882594540715 0.0029355648439377546 0.022289996966719627
v -0.00079526170156896114 0.0030935355462133884 0.022418513894081116
v -0.0017257954459637403 0.0026672785170376301 0.022487955167889595
v -0.0030974484980106354 0.0003650659928098321 0.022665755823254585
v -0.0030894728843122721 -0.00033810225431807339 0.022708291187882423
v -0.0028315931558609009 -0.0012160098413005471 0.022766405716538429
v -0.00085378694348037243 -0.0029063262045383453 0.022937262430787086
v 1.586179860169068e-05 -0.0030176807194948196 0.022995365783572197
v 0.00071404763730242848 -0.0029276940040290356 0.023040872067213058
v 0.0012991620460525155 -0.0027230838313698769 0.023083217442035675
v 0.0023391626309603453 -0.0019334899261593819 0.023164993152022362
v 0.0027003099676221609 -0.0014016606146469712 0.023206125944852829
v 0.0029854055028408766 -0.00070419290568679571 0.023259071633219719
v 0.0030815687496215105 0.00018909275240730494 0.02331533282995224
v 0.0021852846257388592 0.0022614630870521069 0.023463120684027672
v 0.0015009423950687051 0.0027907178737223148 0.023521594703197479
v 0.00064168538665398955 0.0031109834089875221 0.023576110601425171
v -0.0017748788231983781 0.0026323175989091396 0.023740159347653389
v -0.0023515333887189627 0.0021198275499045849 0.023787736892700195
v -0.0029746198561042547 -0.00083129946142435074 0.023990511894226074
v -0.0026323392521589994 -0.0015905209584161639 0.024045471101999283
v -0.0019048616522923112 -0.002383573679253459 0.024117248132824898
v 0.00014568542246706784 -0.0030152706895023584 0.024254271760582924
v 0.00088319572387263179 -0.0028823071625083685 0.024303203448653221
v 0.0015696771442890167 -0.0025806894991546869 0.024352697655558586
v 0.0030700708739459515 0.00039696143358014524 0.024579500779509544
v 0.0030469568446278572 -0.00037111880374141037 0.024528786540031433
v 0.0028129664715379477 0.0013633082853630185 0.02463931031525135
v 0.001171358278952539 0.002946935361251235 0.024794586002826691
v 0.00021755654597654939 0.0031792980153113604 0.024852456524968147
v -0.00069785164669156075 0.003105206647887826 0.024912850931286812
v -0.0025275491643697023 0.0018900390714406967 0.025055829435586929
v -0.0028326036408543587 0.0013692446518689394 0.025097407400608063
v -0.0030332526657730341 0.00077007740037515759 0.025138353928923607
v -0.0031144346576184034 0.00012205570237711072 0.025181753560900688
v -0.0020855660550296307 -0.0022327406331896782 0.02534896694123745
v -0.0013356941053643823 -0.002721038181334734 0.025407740846276283
v 0.0014851078158244491 -0.0026283892802894115 0.025597626343369484
v 0.0021067901980131865 -0.0021737476345151663 0.025644190609455109
v 0.0025147800333797932 -0.0016999010695144534 0.025682710111141205
v 0.0027770635206252337 -0.0012857320252805948 0.025822224095463753
v 0.00090776389697566628 0.0030398261733353138 0.0086485855281352997
v -4.9732648221834097e-06 0.0031892494298517704 0.0086478115990757942
v -0.0022340610157698393 0.0018872892251238227 0.026000082492828369
v -0.0028742554131895304 -0.00012864041491411626 0.026000166311860085
v -0.0019625262357294559 -0.0020340406335890293 0.026000332087278366
v 0.0027871711645275354 0.00068737863330170512 0.026000235229730606
v 0.0027339146472513676 -0.00080993957817554474 0.026000045239925385
v 0.001874404726549983 -0.0020740721374750137 0.026000691577792168
v 0.00077126524411141872 -0.0026752466801553965 0.026000168174505234
v -0.00061350897885859013 -0.0027350347954779863 0.026000363752245903
v -0.0026161838322877884 -0.0010966581758111715 0.026000039651989937
v -0.0027055684477090836 0.0010424989741295576 0.026000272482633591
v -0.0013776087434962392 0.0026064659468829632 0.026000207290053368
v -0.00029820331837981939 0.0029283009935170412 0.0260000079870224
v 0.00081781117478385568 0.0028257493395358324 0.026000203564763069
v 0.0017316050361841917 0.0023379449266940355 0.026000026613473892
v 0.0023334375582635403 0.0017106349114328623 0.026000073179602623
v -0.00091646716464310884 0.0065319226123392582 0.0076075922697782516
v -0.0004071698640473187 0.0065805325284600258 0.00039303069934248924
v -0.0015330122550949454 0.0064099719747900963 0.00039184564957395196
v 0.00044875469757243991 0.0065705180168151855 0.0076113520190119743
v 0.00079282233491539955 0.0065408693626523018 0.00038913742173463106
v 0.0015884712338447571 0.0063861832022666931 0.0076115108095109463
v 0.0022305862512439489 0.0062026390805840492 0.00039185286732390523
v 0.0028968446422368288 0.0059116506017744541 0.0076095443218946457
v 0.0037660489324480295 0.0053912149742245674 0.00039086220203898847
v 0.0041699605062603951 0.0050678746774792671 0.0076105436310172081
v 0.0045920000411570072 0.004668000154197216 0.00039000000106170774
v 0.0049787126481533051 0.0042489590123295784 0.0076072285883128643
v 0.0053819245658814907 0.0037323553115129471 0.0003889325016643852
v 0.0057485420256853104 0.0031181441154330969 0.0076113231480121613
v 0.0061422134749591351 0.002213488332927227 0.00038966242573224008
v 0.0062928101979196072 0.0016801997553557158 0.0076119801960885525
v 0.0064467969350516796 0.00084614177467301488 0.00039107393240556121
v 0.0064766244031488895 0.00049463775940239429 0.0076095461845397949
v 0.0064655337482690811 -0.00061450159410014749 0.00039165743510238826
v 0.0064508696086704731 -0.00059658352984115481 0.0076084951870143414
v 0.006184200756251812 -0.0019212169572710991 0.0076097799465060234
v 0.0060480078682303429 -0.0023019441869109869 0.0003896618727594614
v 0.0053863544017076492 -0.0035672071389853954 0.0076129855588078499
v 0.0053835003636777401 -0.0035483846440911293 0.00039108545752242208
v 0.0046697380021214485 -0.0044320281594991684 0.00039099418791010976
v 0.0044048195704817772 -0.0046892063692212105 0.0076095224358141422
v 0.0037985295057296753 -0.0051890099421143532 0.00039112279773689806
v 0.0035029519349336624 -0.0053884275257587433 0.0076095475815236568
v 0.002787428442388773 -0.0057893930934369564 0.000391844951082021
v 0.0025356831029057503 -0.0058973180130124092 0.007608532439917326
v 0.0014364866074174643 -0.0062680486589670181 0.0003926160279661417
v 0.0015739734517410398 -0.0062232576310634613 0.00761030288413167
v 0.00035335056600160897 -0.0064157731831073761 0.0076093962416052818
v 3.5350408325030003e-06 -0.006422022357583046 0.00038782224874012172
v -0.0008222332107834518 -0.0063702668994665146 0.0076070502400398254
v -0.0014596189139410853 -0.006269398145377636 0.00038862726069055498
v -0.0021564669441431761 -0.0060687931254506111 0.0076116290874779224
v -0.0027868316974490881 -0.0058029969222843647 0.0003902768949046731
v -0.0035218289121985435 -0.0053985961712896824 0.0076120104640722275
v -0.0037931916303932667 -0.005213914904743433 0.00039023341378197074
v -0.0044288681820034981 -0.0046919407323002815 0.0076083466410636902
v -0.0048612975515425205 -0.0042725857347249985 0.00038973195478320122
v -0.0051594208925962448 -0.0038983395788818598 0.0076103266328573227
v -0.0056807440705597401 -0.0031147499103099108 0.00038953591138124466
v -0.0058163320645689964 -0.0028662269469350576 0.0076120859012007713
v -0.0062605575658380985 -0.0017858563223853707 0.00039168534567579627
v -0.0062353713437914848 -0.0018117033177986741 0.0076083955354988575
v -0.006464171689003706 -0.00077268847962841392 0.0076096025295555592
v -0.0065067671239376068 -0.00036640593316406012 0.00039026897866278887
v -0.0065037580206990242 0.00068479875335469842 0.007609847467392683
v -0.0064894384704530239 0.0007445942610502243 0.00039362657116726041
v -0.0062592169269919395 0.0019116717157885432 0.00038766453508287668
v -0.0061170286498963833 0.0023705982603132725 0.0076099620200693607
v -0.0058277137577533722 0.0030032375361770391 0.00038875467726029456
v -0.0052527748048305511 0.0039665498770773411 0.0076128970831632614
v -0.0050718239508569241 0.0041946996934711933 0.00039075006498023868
v -0.0042872987687587738 0.004987926222383976 0.0076071959920227528
v -0.0037849585060030222 0.0053976164199411869 0.000388755724998191
v -0.0034069868270307779 0.0056329080834984779 0.0076111955568194389
v -0.0025534715969115496 0.0060743847861886024 0.0003905083576682955
v -0.0023332764394581318 0.0061661060899496078 0.0076104672625660896
v -0.0022767754271626472 0.002718047471717 1.1750003977795132e-05
v -0.0036736656911671162 0.0049966392107307911 -3.8561186244123746e-08
v -0.0015318765072152019 0.0032236652914434671 1.0562544616732339e-07
v -0.0019356646807864308 0.0059200013056397438 -1.21257116347806e-07
v -0.00035812615533359349 0.0035411289427429438 2.9980739668644674e-08
v -7.0249720010906458e-05 0.0062049743719398975 -2.9323121708557665e-08
v 0.00055444962345063686 0.0035071086604148149 1.8919546818096933e-08
v 0.0015446074539795518 0.0060107684694230556 -5.5742564342153855e-08
v 0.0011376503389328718 0.0033558907452970743 1.2391549716994632e-05
v 0.0016829887172207236 0.0031101440545171499 1.7687142417344148e-08
v 0.0032779534813016653 0.0052587874233722687 -8.5866190602246206e-08
v 0.0025253475178033113 0.0024656984023749828 6.8722215473826509e-08
v 0.0045085437595844269 0.0042010745964944363 -1.5223935889707718e-08
v 0.0053065377287566662 0.003108099102973938 -2.8927525264066389e-08
v 0.0031860216986387968 0.0014404734829440713 4.5930580228059625e-08
v 0.0058985361829400063 0.0016780626028776169 -3.8011556569017557e-08
v 0.0033920982386916876 0.00072269828524440527 3.0348132895596791e-06
v 0.0034603637177497149 -1.7442773241782561e-05 3.905272194515419e-08
v 0.0060991775244474411 0.00026753361453302205 -1.3153178102243146e-08
v 0.0059510301798582077 -0.0013410281389951706 -7.7241821827556123e-08
v 0.0032161816488951445 -0.0012155428994446993 7.4576199438070034e-08
v 0.0050927656702697277 -0.0033308335114270449 -1.3769677309483086e-07
v 0.0026597147807478905 -0.0021275558974593878 2.106525265332948e-08
v 0.0035894352477043867 -0.004879743792116642 -7.5591366055505205e-08
v 0.002240409841760993 -0.0025517139583826065 1.2575061191455461e-05
v 0.0016329154605045915 -0.0029788692481815815 4.0088519170922154e-08
v 0.0021523544564843178 -0.0056375018320977688 -1.4268734638278602e-08
v 0.00047455084859393537 -0.0033653066493570805 6.9023336379814282e-08
v 0.00079651310807093978 -0.0059879221953451633 -3.094577394335829e-08
v -0.0011268544476479292 -0.0032252098899334669 3.2432556054118322e-06
v -0.00055568123934790492 -0.0060084876604378223 -1.0606061806583966e-08
v -0.0018335066270083189 -0.005762412678450346 -3.4786101110739764e-08
v -0.0018387426389381289 -0.00287821632809937 4.4140588073560139e-08
v -0.0032471034210175276 -0.0051201134920120239 -3.7719203760389064e-08
v -0.0027557895518839359 -0.0020678953733295202 6.2692350866200286e-08
v -0.0044950852170586586 -0.0040943357162177563 -4.2433388358631419e-08
v -0.0054340069182217121 -0.0027729161083698273 -3.9859006761844284e-08
v -0.0034363057930022478 -0.00060911488253623247 3.2823070341692073e-06
v -0.0059243142604827881 -0.0014937346568331122 -1.2651004688279954e-08
v -0.0034858954604715109 3.7872676330152899e-05 2.1184197507295721e-08
v -0.0061422716826200485 -0.00010018482862506062 -5.1884899932019835e-08
v -0.0033482215367257595 0.0010974396718665957 7.2902409442576754e-08
v -0.0059684230946004391 0.0015112134860828519 -3.1310591452893277e-08
v -0.0055269878357648849 0.002733725355938077 -1.1667103727575068e-08
v -0.0027904347516596317 0.0021802741102874279 3.8789149670037659e-08
v -0.004832523874938488 0.0038664971943944693 -3.820957772404654e-08
v 0.00058663595700636506 -0.0060128485783934593 0.0080000590533018112
v 0.0019024165812879801 -0.0057237031869590282 0.0080000134184956551
v 0.0033703299704939127 -0.0050380383618175983 0.0080001372843980789
v 0.0049371710047125816 -0.0035448654089123011 0.0080001307651400566
v -0.0010385317727923393 -0.0059562800452113152 0.0080000553280115128
v -0.0023319788742810488 -0.0055768541060388088 0.0080000143498182297
v -0.0035295533016324043 -0.0049346336163580418 0.0080000618472695351
v -0.0051205945201218128 0.0034936873707920313 0.0080001475289463997
v -0.0054573975503444672 -0.0027082290034741163 0.0080000162124633789
v -0.0059028128162026405 0.0017761507770046592 0.0080000581219792366
v -0.0061412537470459938 0.00016362866153940558 0.0080000562593340874
v -0.0059478320181369781 -0.0014445889974012971 0.0080000637099146843
v -0.004722327459603548 -0.0038378734607249498 0.0080000590533018112
v 0.0056908815167844296 -0.0021171479020267725 0.0080000152811408043
v 0.006044645793735981 -0.00081056193448603153 0.0080000506713986397
v 0.0060420073568820953 0.0010831793770194054 0.0080001400783658028
v 0.0055484911426901817 0.0026226728223264217 0.0080000162124633789
v 0.0048583038151264191 0.0037946435622870922 0.0080000627785921097
v 0.0035055447369813919 0.0051131006330251694 0.0080001447349786758
v 0.001549322041682899 0.0060206213966012001 0.0080001363530755043
v -6.2523526139557362e-05 0.0061995205469429493 0.0080000143498182297
v -0.0014025758719071746 0.0060501741245388985 0.0080000581219792366
v -0.0026764727663248777 0.0055906944908201694 0.0080000124871730804
v -0.0038314429111778736 0.0048760189674794674 0.0080000590533018112
v -0.0026799826882779598 0.0015494974795728922 0.00043049402302131057
v -0.0030250507406890392 0.00056801771279424429 0.00043654136243276298
v -0.00017574334924574941 0.00310555100440979 0.00046813490916974843
v -0.0014615075197070837 0.0028644832782447338 0.00034492198028601706
v 0.0026706571225076914 0.0015598675236105919 0.00041378085734322667
v 0.0019985393155366182 0.0023429393768310547 0.00044937324128113687
v 0.0025063303764909506 -0.0017893927870318294 0.0003261289675720036
v 0.0028158691711723804 -0.00090876460308209062 0.00048370618605986238
v 0.0031677589286118746 9.4681439804844558e-05 0.00028856072458438575
v -0.00051001075189560652 -0.0030615681316703558 0.00028850586386397481
v 0.00066980026895180345 -0.0028399983420968056 0.00049121270421892405
v -0.0028877793811261654 -0.0011765911476686597 0.00034341533319093287
v -0.0020320739131420851 -0.0021731313318014145 0.00046826805919408798
v -0.0022720000706613064 0.0027119999285787344 0.0044999998062849045
v 0.0011330000124871731 0.0033519999124109745 0.0044999998062849045
v -0.0034199999645352364 -0.00055599998449906707 0.0044999998062849045
v 0.0033889999613165855 0.00072299997555091977 0.0044999998062849045
v -0.0011640000157058239 -0.0031850000377744436 0.0044999998062849045
v 0.0022400000598281622 -0.0025450000539422035 0.0044999998062849045
f 794 1119 920
f 10 11 12
f 11 10 14
f 14 10 13
f 1069 1073 1070
f 23 17 18
f 1155 1343 194
f 1043 209 211
f 1062 75 73
f 496 497 906
f 1185 1256 516
f 877 703 876
f 952 187 189
f 880 693 849
f 467 815 469
f 67 1061 728
f 321 319 320
f 335 334 333
f 783 4 784
f 466 1268 1267
f 659 658 657
f 44 1077 42
f 365 364 362
f 996 540 826
f 897 570 1
f 401 402 400
f 293 295 780
f 1023 355 353
f 1291 380 382
f 771 1318 770
f 998 529 531
f 361 358 359
f 1490 1491 1489
f 272 273 939
f 203 201 1341
f 1359 145 1360
f 911 1255 1256
f 787 1113 786
f 962 1344 1345
f 721 723 1385
f 1068 1385 723
f 83 84 82
f 1001 1251 1252
f 93 95 94
f 890 1215 842
f 719 716 718
f 101 102 100
f 635 633 632
f 450 367 448
f 606 892 841
f 825 538 996
f 197 758 195
f 376 377 375
f 472 473 471
f 574 573 572
f 186 188 187
f 474 475 473
f 1015 1274 1275
f 968 1353 1354
f 1060 1371 974
f 252 251 250
f 1062 1376 1063
f 1056 1367 1057
f 806 1179 1266
f 740 1093 1352
f 262 261 260
f 920 1119 921
f 274 273 271
f 1051 1351 1149
f 1285 793 1022
f 584 582 583
f 616 614 615
f 977 1080 726
f 411 412 410
f 923 1176 924
f 150 151 149
f 808 1181 1180
f 152 153 151
f 294 293 292
f 154 155 153
f 813 1185 1257
f 118 164 165
f 165 164 166
f 884 678 680
f 972 1362 1363
f 219 221 220
f 169 170 171
f 169 171 172
f 172 171 173
f 174 173 171
f 175 174 176
f 175 176 177
f 179 180 181
f 181 180 182
f 181 182 183
f 182 184 183
f 185 186 187
f 730 1084 729
f 560 559 558
f 971 1089 734
f 498 499 497
f 797 1122 796
f 191 190 192
f 191 192 193
f 192 194 193
f 195 194 196
f 195 196 197
f 197 196 198
f 197 198 199
f 731 1086 1059
f 518 519 517
f 202 201 203
f 202 203 204
f 206 207 208
f 208 207 209
f 209 207 210
f 167 169 168
f 211 212 213
f 211 213 214
f 214 213 215
f 201 202 200
f 737 1091 736
f 218 217 219
f 218 219 220
f 547 546 545
f 508 509 507
f 220 222 223
f 223 222 224
f 223 224 225
f 224 226 225
f 801 1273 800
f 227 228 229
f 228 230 229
f 207 206 205
f 506 505 504
f 550 551 548
f 234 233 9
f 234 9 8
f 6 7 235
f 6 235 236
f 236 235 237
f 795 1021 1283
f 1053 1092 1357
f 242 241 240
f 464 466 465
f 250 249 248
f 1052 1354 1355
f 572 1 571
f 166 167 165
f 1018 1278 1279
f 808 914 1181
f 1011 1010 1270
f 576 578 577
f 1012 1126 1271
f 807 1265 1179
f 592 591 589
f 486 488 487
f 276 275 274
f 260 259 257
f 961 1343 1155
f 787 1027 1294
f 135 136 134
f 491 492 490
f 928 1299 785
f 781 1108 933
f 1028 1297 927
f 301 300 299
f 931 1109 932
f 863 1390 852
f 818 1129 1250
f 817 1250 1251
f 873 1394 875
f 1033 1106 935
f 985 1213 890
f 880 690 693
f 1273 488 490
f 1045 179 181
f 940 1105 1036
f 216 1158 217
f 661 660 659
f 663 662 661
f 1408 861 862
f 1385 57 59
f 856 1068 857
f 601 1232 1231
f 263 265 941
f 75 74 73
f 439 441 1284
f 950 199 1044
f 665 663 1213
f 1088 155 1362
f 1251 541 539
f 1265 1264 458
f 808 915 418
f 1208 845 1398
f 906 1000 1192
f 224 1095 226
f 117 34 116
f 389 390 388
f 379 799 381
f 306 931 308
f 949 202 759
f 773 253 774
f 650 649 648
f 900 1242 1243
f 357 1024 791
f 1093 1149 120
f 938 275 937
f 1087 1365 161
f 1030 311 310
f 1498 1500 1499
f 1151 1152 174
f 1108 1304 363
f 1243 572 571
f 956 168 169
f 1487 1426 1488
f 160 161 158
f 409 410 492
f 419 420 417
f 724 725 1383
f 981 1381 725
f 280 279 278
f 783 1110 931
f 1048 1342 1343
f 747 1156 1341
f 814 1186 1254
f 290 288 289
f 615 612 613
f 926 1296 1028
f 423 424 422
f 1003 1253 1188
f 435 437 436
f 784 1302 783
f 1000 1249 1192
f 887 1210 983
f 819 1193 1248
f 1045 1334 1335
f 795 1283 794
f 1014 1272 1273
f 461 462 460
f 804 1127 1269
f 790 1116 923
f 463 464 462
f 737 1358 1091
f 797 1019 1280
f 1009 1268 1128
f 1023 1287 1024
f 3 567 568
f 785 1111 929
f 976 1375 1062
f 743 1152 1151
f 494 452 453
f 494 495 451
f 451 495 496
f 496 495 497
f 497 495 498
f 799 1277 798
f 499 500 502
f 502 500 501
f 502 501 503
f 501 504 503
f 205 204 203
f 186 185 184
f 505 506 507
f 507 506 508
f 7 8 9
f 511 510 512
f 511 512 513
f 230 231 229
f 515 516 514
f 514 516 517
f 216 215 213
f 522 521 523
f 521 524 523
f 524 526 525
f 525 526 527
f 527 526 528
f 527 528 529
f 535 534 533
f 531 530 532
f 530 533 532
f 198 200 199
f 178 179 177
f 538 537 539
f 538 539 540
f 515 513 512
f 540 541 542
f 542 541 543
f 542 543 544
f 543 545 544
f 167 168 165
f 546 547 548
f 548 547 549
f 548 549 550
f 217 215 216
f 551 552 553
f 553 552 554
f 553 554 555
f 554 556 555
f 555 556 557
f 556 558 557
f 734 1088 1054
f 736 1090 735
f 586 585 584
f 559 561 562
f 562 561 563
f 562 563 564
f 1057 1368 1058
f 568 566 565
f 520 522 519
f 1547 1559 1558
f 239 238 237
f 561 559 560
f 1020 1281 1021
f 1017 1276 1277
f 1011 1270 1178
f 974 1372 730
f 481 482 480
f 139 140 138
f 1052 1355 1356
f 979 1077 980
f 969 1357 1358
f 1055 1363 1364
f 809 1183 1260
f 721 1074 1069
f 596 594 595
f 1064 1079 1378
f 789 1025 1291
f 745 1154 1153
f 809 1260 1261
f 77 78 76
f 470 471 468
f 79 80 78
f 440 441 439
f 636 634 635
f 97 98 95
f 932 1109 1175
f 932 1175 1030
f 299 298 296
f 325 323 324
f 933 1174 934
f 873 1404 874
f 310 307 308
f 449 450 448
f 33 1391 1145
f 1207 712 715
f 372 373 370
f 17 1066 978
f 758 1160 1330
f 304 1315 302
f 955 1335 1159
f 738 93 739
f 805 432 1009
f 406 404 920
f 655 653 654
f 1036 1103 941
f 579 989 990
f 837 1222 836
f 686 881 882
f 672 666 671
f 673 666 674
f 674 675 676
f 676 677 678
f 678 679 680
f 680 681 682
f 682 683 684
f 684 685 686
f 416 417 415
f 686 687 688
f 1026 1293 1027
f 688 689 690
f 666 672 667
f 690 692 693
f 693 692 694
f 607 609 608
f 869 1072 871
f 694 696 697
f 1004 1256 1185
f 697 696 698
f 698 699 700
f 700 702 703
f 703 704 705
f 705 704 706
f 81 82 80
f 706 707 708
f 708 709 710
f 710 711 712
f 712 714 715
f 715 714 717
f 1030 1303 1031
f 718 720 719
f 670 720 667
f 442 443 441
f 723 721 859
f 725 724 854
f 728 727 68
f 974 730 58
f 971 734 111
f 961 746 137
f 748 747 129
f 758 757 195
f 768 767 6
f 1034 778 282
f 780 779 291
f 928 785 322
f 1027 787 334
f 1025 789 344
f 793 792 349
f 795 794 401
f 1019 797 391
f 799 798 381
f 803 802 444
f 906 818 496
f 837 836 585
f 888 844 624
f 162 160 741
f 305 303 782
f 493 491 809
f 481 479 812
f 265 264 266
f 1002 907 1190
f 466 1267 465
f 864 866 851
f 1490 1492 1491
f 194 1343 196
f 741 160 742
f 867 865 868
f 920 404 794
f 654 652 1217
f 872 870 871
f 873 874 872
f 295 297 1032
f 869 870 868
f 93 1053 96
f 303 302 311
f 798 1124 918
f 530 531 529
f 210 211 209
f 905 503 819
f 156 157 155
f 430 431 429
f 776 1313 775
f 664 885 662
f 664 674 885
f 668 674 664
f 886 668 673
f 673 668 669
f 669 671 672
f 672 671 667
f 916 428 427
f 1334 233 232
f 1029 1300 930
f 999 1132 1131
f 755 185 756
f 648 647 646
f 845 631 633
f 887 629 631
f 997 1240 1241
f 889 620 622
f 837 588 988
f 504 1184 506
f 454 1180 453
f 893 602 603
f 893 600 602
f 333 331 332
f 1040 1168 1041
f 603 606 841
f 741 1150 1350
f 837 585 588
f 321 1312 1311
f 768 1320 767
f 32 74 75
f 520 1254 521
f 32 75 1062
f 51 52 50
f 831 567 832
f 553 899 551
f 1042 227 229
f 948 1326 1327
f 1279 420 422
f 850 647 849
f 900 1243 1244
f 985 619 984
f 157 1363 1362
f 1095 1159 226
f 30 32 977
f 347 348 346
f 903 511 513
f 824 1238 1240
f 1039 236 238
f 870 1405 1406
f 1004 476 474
f 772 1317 942
f 912 483 481
f 106 1081 104
f 45 1057 1058
f 45 46 44
f 1446 1444 1445
f 1024 357 355
f 1006 1262 1182
f 804 438 435
f 1114 388 1293
f 1391 33 31
f 745 148 964
f 883 656 658
f 479 478 813
f 1022 347 408
f 524 1187 526
f 329 330 328
f 817 451 818
f 1297 398 400
f 1249 554 552
f 1404 1396 1403
f 1496 1497 1495
f 1379 34 37
f 800 1015 374
f 646 645 644
f 110 1375 107
f 213 1094 216
f 355 352 353
f 749 118 750
f 1336 224 222
f 1091 1358 138
f 1037 259 261
f 1306 343 341
f 942 249 251
f 829 1232 994
f 1039 1099 945
f 475 1269 473
f 73 72 71
f 1040 234 8
f 47 45 1058
f 948 211 214
f 740 79 1051
f 1349 180 178
f 748 127 958
f 840 603 841
f 1079 34 1378
f 752 169 172
f 594 597 839
f 898 570 991
f 1287 367 368
f 77 1050 1051
f 134 1358 1357
f 366 924 1025
f 397 398 396
f 1192 1249 549
f 962 142 141
f 1508 1507 1506
f 303 311 1031
f 1365 1364 158
f 465 1266 462
f 1193 556 1248
f 899 548 551
f 1274 410 1275
f 945 1169 768
f 399 400 398
f 344 366 1025
f 735 105 103
f 355 1023 1024
f 864 851 852
f 752 173 753
f 616 1200 618
f 891 606 608
f 1146 1390 72
f 372 371 800
f 975 62 60
f 796 392 797
f 626 628 983
f 976 73 71
f 232 1335 1334
f 935 284 286
f 1368 76 78
f 819 505 820
f 980 15 20
f 15 980 14
f 420 1124 417
f 1042 1322 766
f 292 1171 294
f 848 682 883
f 1317 299 296
f 1095 224 1336
f 241 944 238
f 532 997 531
f 55 57 56
f 207 1157 210
f 408 921 1022
f 655 1141 657
f 861 863 862
f 849 693 694
f 192 1344 194
f 987 1136 988
f 935 1106 1034
f 591 987 590
f 1396 1395 1206
f 962 139 746
f 147 1361 1360
f 1398 708 710
f 764 1324 1166
f 555 994 553
f 644 1201 646
f 1223 635 632
f 66 1073 64
f 480 1178 477
f 534 536 824
f 435 434 805
f 826 544 827
f 1041 229 231
f 98 1083 95
f 917 430 428
f 932 310 308
f 828 546 995
f 46 1077 44
f 1244 571 569
f 809 1005 409
f 833 575 834
f 492 1273 490
f 744 150 745
f 1495 1551 1552
f 1135 1224 630
f 522 901 519
f 34 1079 116
f 765 227 766
f 990 1225 834
f 395 396 394
f 999 1131 1242
f 43 1056 1057
f 1043 211 948
f 853 1069 1070
f 499 905 1000
f 906 497 1000
f 994 555 829
f 1338 1337 221
f 617 985 890
f 43 44 42
f 448 1118 447
f 1275 410 412
f 392 393 390
f 167 1351 1350
f 986 1141 891
f 1103 312 1313
f 1246 565 563
f 1006 914 411
f 318 317 316
f 87 1085 86
f 1099 1170 285
f 33 30 31
f 397 1020 1021
f 970 108 105
f 62 63 61
f 1134 1197 607
f 1044 1329 1161
f 824 536 825
f 801 369 1014
f 335 1107 338
f 1302 348 350
f 1017 799 379
f 29 28 27
f 385 918 387
f 947 1166 1165
f 343 1306 1305
f 374 375 373
f 829 559 830
f 338 336 335
f 434 432 805
f 268 1166 1324
f 826 1236 1237
f 795 399 1021
f 865 867 866
f 1130 1195 3
f 793 347 1022
f 1106 333 1308
f 769 243 770
f 506 1259 508
f 1241 1240 580
f 1007 421 419
f 953 952 1097
f 27 26 25
f 319 929 317
f 375 1289 373
f 1166 268 266
f 1154 1347 186
f 1133 1233 596
f 299 1317 1316
f 908 461 816
f 904 1247 1194
f 1038 1101 774
f 151 1089 149
f 471 1128 468
f 427 425 806
f 950 1044 1161
f 657 656 655
f 18 22 21
f 784 313 930
f 775 263 776
f 1327 257 256
f 750 165 751
f 521 1186 524
f 298 934 297
f 1393 1144 23
f 813 476 1004
f 1035 1311 939
f 288 1033 286
f 12 1402 10
f 881 688 690
f 366 364 365
f 267 940 1036
f 109 110 107
f 556 1193 558
f 5 1314 1313
f 252 1098 254
f 269 940 267
f 284 935 1034
f 491 489 810
f 936 1173 938
f 185 953 756
f 209 1043 760
f 153 1148 151
f 1250 1129 545
f 196 1342 198
f 115 116 114
f 197 950 758
f 604 1230 605
f 697 850 694
f 1335 232 230
f 229 1041 1042
f 945 768 236
f 325 1173 328
f 908 463 461
f 1290 1176 380
f 1092 133 1357
f 804 435 805
f 19 1206 1395
f 1239 1196 586
f 854 1413 1402
f 735 103 736
f 47 48 46
f 1392 31 29
f 148 146 964
f 762 1325 1326
f 383 384 382
f 191 951 189
f 1211 717 719
f 774 1315 773
f 1334 9 233
f 1306 341 339
f 862 1400 1408
f 89 968 1052
f 778 1310 936
f 887 628 629
f 35 972 1055
f 26 1064 1065
f 174 1152 176
f 140 1091 138
f 635 1136 636
f 1266 1179 460
f 65 66 64
f 342 344 789
f 1195 1244 569
f 1330 1160 242
f 670 1143 720
f 1037 1038 258
f 955 177 179
f 337 340 925
f 968 88 85
f 184 1154 186
f 1231 604 601
f 518 1256 1255
f 820 1194 1193
f 770 245 771
f 95 1084 94
f 877 638 641
f 21 20 19
f 332 330 329
f 527 998 999
f 277 276 1168
f 412 1276 1275
f 453 1181 494
f 810 489 811
f 180 1348 182
f 509 903 904
f 834 1226 833
f 24 1065 1066
f 1344 1155 194
f 1329 250 248
f 1234 595 1235
f 316 315 314
f 1094 1158 216
f 970 971 108
f 429 1122 426
f 1263 454 456
f 646 1140 648
f 858 1068 723
f 1055 733 36
f 939 1312 777
f 895 597 598
f 831 1229 992
f 900 523 823
f 494 1182 495
f 379 380 377
f 995 1133 1234
f 604 602 601
f 1328 1098 252
f 822 1130 1245
f 493 809 409
f 951 1331 1332
f 946 220 223
f 931 306 783
f 952 1332 1097
f 880 651 881
f 300 933 298
f 972 35 117
f 760 1163 1162
f 923 365 362
f 1159 1335 230
f 1001 452 817
f 1325 1164 262
f 19 1395 21
f 759 1098 1328
f 767 1320 1321
f 809 491 810
f 586 587 588
f 992 564 566
f 838 594 839
f 354 1175 1109
f 1070 1071 860
f 855 1412 1413
f 833 1227 897
f 1161 248 246
f 537 1252 539
f 640 638 639
f 584 1238 1239
f 141 139 962
f 82 84 1086
f 1344 192 1345
f 1303 1175 356
f 577 990 834
f 246 244 1161
f 256 254 1163
f 1142 665 1213
f 276 274 1167
f 285 283 1099
f 296 294 1100
f 363 364 1108
f 394 396 1113
f 569 3 1195
f 966 162 741
f 578 576 1132
f 587 586 1237
f 607 605 1134
f 609 607 1197
f 1164 1165 264
f 896 987 591
f 1206 16 1205
f 1210 715 717
f 1209 1208 1207
f 1553 1492 1552
f 389 1018 1019
f 726 30 977
f 1216 1215 659
f 654 1217 1202
f 642 1221 1220
f 666 673 671
f 2 898 832
f 950 1161 1160
f 957 123 121
f 790 362 361
f 482 1177 480
f 615 1228 1198
f 1322 1167 271
f 960 135 132
f 38 39 37
f 769 1170 944
f 302 1101 309
f 777 1105 940
f 655 1202 1141
f 1255 520 518
f 68 66 67
f 526 1187 1188
f 1289 1288 370
f 929 319 785
f 437 1120 436
f 904 507 509
f 164 1351 166
f 622 624 844
f 568 1245 1130
f 370 1288 1287
f 231 1040 1041
f 530 1253 1189
f 1183 1184 504
f 788 342 789
f 510 1258 1257
f 442 1011 803
f 431 1121 429
f 515 1185 516
f 690 880 881
f 362 360 361
f 507 820 505
f 836 1224 835
f 894 1201 895
f 193 195 757
f 1400 862 851
f 1078 1380 39
f 670 668 665
f 901 1244 1195
f 946 223 764
f 548 899 995
f 1249 552 550
f 1128 1268 468
f 36 37 34
f 94 1372 92
f 957 119 749
f 320 317 318
f 1298 400 402
f 936 279 778
f 1342 201 198
f 1101 302 1315
f 1220 644 642
f 759 206 760
f 1386 59 61
f 846 634 847
f 600 893 894
f 292 1318 1171
f 128 1354 126
f 1040 8 767
f 1241 580 578
f 686 883 684
f 997 532 824
f 1247 563 561
f 821 1245 1246
f 1325 260 1326
f 949 200 202
f 698 700 878
f 116 1080 1377
f 269 777 940
f 947 1165 1164
f 426 1280 424
f 953 1097 1096
f 757 1330 1331
f 1339 212 1340
f 1036 265 267
f 228 1159 230
f 632 1224 1223
f 1303 358 360
f 1034 1309 778
f 169 752 956
f 180 1349 1348
f 1397 706 708
f 899 1133 995
f 1352 122 1353
f 1102 1314 309
f 1172 324 1311
f 572 1243 1242
f 512 1185 515
f 756 1096 1333
f 19 15 16
f 1305 1174 345
f 903 1246 1247
f 764 1323 1324
f 1236 592 589
f 643 878 641
f 982 847 634
f 559 993 830
f 290 1319 1318
f 874 1405 870
f 919 1020 397
f 842 1216 986
f 1295 393 394
f 1012 446 802
f 1189 533 530
f 54 1076 52
f 912 481 812
f 1072 1392 29
f 508 1259 1258
f 410 1274 492
f 483 912 484
f 720 1212 719
f 746 139 137
f 1074 1386 61
f 659 657 1216
f 1217 652 1218
f 442 440 1011
f 947 218 220
f 91 89 1052
f 921 408 406
f 55 54 53
f 113 114 112
f 64 1074 63
f 312 1104 314
f 544 546 828
f 856 1067 1068
f 203 1156 205
f 1225 623 1226
f 53 973 1060
f 626 983 888
f 892 1218 841
f 279 936 937
f 55 56 54
f 609 1229 611
f 637 876 982
f 1064 26 28
f 1366 76 1367
f 430 917 1009
f 599 1232 601
f 618 1227 621
f 595 1234 596
f 53 54 52
f 938 937 936
f 99 969 737
f 568 565 1245
f 579 835 989
f 1224 632 630
f 1247 1246 563
f 432 430 1009
f 891 608 610
f 736 101 737
f 989 1135 990
f 41 42 39
f 528 1188 1253
f 74 1146 72
f 25 24 23
f 301 1315 304
f 1250 541 1251
f 993 1230 830
f 665 1142 670
f 988 1136 837
f 354 1109 352
f 634 637 982
f 1037 1102 1038
f 130 959 132
f 1003 463 908
f 812 479 813
f 249 942 943
f 134 1357 133
f 976 71 727
f 1544 713 1543
f 510 1257 512
f 351 350 349
f 68 69 66
f 870 1406 868
f 943 1171 771
f 188 1347 1346
f 1098 1162 254
f 814 469 815
f 149 1361 147
f 1260 500 1261
f 1340 212 210
f 501 1183 504
f 458 460 1265
f 334 1026 1027
f 589 1237 1236
f 1316 301 299
f 468 1268 466
f 1140 1219 650
f 841 1219 840
f 735 970 105
f 353 352 351
f 475 477 1270
f 477 1178 1270
f 165 1046 751
f 574 1131 576
f 947 763 218
f 152 744 965
f 558 1194 560
f 850 645 647
f 412 414 1276
f 386 1115 384
f 344 345 366
f 137 135 1048
f 1038 255 258
f 422 424 1279
f 838 1221 896
f 1061 65 62
f 663 1214 1213
f 265 1036 941
f 1237 589 587
f 436 1283 433
f 1506 1504 1505
f 617 619 985
f 1197 1229 609
f 285 1170 287
f 447 1286 445
f 1126 1177 482
f 28 30 726
f 1312 321 320
f 860 1399 853
f 1138 640 639
f 652 1219 1218
f 1000 497 499
f 942 1100 943
f 645 879 643
f 1312 320 318
f 948 214 761
f 896 1138 987
f 1371 87 90
f 387 388 386
f 772 253 773
f 967 83 740
f 67 65 1061
f 835 1135 989
f 381 382 380
f 363 1304 360
f 343 342 341
f 593 594 838
f 1381 46 48
f 339 338 1307
f 314 1105 316
f 378 1016 1017
f 1028 326 327
f 1308 332 1309
f 894 598 600
f 753 175 754
f 932 308 931
f 1157 1340 210
f 642 641 640
f 994 1233 899
f 86 1086 84
f 1177 1178 480
f 309 1314 307
f 863 861 1071
f 259 1037 258
f 849 647 649
f 1110 1302 350
f 1069 722 721
f 661 1215 1214
f 417 1277 415
f 628 887 983
f 498 1262 1261
f 1356 1355 128
f 130 132 131
f 1319 290 289
f 866 864 865
f 944 241 769
f 327 330 926
f 1262 495 1182
f 901 517 519
f 1282 431 433
f 131 1356 128
f 893 1139 894
f 1515 1464 1517
f 439 1119 437
f 407 1111 405
f 1389 69 70
f 133 1092 131
f 898 2 570
f 289 1170 1319
f 1100 1317 296
f 237 235 1332
f 764 225 765
f 1333 9 1334
f 301 1316 1315
f 1093 122 1352
f 507 904 820
f 1041 1168 1167
f 963 144 142
f 953 187 952
f 924 366 365
f 648 1140 650
f 37 1380 1379
f 897 1200 991
f 770 1319 769
f 1321 1320 278
f 1120 1283 436
f 917 1267 1268
f 190 1345 192
f 953 185 187
f 644 643 642
f 1286 1285 445
f 460 1179 1265
f 775 1314 1037
f 408 405 406
f 1261 500 498
f 418 416 808
f 76 1366 163
f 1513 1512 1511
f 126 1354 124
f 700 703 877
f 500 1260 501
f 1384 56 57
f 938 1172 1035
f 891 1217 892
f 889 984 620
f 391 389 1019
f 157 1362 155
f 533 1190 535
f 158 161 1365
f 1505 1502 1503
f 421 1007 1008
f 1117 367 1287
f 943 245 247
f 1285 441 443
f 624 626 888
f 80 82 1369
f 409 1005 1006
f 1220 1201 644
f 1269 475 1270
f 90 92 1371
f 98 1374 1373
f 763 1164 1325
f 356 1175 354
f 107 1081 106
f 100 102 1147
f 7 1097 235
f 372 800 374
f 324 321 1311
f 333 1106 335
f 1184 1259 506
f 101 99 737
f 112 1376 110
f 114 116 1377
f 998 1241 1132
f 773 1316 772
f 39 1380 37
f 385 386 384
f 39 42 1078
f 1059 53 51
f 1041 1167 1042
f 48 50 1383
f 316 1105 318
f 55 1060 974
f 23 1144 25
f 104 1082 102
f 722 1069 853
f 651 880 649
f 1323 271 270
f 29 27 1072
f 345 344 343
f 1393 21 1394
f 306 5 4
f 905 1248 1249
f 840 1140 893
f 311 309 310
f 630 628 627
f 754 1159 1095
f 844 888 1211
f 294 296 295
f 91 92 90
f 1046 1338 1158
f 927 1298 928
f 613 610 611
f 963 1346 1347
f 816 1190 1189
f 289 286 287
f 929 1111 1029
f 956 1337 1338
f 1521 1445 1522
f 961 1048 1343
f 270 267 268
f 814 1254 1255
f 611 610 609
f 958 1157 1156
f 287 286 285
f 914 1182 1181
f 10 1203 13
f 1481 1483 1547
f 925 1114 1026
f 486 487 485
f 1058 1369 731
f 980 1382 981
f 905 499 502
f 148 149 147
f 130 131 128
f 970 1359 1360
f 484 485 482
f 1005 1261 1262
f 1008 1264 1265
f 726 1079 1064
f 1007 1263 1264
f 970 1360 1361
f 796 1121 919
f 576 575 574
f 127 128 126
f 975 1083 1373
f 789 1115 788
f 799 1017 1277
f 1018 1279 1019
f 1013 1271 1272
f 973 1371 1060
f 132 134 133
f 464 465 462
f 537 536 535
f 803 1177 802
f 264 263 262
f 1365 733 1364
f 885 676 678
f 919 1281 1020
f 728 1061 1374
f 732 1366 1056
f 455 456 454
f 280 1320 1169
f 788 1115 925
f 802 1126 1012
f 740 1149 1093
f 1065 1379 1066
f 921 1284 1022
f 256 255 254
f 246 248 247
f 233 234 231
f 975 1373 1061
f 132 133 131
f 875 1394 1395
f 791 1289 790
f 1377 977 1063
f 1105 1312 318
f 1029 315 317
f 991 1199 898
f 539 1252 1251
f 404 405 402
f 62 64 63
f 227 1042 766
f 119 118 749
f 842 614 890
f 395 919 397
f 760 1162 1098
f 1292 382 384
f 1043 1327 1163
f 1548 1477 1547
f 348 1302 1301
f 49 50 48
f 717 1211 1210
f 271 1167 274
f 168 956 1046
f 406 920 921
f 665 664 663
f 1501 1502 1500
f 1190 1252 537
f 1215 661 659
f 828 1234 1235
f 981 11 14
f 357 354 355
f 983 1210 888
f 308 5 306
f 877 876 638
f 1031 1304 782
f 444 445 443
f 632 631 630
f 105 107 106
f 105 106 104
f 324 322 321
f 984 1142 985
f 889 1142 984
f 1300 407 346
f 205 1156 207
f 172 173 752
f 1033 288 779
f 821 513 822
f 1299 402 405
f 142 143 140
f 421 422 420
f 476 477 475
f 1024 1288 791
f 483 484 482
f 489 490 488
f 742 1151 1150
f 1064 1378 1065
f 811 1259 1184
f 924 1290 1025
f 413 415 414
f 428 429 426
f 271 269 270
f 425 426 424
f 528 526 1188
f 277 275 276
f 162 163 161
f 618 617 616
f 864 1145 865
f 852 1146 864
f 815 909 1187
f 843 1143 889
f 966 77 162
f 58 59 57
f 828 1235 1236
f 1016 374 1015
f 339 337 338
f 388 1114 386
f 215 218 763
f 636 1137 639
f 583 1240 1238
f 896 593 838
f 744 152 150
f 314 313 312
f 450 368 367
f 111 112 110
f 755 1333 1334
f 1032 1305 780
f 446 447 445
f 305 304 303
f 312 4 5
f 656 883 882
f 621 619 618
f 930 1301 784
f 1070 1387 1071
f 1071 1388 863
f 432 433 431
f 283 285 284
f 601 600 599
f 877 641 878
f 909 1188 1187
f 1203 1204 1205
f 746 1155 1344
f 962 1345 1346
f 85 86 84
f 980 1077 1382
f 915 1180 1263
f 913 1258 1259
f 583 581 580
f 724 1076 1067
f 914 1006 1182
f 912 1257 1258
f 607 606 605
f 811 913 1259
f 1049 1349 1152
f 807 1008 1265
f 137 138 136
f 1010 1269 1270
f 580 579 578
f 452 454 453
f 125 126 124
f 1398 847 1397
f 739 1052 1356
f 121 122 120
f 254 253 252
f 1054 1088 1362
f 571 570 569
f 457 458 456
f 733 1365 732
f 884 660 662
f 727 1081 976
f 1559 1550 1561
f 240 238 239
f 146 147 145
f 1278 1018 918
f 792 1118 922
f 244 243 242
f 190 191 189
f 246 245 244
f 228 227 226
f 1016 1275 1276
f 510 511 509
f 735 1090 1359
f 733 1055 1364
f 123 124 122
f 971 970 1361
f 188 189 187
f 1059 1370 973
f 978 1078 979
f 729 1083 975
f 727 728 1147
f 176 178 177
f 2 3 569
f 144 145 143
f 325 328 327
f 63 1074 61
f 170 1150 171
f 902 1195 1130
f 782 303 1031
f 1067 1384 1068
f 907 1252 1190
f 292 291 290
f 815 1187 1186
f 625 624 623
f 844 1212 843
f 16 14 13
f 93 94 92
f 750 1094 1339
f 751 1158 1094
f 957 1339 1340
f 434 436 433
f 623 622 621
f 959 1341 1342
f 753 1095 1336
f 752 1336 1337
f 865 1392 869
f 906 1191 1129
f 934 1174 1032
f 446 448 447
f 779 1307 1033
f 605 603 604
f 457 1002 459
f 459 460 458
f 479 480 477
f 467 468 466
f 1050 1350 1351
f 283 282 280
f 786 1112 926
f 917 1266 1267
f 922 1117 1023
f 744 1348 1349
f 1008 807 423
f 1286 792 793
f 156 158 157
f 595 593 592
f 811 1184 1183
f 745 1153 1348
f 599 598 596
f 493 409 492
f 162 76 163
f 848 660 884
f 413 414 412
f 964 1347 1154
f 627 626 625
f 89 90 87
f 1511 1509 1510
f 625 1135 627
f 895 1220 839
f 806 423 807
f 1092 1356 131
f 124 1354 1353
f 623 1227 1226
f 242 1160 244
f 182 1154 184
f 1026 336 337
f 862 852 851
f 359 358 357
f 1488 1489 1486
f 1273 1272 488
f 979 22 978
f 60 61 59
f 143 1090 140
f 401 400 399
f 1132 1241 578
f 1191 1192 549
f 1056 43 41
f 398 1112 396
f 341 340 339
f 941 1313 776
f 171 1151 174
f 392 394 393
f 1331 239 237
f 311 1030 1031
f 389 388 387
f 31 1392 1391
f 839 1221 838
f 597 895 839
f 942 251 772
f 902 822 514
f 1150 170 1350
f 273 1035 939
f 1382 46 1381
f 369 370 368
f 99 100 98
f 779 780 1306
f 871 1144 872
f 103 104 102
f 872 1393 873
f 906 1192 1191
f 847 982 1397
f 656 882 653
f 13 1203 1205
f 85 87 86
f 1403 1203 1402
f 913 486 484
f 115 113 734
f 926 1028 327
f 1156 1157 207
f 867 868 1401
f 866 867 1401
f 1059 49 731
f 1118 1286 447
f 825 1196 1239
f 1399 860 861
f 262 1164 264
f 1409 859 722
f 830 1231 829
f 1410 858 859
f 857 858 1411
f 856 857 1411
f 71 69 68
f 1413 854 855
f 898 1198 832
f 1203 10 1402
f 1402 12 854
f 1410 1412 1411
f 1410 1413 1412
f 1410 1402 1413
f 1410 1403 1402
f 1410 1404 1403
f 1410 1405 1404
f 1406 1405 1410
f 1401 1406 1410
f 1407 1401 1410
f 1400 1407 1410
f 1410 1408 1400
f 1399 1408 1410
f 1410 1409 1399
f 1443 1444 1442
f 1425 1426 1424
f 1427 1428 1426
f 1424 1423 1425
f 1425 1427 1426
f 1044 199 200
f 1430 1429 1431
f 1421 1422 1420
f 1454 1455 1453
f 1432 1431 1433
f 1450 1451 1449
f 1448 1449 1447
f 1434 1436 1435
f 1461 1462 1459
f 1472 1473 1471
f 1438 1436 1439
f 1440 1439 1441
f 1442 1441 1443
f 1447 1446 1448
f 1416 1414 1415
f 1448 1450 1449
f 832 1228 831
f 1453 1452 1454
f 1456 1458 1457
f 1459 1458 1460
f 1463 1466 1465
f 1470 1471 1469
f 1466 1468 1467
f 1466 1467 1465
f 1469 1468 1470
f 1470 1472 1471
f 1416 1474 1414
f 1476 1519 1520
f 1485 1486 1484
f 1478 1479 1477
f 1520 1519 1518
f 1482 1484 1483
f 1517 1514 1515
f 1480 1481 1479
f 1478 1477 1476
f 1480 1479 1478
f 1515 1512 1513
f 1510 1507 1508
f 414 1277 1276
f 1498 1499 1497
f 1494 1495 1492
f 1482 1483 1481
f 1518 1516 1517
f 767 1321 1040
f 1529 677 675
f 679 1527 681
f 1538 702 1537
f 677 1533 679
f 1531 718 1530
f 1535 699 696
f 716 1528 718
f 687 1522 689
f 1523 689 1522
f 1532 666 1531
f 824 1239 1238
f 1534 695 1524
f 675 1532 1529
f 1530 718 1528
f 1542 709 1541
f 685 1525 1521
f 1540 707 1539
f 1540 709 707
f 1541 709 1540
f 681 1526 683
f 1535 696 1534
f 704 1539 707
f 1524 692 1523
f 1543 711 1542
f 1538 704 702
f 714 1528 716
f 1486 1549 1550
f 1519 1475 1545
f 1516 1545 1546
f 1502 1554 1555
f 908 1189 1253
f 1512 1514 1546
f 1477 1548 1475
f 1186 521 1254
f 278 937 277
f 1499 1500 1555
f 1504 1507 1557
f 1492 1553 1491
f 1489 1491 1549
f 1483 1484 1550
f 1497 1499 1551
f 1509 1556 1557
f 1558 1559 1560
f 1562 1561 1563
f 1561 1552 1563
f 1546 1545 1558
f 1560 1512 1546
f 1545 1475 1558
f 1563 1555 1562
f 1558 1548 1547
f 1475 1548 1558
f 1559 1547 1483
f 1562 1557 1560
f 1550 1549 1561
f 1559 1483 1550
f 1561 1549 1491
f 1552 1561 1553
f 1563 1552 1551
f 1491 1553 1561
f 1563 1551 1499
f 1562 1555 1554
f 1563 1499 1555
f 1562 1554 1504
f 1560 1546 1558
f 1560 1557 1556
f 1562 1504 1557
f 1560 1556 1512
f 1451 1508 1506
f 347 407 408
f 1467 1520 1518
f 1418 1482 1480
f 1478 1415 1480
f 1505 1449 1506
f 1459 1513 1511
f 1455 1511 1510
f 1493 1432 1494
f 1442 1501 1498
f 1471 1478 1476
f 1459 1515 1513
f 1503 1447 1505
f 1428 1490 1488
f 1501 1444 1503
f 1453 1510 1508
f 1465 1518 1517
f 1435 1496 1494
f 1496 1438 1498
f 1430 1493 1490
f 1469 1476 1520
f 1482 1420 1485
f 1422 1487 1485
f 1429 1537 1536
f 1445 1443 1522
f 1474 1542 1414
f 1523 1443 1441
f 1423 1539 1538
f 1458 1529 1532
f 1524 1439 1436
f 1427 1538 1537
f 1535 1433 1431
f 1458 1533 1529
f 1536 1431 1429
f 1414 1542 1541
f 1436 1534 1524
f 1427 1425 1538
f 1538 1425 1423
f 1423 1421 1539
f 1452 1527 1454
f 1417 1541 1540
f 1434 1535 1534
f 1463 1531 1530
f 1417 1414 1541
f 1439 1524 1523
f 1474 1472 1543
f 1439 1523 1441
f 1544 1470 1468
f 1454 1527 1533
f 1468 1466 1528
f 1431 1536 1535
f 1446 1521 1525
f 1463 1461 1531
f 1421 1540 1539
f 1532 1460 1458
f 1468 1528 1544
f 1456 1454 1533
f 1452 1526 1527
f 1450 1448 1525
f 1525 1448 1446
f 712 1207 1208
f 438 439 437
f 669 671 673
f 674 668 673
f 676 885 674
f 782 1304 781
f 678 884 885
f 967 1352 1353
f 1047 1340 1157
f 217 1338 219
f 639 637 636
f 31 30 29
f 781 305 782
f 853 1070 860
f 1227 623 621
f 473 1127 471
f 25 1072 27
f 22 17 978
f 982 705 706
f 694 850 849
f 1326 260 257
f 450 1012 1013
f 176 1349 178
f 1208 1398 710
f 759 1328 1329
f 654 651 652
f 652 649 650
f 1561 1560 1559
f 794 1120 1119
f 732 40 38
f 990 1135 1225
f 771 1171 1318
f 132 959 960
f 1342 1341 201
f 46 1382 1077
f 887 631 845
f 831 566 567
f 793 349 347
f 1212 1211 719
f 822 513 514
f 240 1331 1330
f 565 1246 1245
f 747 130 129
f 996 1237 1196
f 429 1121 1122
f 401 403 402
f 362 363 360
f 540 542 826
f 1291 1290 380
f 1250 545 543
f 361 360 358
f 33 1145 74
f 87 1370 1085
f 1014 369 450
f 909 467 464
f 1359 143 145
f 1388 66 69
f 592 1235 595
f 160 162 161
f 1048 960 1342
f 787 1295 1113
f 812 813 1257
f 711 713 712
f 864 1146 1145
f 907 1001 1252
f 91 93 92
f 749 750 1339
f 434 435 436
f 908 816 1189
f 1206 1204 1396
f 890 1214 1215
f 632 633 631
f 888 1210 1211
f 444 446 445
f 635 634 633
f 874 870 872
f 446 449 448
f 1032 1174 1305
f 903 821 1246
f 52 1076 1383
f 376 378 377
f 569 570 2
f 968 967 1353
f 576 577 575
f 1059 1086 1085
f 470 472 471
f 572 573 1
f 1021 1281 1282
f 793 1285 1286
f 805 1009 1128
f 727 1147 1082
f 266 267 265
f 248 249 247
f 257 259 258
f 917 916 1266
f 280 282 281
f 923 1116 1176
f 616 617 614
f 977 1377 1080
f 966 741 1350
f 294 295 293
f 725 1381 1383
f 274 275 273
f 1205 1204 1206
f 801 1014 1273
f 739 1356 1092
f 563 565 564
f 504 505 503
f 244 245 243
f 188 190 189
f 498 500 499
f 797 1123 1122
f 734 1089 1148
f 516 518 517
f 545 546 544
f 558 559 557
f 226 227 225
f 971 1361 1089
f 167 170 169
f 798 1277 1124
f 734 1148 1088
f 508 510 509
f 972 1054 1362
f 797 1280 1123
f 805 1128 1127
f 528 530 529
f 1057 1367 1368
f 794 1283 1120
f 571 1 570
f 1022 1284 1285
f 1052 968 1354
f 1013 1012 1271
f 1005 809 1261
f 967 740 1352
f 409 411 410
f 152 154 153
f 791 1288 1289
f 589 590 588
f 915 808 1180
f 965 744 1349
f 277 937 275
f 691 692 690
f 928 1298 1299
f 721 1385 1386
f 491 493 492
f 609 610 608
f 428 430 429
f 1071 1387 1388
f 781 1304 1108
f 290 291 288
f 301 305 300
f 717 714 716
f 751 1046 1158
f 621 622 620
f 1000 905 1249
f 1046 956 1338
f 881 651 653
f 1550 1484 1486
f 891 1202 1217
f 1033 1107 1106
f 951 757 1331
f 743 156 1049
f 396 1112 1113
f 85 83 967
f 1377 112 114
f 314 1104 1105
f 386 1114 1115
f 827 544 828
f 657 658 656
f 1088 153 155
f 980 20 979
f 722 853 1409
f 324 1172 325
f 755 181 183
f 369 371 370
f 117 35 34
f 389 391 390
f 728 68 67
f 901 900 1244
f 378 379 377
f 554 1249 1248
f 40 41 39
f 900 823 1242
f 1307 1306 339
f 122 124 1353
f 445 1285 443
f 778 279 281
f 1407 1400 851
f 900 901 522
f 343 344 342
f 1304 1303 360
f 845 633 846
f 25 26 24
f 865 869 868
f 767 8 6
f 745 964 1154
f 141 142 140
f 588 587 589
f 685 687 686
f 419 421 420
f 789 1291 1292
f 312 313 4
f 748 958 1156
f 615 614 612
f 423 425 424
f 1003 908 1253
f 787 1294 1295
f 750 751 1094
f 96 97 95
f 305 301 304
f 1001 817 1251
f 985 1142 1213
f 887 1209 1210
f 818 906 1129
f 311 302 309
f 103 105 104
f 120 118 119
f 970 735 1359
f 574 575 573
f 474 476 475
f 484 486 485
f 237 238 236
f 461 463 462
f 803 1011 1178
f 790 1289 1116
f 974 1371 1372
f 737 969 1358
f 589 591 590
f 1023 1117 1287
f 1008 1007 1264
f 578 579 577
f 785 1299 1111
f 150 152 151
f 303 304 302
f 599 600 598
f 221 222 220
f 494 451 452
f 252 253 251
f 184 185 183
f 802 1177 1126
f 732 1365 1087
f 729 1084 1083
f 230 232 231
f 194 195 193
f 803 1178 1177
f 731 1369 1086
f 537 538 536
f 518 520 519
f 535 536 534
f 800 1125 1274
f 198 201 200
f 736 1091 1090
f 539 541 540
f 7 6 8
f 515 514 513
f 800 1273 1125
f 520 521 522
f 550 552 551
f 232 233 231
f 217 218 215
f 174 175 173
f 568 567 566
f 271 273 272
f 472 474 473
f 1053 738 1092
f 1021 1282 1283
f 1050 966 1350
f 916 806 1266
f 262 263 261
f 979 1078 1077
f 250 251 249
f 810 811 1183
f 592 593 591
f 267 266 268
f 159 160 158
f 852 1390 1146
f 912 812 1257
f 77 79 78
f 689 691 690
f 978 1380 1078
f 1027 1293 1294
f 813 1004 1185
f 1068 1384 1385
f 863 1388 1389
f 930 1300 1301
f 882 881 653
f 440 442 441
f 627 628 626
f 933 1108 1174
f 310 309 307
f 111 113 112
f 719 717 716
f 266 1165 1166
f 811 489 486
f 720 718 666
f 25 1144 1072
f 1036 1104 1103
f 797 392 391
f 339 340 337
f 1398 1397 708
f 686 688 881
f 783 1302 1110
f 960 959 1342
f 1028 1296 1297
f 1030 1175 1303
f 666 675 674
f 50 52 1383
f 732 1087 1366
f 1329 1328 250
f 1490 1493 1492
f 880 849 649
f 682 684 883
f 1411 1412 856
f 955 754 177
f 869 871 870
f 954 755 1334
f 210 212 211
f 833 897 1
f 316 317 315
f 659 660 658
f 748 129 127
f 636 637 634
f 413 416 415
f 623 624 622
f 524 525 523
f 17 24 1066
f 290 1318 292
f 999 998 1132
f 136 138 1358
f 1176 377 380
f 1271 1126 485
f 784 4 313
f 768 1169 1320
f 351 352 350
f 32 33 74
f 520 1255 1254
f 235 1097 1332
f 993 992 1197
f 948 761 1326
f 1279 1278 420
f 1347 188 186
f 405 1111 1299
f 347 349 348
f 374 376 375
f 786 330 331
f 1039 945 236
f 383 385 384
f 543 541 1250
f 1040 1321 1168
f 772 1316 1317
f 421 1008 423
f 366 345 364
f 646 647 645
f 1338 221 219
f 391 392 390
f 1222 1136 635
f 1263 1180 454
f 576 1131 1132
f 86 1085 1086
f 777 269 272
f 836 1222 1223
f 403 404 402
f 848 884 680
f 1358 134 136
f 862 863 852
f 158 1364 1363
f 1404 875 1396
f 1379 1378 34
f 786 331 787
f 834 1225 1226
f 3 568 1130
f 352 1109 1110
f 663 664 662
f 110 1376 1375
f 927 323 326
f 355 354 352
f 951 191 193
f 729 975 60
f 273 275 1035
f 829 1231 1232
f 395 397 396
f 808 416 413
f 98 1373 1083
f 899 1233 1133
f 73 74 72
f 501 1260 1183
f 1059 51 49
f 740 81 79
f 332 329 1309
f 370 1287 368
f 998 997 1241
f 1329 248 1161
f 32 1063 977
f 459 1002 816
f 897 1227 1200
f 1006 411 409
f 577 579 990
f 791 790 359
f 1406 1401 868
f 823 523 525
f 397 1021 399
f 907 457 455
f 625 1225 1135
f 1350 170 167
f 821 903 513
f 325 327 326
f 117 1054 972
f 554 1248 556
f 725 12 11
f 6 236 768
f 338 1107 1307
f 616 1199 1200
f 1330 242 240
f 891 892 606
f 222 1337 1336
f 930 315 1029
f 917 428 916
f 914 413 411
f 1368 1367 76
f 420 1278 1124
f 1419 1420 1418
f 1042 1167 1322
f 345 1174 364
f 467 909 815
f 1555 1500 1502
f 321 322 319
f 640 641 638
f 268 1324 270
f 55 58 57
f 833 573 575
f 384 1115 1292
f 397 399 398
f 987 1137 1136
f 762 215 763
f 266 264 1165
f 82 1086 1369
f 1039 238 944
f 1409 1410 859
f 1223 1222 635
f 104 1081 1082
f 1283 1282 433
f 994 1232 1233
f 986 612 842
f 826 542 544
f 743 159 156
f 1384 54 56
f 1410 1411 858
f 99 97 969
f 816 461 459
f 21 1395 1394
f 492 1125 1273
f 1495 1497 1551
f 788 925 340
f 378 376 1016
f 765 225 227
f 757 758 1330
f 1262 498 495
f 21 22 20
f 1207 1210 1209
f 1221 642 640
f 980 981 14
f 601 602 600
f 79 77 1051
f 818 451 496
f 154 152 965
f 853 1399 1409
f 167 166 1351
f 700 877 878
f 217 1158 1338
f 766 1322 1323
f 294 1171 1100
f 842 612 614
f 801 800 371
f 934 1032 297
f 74 1145 1146
f 473 1269 1127
f 33 32 30
f 1050 77 966
f 826 827 1236
f 958 125 1047
f 561 560 1194
f 1493 1494 1492
f 1044 949 1329
f 796 919 395
f 979 20 22
f 976 1062 73
f 933 934 298
f 964 144 963
f 918 1018 387
f 275 938 1035
f 213 1339 1094
f 747 959 130
f 823 525 999
f 283 1169 1099
f 143 1359 1090
f 916 427 806
f 947 946 1166
f 71 72 70
f 829 557 559
f 338 337 336
f 605 1230 1134
f 512 1257 1185
f 905 502 503
f 24 26 1065
f 36 35 1055
f 761 214 215
f 755 183 185
f 545 1191 547
f 1067 855 724
f 639 1137 1138
f 470 814 472
f 1233 1232 599
f 721 722 859
f 769 241 243
f 1396 875 1395
f 372 374 373
f 244 1160 1161
f 1280 1279 424
f 823 999 1242
f 27 28 26
f 993 1197 1134
f 117 115 1054
f 492 1274 1125
f 197 199 950
f 1033 935 286
f 787 331 334
f 471 1127 1128
f 151 1148 1089
f 833 1226 1227
f 548 995 546
f 18 17 22
f 778 1309 1310
f 1061 62 975
f 750 118 165
f 813 478 476
f 636 1136 1137
f 1035 1172 1311
f 144 964 146
f 625 623 1225
f 851 866 1407
f 5 307 1314
f 646 1201 1139
f 655 656 653
f 486 913 811
f 456 458 1264
f 140 1090 1091
f 876 703 705
f 417 1124 1277
f 765 766 1323
f 153 1088 1148
f 910 911 474
f 196 1343 1342
f 670 671 669
f 951 193 757
f 1067 856 855
f 986 891 610
f 494 1181 1182
f 837 1136 1222
f 822 902 1130
f 843 889 622
f 524 1186 1187
f 449 446 1012
f 213 212 1339
f 986 610 612
f 572 1242 574
f 808 413 914
f 965 1049 154
f 891 1141 1202
f 65 67 66
f 1383 1381 48
f 637 638 876
f 295 1032 780
f 1058 731 47
f 328 1173 1310
f 742 160 159
f 95 1083 1084
f 537 535 1190
f 518 516 1256
f 820 904 1194
f 770 243 245
f 332 331 330
f 171 1150 1151
f 736 103 101
f 971 111 109
f 698 878 879
f 1045 954 1334
f 1038 1102 1101
f 841 1218 1219
f 738 1053 93
f 309 1101 1102
f 733 732 38
f 646 1139 1140
f 858 857 1068
f 843 622 844
f 900 522 523
f 525 527 999
f 832 567 2
f 7 1096 1097
f 1498 1501 1500
f 604 603 602
f 1045 955 179
f 51 53 52
f 596 1234 1133
f 615 1198 616
f 760 1043 1163
f 923 924 365
f 262 260 1325
f 1037 1314 1102
f 333 332 1308
f 38 40 39
f 329 1310 1309
f 163 1087 161
f 1034 1106 1308
f 742 159 743
f 727 71 68
f 221 1337 222
f 992 993 564
f 371 372 370
f 1034 282 284
f 855 856 1412
f 584 583 1238
f 835 581 582
f 66 1387 1073
f 596 1233 599
f 992 566 831
f 358 1303 356
f 963 962 1346
f 755 954 181
f 709 711 710
f 389 387 1018
f 1110 350 352
f 775 261 263
f 54 1384 1075
f 957 1047 123
f 790 923 362
f 861 860 1071
f 9 1333 1096
f 960 1048 135
f 769 1319 1170
f 777 1312 1105
f 670 1142 1143
f 35 36 34
f 47 49 48
f 902 901 1195
f 1037 261 775
f 827 828 1236
f 1082 1147 102
f 1511 1512 1509
f 680 682 848
f 803 444 442
f 739 93 91
f 642 643 641
f 60 62 61
f 53 1060 55
f 890 614 617
f 1029 317 929
f 29 30 28
f 431 1281 1121
f 351 1023 353
f 383 798 918
f 745 150 148
f 113 115 114
f 781 933 300
f 774 253 255
f 779 288 291
f 836 1223 1224
f 687 689 688
f 764 223 225
f 819 503 505
f 571 1244 1243
f 32 1062 1063
f 670 669 668
f 761 215 762
f 70 1390 1389
f 188 1346 190
f 94 1084 1372
f 41 43 42
f 320 319 317
f 562 564 993
f 986 1216 1141
f 462 1266 460
f 829 555 557
f 1386 1385 59
f 128 1355 1354
f 686 882 883
f 833 1 573
f 42 1077 1078
f 951 952 189
f 385 387 386
f 777 272 939
f 675 677 676
f 1298 1297 400
f 903 509 511
f 426 1123 1280
f 107 1375 1081
f 545 1129 1191
f 592 1236 1235
f 1034 1308 1309
f 375 1176 1116
f 740 83 81
f 911 1004 474
f 720 1143 1212
f 796 395 392
f 1023 351 922
f 760 206 208
f 345 343 1305
f 19 20 15
f 228 226 1159
f 1408 1399 861
f 764 765 1323
f 730 60 58
f 559 562 993
f 788 340 342
f 754 175 177
f 1368 78 80
f 842 1215 1216
f 825 536 538
f 328 330 327
f 256 1163 1327
f 54 1075 1076
f 802 446 444
f 1040 231 234
f 357 358 356
f 329 328 1310
f 938 1173 1172
f 725 854 12
f 949 759 1329
f 932 1030 310
f 528 1253 530
f 64 1073 1074
f 312 1103 1104
f 620 984 619
f 157 158 1363
f 734 113 111
f 760 208 209
f 375 1116 1289
f 987 1138 1137
f 611 1228 613
f 618 1200 1227
f 731 49 47
f 18 21 1393
f 1480 1415 1418
f 579 581 835
f 558 1193 1194
f 778 281 282
f 1056 41 732
f 1284 1119 439
f 1369 1368 80
f 1299 1298 402
f 1435 1437 1496
f 349 350 348
f 333 334 331
f 848 883 658
f 993 1134 1230
f 19 16 1206
f 18 1393 23
f 1003 464 463
f 1017 379 378
f 588 590 987
f 364 1174 1108
f 381 383 382
f 1544 714 713
f 794 404 403
f 527 529 998
f 830 1230 1231
f 325 1172 1173
f 991 570 897
f 957 121 119
f 487 488 1272
f 220 946 947
f 1544 1528 714
f 814 470 469
f 665 668 664
f 334 336 1026
f 1264 1263 456
f 928 322 323
f 484 912 913
f 817 452 451
f 902 514 517
f 254 1162 1163
f 825 996 1196
f 1014 450 1013
f 508 1258 510
f 663 661 1214
f 453 1180 1181
f 379 381 380
f 1506 1507 1504
f 335 1106 1107
f 615 613 1228
f 724 855 854
f 954 1045 181
f 1138 1221 640
f 407 1300 1111
f 457 907 1002
f 952 951 1332
f 652 650 1219
f 762 763 1325
f 783 306 4
f 357 791 359
f 723 859 858
f 942 1317 1100
f 1494 1496 1495
f 1038 774 255
f 43 45 44
f 958 127 125
f 1371 1370 87
f 437 1119 1120
f 835 1224 1135
f 836 582 585
f 1351 164 1149
f 584 1239 586
f 759 204 206
f 1028 927 326
f 550 549 1249
f 832 1198 1228
f 753 173 175
f 538 540 996
f 894 1139 1201
f 276 1167 1168
f 335 336 334
f 49 51 50
f 36 38 37
f 901 902 517
f 1282 1281 431
f 1044 200 949
f 893 1140 1139
f 643 879 878
f 23 24 17
f 1389 1388 69
f 289 287 1170
f 969 96 1053
f 962 963 142
f 657 1141 1216
f 45 47 46
f 930 313 315
f 846 633 634
f 448 1117 1118
f 5 1313 312
f 348 1301 346
f 763 947 1164
f 1093 120 122
f 257 1327 1326
f 946 764 1166
f 249 943 247
f 341 342 340
f 770 1318 1319
f 824 532 534
f 325 326 323
f 89 88 968
f 834 575 577
f 125 123 1047
f 831 1228 1229
f 408 407 405
f 278 1320 280
f 115 117 116
f 974 58 55
f 1003 909 464
f 1388 1387 66
f 1300 346 1301
f 116 1079 1080
f 904 903 1247
f 1001 907 455
f 896 1221 1138
f 1147 1374 100
f 1505 1504 1502
f 1346 1345 190
f 1064 28 726
f 943 771 245
f 1285 1284 441
f 588 987 988
f 533 1189 1190
f 670 667 671
f 794 403 401
f 426 1122 1123
f 926 330 786
f 1267 1266 465
f 1046 165 168
f 1247 561 1194
f 996 826 1237
f 1059 973 53
f 250 1328 252
f 898 1199 1198
f 1462 1464 1515
f 1372 1371 92
f 968 85 967
f 1113 1295 394
f 1323 1322 271
f 1332 1331 237
f 1004 911 1256
f 819 820 1193
f 1208 710 712
f 874 1404 1405
f 753 754 1095
f 840 1219 1140
f 101 103 102
f 630 629 628
f 695 696 694
f 644 645 643
f 873 875 1404
f 296 297 295
f 613 612 610
f 931 1110 1109
f 97 99 98
f 289 288 286
f 625 626 624
f 88 89 87
f 692 695 694
f 270 269 267
f 707 709 708
f 83 85 84
f 79 81 80
f 1069 1074 1073
f 681 683 682
f 137 139 138
f 89 91 90
f 1207 715 1210
f 411 413 412
f 924 1176 1290
f 586 588 585
f 1006 1005 1262
f 744 745 1348
f 1024 1287 1288
f 921 1119 1284
f 1063 1376 1377
f 1061 1373 1374
f 481 483 482
f 925 1115 1114
f 1007 915 1263
f 467 469 468
f 796 1122 1121
f 1055 972 1363
f 129 130 128
f 789 1292 1115
f 240 241 238
f 804 805 1127
f 242 243 241
f 3 2 567
f 1056 1366 1367
f 1058 1368 1369
f 132 135 134
f 121 123 122
f 1014 1013 1272
f 919 1121 1281
f 264 265 263
f 922 1118 1117
f 1017 1016 1276
f 455 457 456
f 120 164 118
f 254 255 253
f 724 1383 1076
f 1009 917 1268
f 119 121 120
f 1051 1050 1351
f 478 479 477
f 1015 800 1274
f 1065 1378 1379
f 605 606 603
f 127 129 128
f 479 481 480
f 148 150 149
f 596 597 594
f 596 598 597
f 205 206 204
f 645 850 879
f 945 1099 1169
f 36 733 38
f 9 1096 7
f 991 1200 1199
f 62 65 64
f 70 72 1390
f 739 91 1052
f 1321 278 277
f 1292 1291 382
f 1043 948 1327
f 45 43 1057
f 452 1001 455
f 1501 1503 1502
f 828 995 1234
f 280 1169 283
f 163 1366 1087
f 440 438 1010
f 1007 418 915
f 147 1360 145
f 357 356 354
f 910 472 814
f 1039 944 1170
f 1374 98 100
f 367 1117 448
f 814 815 1186
f 959 747 1341
f 1047 957 1340
f 308 307 5
f 816 1002 1190
f 784 1301 1302
f 93 96 95
f 1031 1303 1304
f 887 1208 1209
f 936 1310 1173
f 105 108 107
f 956 752 1337
f 324 323 322
f 892 1217 1218
f 755 756 1333
f 889 1143 1142
f 779 1306 1307
f 890 1213 1214
f 756 953 1096
f 149 1089 1361
f 922 351 349
f 725 11 981
f 801 371 369
f 758 950 1160
f 776 263 941
f 255 256 257
f 489 491 490
f 976 1081 1375
f 139 141 140
f 696 699 698
f 1066 1379 1380
f 1380 978 1066
f 964 963 1347
f 283 284 282
f 885 884 662
f 271 272 269
f 418 419 417
f 702 704 703
f 927 1297 1298
f 910 814 1255
f 299 300 298
f 1205 16 13
f 843 1212 1143
f 958 1047 1157
f 732 41 40
f 866 1401 1407
f 997 998 531
f 729 60 730
f 774 1101 1315
f 58 60 59
f 1324 1323 270
f 586 1196 1237
f 1016 376 374
f 790 361 359
f 941 1103 1313
f 1377 1376 112
f 997 824 1240
f 1289 370 373
f 1295 1294 393
f 759 202 204
f 547 1191 549
f 583 580 1240
f 574 1242 1131
f 383 918 385
f 120 1149 164
f 896 591 593
f 821 822 1245
f 108 109 107
f 109 111 110
f 450 369 368
f 873 1393 1394
f 780 1305 1306
f 905 819 1248
f 752 753 1336
f 1033 1307 1107
f 621 620 619
f 865 1145 1391
f 863 1389 1390
f 421 423 422
f 713 714 712
f 911 910 1255
f 427 428 426
f 699 701 700
f 746 961 1155
f 701 702 700
f 704 707 706
f 156 159 158
f 981 1382 1381
f 1026 1114 1293
f 278 279 937
f 913 912 1258
f 583 582 581
f 469 470 468
f 806 807 1179
f 1025 1290 1291
f 1062 1375 1376
f 742 743 1151
f 1010 804 1269
f 452 455 454
f 476 478 477
f 142 144 143
f 1398 846 847
f 135 137 136
f 584 585 582
f 125 127 126
f 727 1082 1081
f 728 1374 1147
f 154 156 155
f 457 459 458
f 1016 1015 1275
f 464 467 466
f 459 461 460
f 565 566 564
f 726 1080 1079
f 792 1286 1118
f 918 1124 1278
f 178 180 179
f 246 247 245
f 123 125 124
f 738 739 1092
f 969 1053 1357
f 1059 1085 1370
f 740 1051 1149
f 580 581 579
f 1019 1279 1280
f 144 146 145
f 533 534 532
f 627 1135 630
f 1231 1230 604
f 1168 1321 277
f 137 1048 961
f 616 1198 1199
f 203 1341 1156
f 683 685 684
f 1067 1075 1384
f 81 83 82
f 416 418 417
f 285 286 284
f 292 293 291
f 425 427 426
f 844 1211 1212
f 16 15 14
f 1070 1073 1387
f 909 1003 1188
f 1208 887 845
f 432 434 433
f 957 749 1339
f 817 818 1250
f 865 1391 1392
f 99 101 100
f 869 1392 1072
f 442 444 443
f 754 955 1159
f 486 489 488
f 973 1370 1371
f 741 742 1150
f 146 148 147
f 257 258 255
f 786 1113 1112
f 260 261 259
f 1067 1076 1075
f 743 1049 1152
f 721 1386 1074
f 809 810 1183
f 595 594 593
f 162 77 76
f 430 432 431
f 667 720 666
f 280 281 279
f 926 1112 1296
f 654 1202 655
f 759 760 1098
f 895 1201 1220
f 156 154 1049
f 182 1153 1154
f 939 1311 1312
f 785 319 322
f 806 425 423
f 982 876 705
f 487 1272 1271
f 419 418 1007
f 239 1331 240
f 697 879 850
f 879 697 698
f 1294 1293 390
f 115 734 1054
f 1126 482 485
f 1010 438 804
f 390 1293 388
f 894 895 598
f 835 582 836
f 775 1313 1314
f 1397 982 706
f 398 1296 1112
f 772 251 253
f 96 969 97
f 1523 692 691
f 109 108 971
f 994 899 553
f 1036 1105 1104
f 839 1220 1221
f 182 1348 1153
f 1398 845 846
f 398 1297 1296
f 840 893 603
f 955 1045 1335
f 314 315 313
f 296 298 297
f 435 438 437
f 630 631 629
f 871 1072 1144
f 872 1144 1393
f 658 660 848
f 1049 965 1349
f 747 748 1156
f 85 88 87
f 607 608 606
f 323 927 928
f 1396 1204 1403
f 1403 1204 1203
f 1039 1170 1099
f 992 1229 1197
f 1029 1111 1300
f 1277 414 415
f 474 472 910
f 648 649 647
f 440 1010 1011
f 798 383 381
f 1496 1498 1497
f 71 70 69
f 1271 485 487
f 362 364 363
f 1421 1423 1422
f 1443 1445 1444
f 1439 1440 1438
f 1427 1429 1428
f 1436 1438 1437
f 1456 1457 1455
f 1417 1418 1415
f 1433 1434 1432
f 1441 1442 1440
f 1423 1424 1422
f 1454 1456 1455
f 1472 1474 1473
f 1463 1465 1464
f 1429 1430 1428
f 1436 1437 1435
f 1474 1416 1473
f 1434 1435 1432
f 1446 1447 1444
f 1450 1452 1451
f 1461 1463 1462
f 1458 1459 1457
f 1431 1432 1430
f 1460 1461 1459
f 1417 1419 1418
f 1452 1453 1451
f 1463 1464 1462
f 1468 1469 1467
f 1419 1421 1420
f 1414 1417 1415
f 1476 1475 1519
f 1480 1482 1481
f 1487 1488 1486
f 1482 1485 1484
f 1476 1477 1475
f 1517 1516 1514
f 1485 1487 1486
f 1515 1514 1512
f 943 1100 1171
f 377 1176 375
f 1510 1509 1507
f 349 792 922
f 404 406 405
f 773 1315 1316
f 1518 1519 1516
f 1488 1490 1489
f 1529 1533 677
f 685 683 1525
f 1531 666 718
f 1535 1536 699
f 1524 695 692
f 687 1521 1522
f 1532 675 666
f 1523 691 689
f 761 762 1326
f 824 825 1239
f 1534 696 695
f 1542 711 709
f 1536 1537 701
f 679 1533 1527
f 681 1527 1526
f 1537 702 701
f 687 685 1521
f 1543 713 711
f 1536 701 699
f 1538 1539 704
f 683 1526 1525
f 1479 1481 1547
f 1486 1489 1549
f 1509 1512 1556
f 1557 1507 1509
f 1516 1519 1545
f 1502 1504 1554
f 1547 1477 1479
f 1546 1514 1516
f 1552 1492 1495
f 677 679 678
f 1424 1426 1487
f 347 346 407
f 1467 1469 1520
f 1478 1416 1415
f 1447 1449 1505
f 1457 1459 1511
f 1438 1440 1498
f 1430 1432 1493
f 1455 1457 1511
f 1437 1438 1496
f 1451 1453 1508
f 1473 1416 1478
f 1471 1473 1478
f 1459 1462 1515
f 1440 1442 1498
f 1453 1455 1510
f 1465 1467 1518
f 1420 1422 1485
f 1503 1444 1447
f 1426 1428 1488
f 1418 1420 1482
f 1442 1444 1501
f 1432 1435 1494
f 1449 1451 1506
f 1469 1471 1476
f 1385 1384 57
f 1428 1430 1490
f 1422 1424 1487
f 1517 1464 1465
f 1429 1427 1537
f 1466 1530 1528
f 1472 1470 1544
f 1461 1460 1532
f 1443 1523 1522
f 1474 1543 1542
f 1458 1456 1533
f 1466 1463 1530
f 1436 1434 1534
f 1421 1419 1540
f 1419 1417 1540
f 1472 1544 1543
f 1450 1525 1526
f 1446 1445 1521
f 1434 1433 1535
f 1452 1450 1526
f 1461 1532 1531
f 618 619 617
f 438 440 439
f 730 1372 1084
f 962 746 1344
f 639 638 637
f 781 300 305
f 679 681 680
f 661 662 660
f 795 401 399
f 1294 390 393
f 780 291 293
f 450 449 1012
f 1026 337 925
f 176 1152 1349
f 654 653 651
f 392 395 394
f 1228 611 1229
f 652 651 649
f 1561 1562 1560
