# Collision geometry from gear_large.usd: /factory_gear_large/factory_gear_large/collision; units meters
v -0.00013976100308354944 0.0011958000250160694 0.014999999664723873
v 0.00068413757253438234 0.0020169771742075682 0.014499994926154613
v -0.00023100900580175221 0.0023236188571900129 0.01499579194933176
v 0.00072560046100988984 0.0012285697739571333 0.01450006477534771
v -0.00015118514420464635 0.00082608615048229694 0.014995323494076729
v -0.00017971299530472606 0.0019581299275159836 0.004999999888241291
v -0.00022976347827352583 0.0023246388882398605 0.0050046727992594242
v 0.00068433320848271251 0.0020159927662461996 0.0054999301210045815
v 0.0007255086675286293 0.0012275697663426399 0.0054999967105686665
v -0.00015659461496397853 0.00082529667997732759 0.0050021437928080559
v -0.00073961622547358274 0.0024550636298954487 0.004999999888241291
v -0.00073930661892518401 0.0024549826048314571 0.014999999664723873
v -0.0014409746509045362 0.0026040822267532349 0.005000001285225153
v -0.0014409745344892144 0.0026040824595838785 0.015000002458691597
v -0.00064433942316100001 0.00064318324439227581 0.004999999888241291
v -0.00064464349998161197 0.00064306851709261537 0.014999999664723873
v -0.0013265910092741251 0.00042154599213972688 0.015000002458691597
v -0.019218407571315765 -0.015166424214839935 0.014999998733401299
v -0.013109029270708561 -0.023136179894208908 0.015000001527369022
v -0.013521486893296242 -0.023406669497489929 0.014999993145465851
v -0.013589461334049702 -0.023625865578651428 0.014999998733401299
v -0.015168999321758747 -0.011148089542984962 0.014999999664723873
v -0.0068245744332671165 -0.016718149185180664 0.015000006183981895
v -0.017938602715730667 -0.014147249050438404 0.015000002458691597
v -0.010826091282069683 -0.021227210760116577 0.014999993145465851
v -0.010725509375333786 -0.022916344925761223 0.014997540973126888
v -0.010998383164405823 -0.022250119596719742 0.015000003390014172
v -0.016991699114441872 -0.013258299790322781 0.014999999664723873
v -0.029095469042658806 -0.01871856115758419 0.015000004321336746
v -0.027517640963196754 -0.028672469779849052 0.014999989420175552
v -0.013371363282203674 -0.024323426187038422 0.015000000596046448
v -0.011209411546587944 -0.021719494834542274 0.015000001527369022
v -0.011725148186087608 -0.0029229626525193453 0.015000000596046448
v -0.0015783413546159863 -0.0033823032863438129 0.014999992214143276
v -0.013398081064224243 0.0082298032939434052 0.014999997802078724
v -0.0040470152162015438 0.011990190483629704 0.015000006183981895
v -0.027664029970765114 -0.028848009184002876 0.014999996870756149
v -0.023520832881331444 -0.017505194991827011 0.015000000596046448
v -0.018869327381253242 -0.026587307453155518 0.014999993145465851
v -0.012881514616310596 -0.023162227123975754 0.014999995939433575
v -0.01114885788410902 -0.021498655900359154 0.014999995939433575
v -0.010579319670796394 -0.021206706762313843 0.015000003390014172
v -0.0066026924178004265 -0.016659699380397797 0.015000002458691597
v -0.0071071749553084373 -0.017091663554310799 0.014999993145465851
v -0.0050328411161899567 -0.014104558154940605 0.014999994076788425
v -0.013461985625326633 -0.0083593996241688728 0.015000000596046448
v -0.0040168939158320427 -0.012110658921301365 0.014999994076788425
v -0.012265806086361408 -0.0053182607516646385 0.015000000596046448
v -0.0029582453425973654 -0.009103626012802124 0.014999993145465851
v -0.012797298841178417 -0.0068641542457044125 0.015000001527369022
v -0.01274492871016264 0.0067294789478182793 0.014999999664723873
v -0.0037284628488123417 0.011406663805246353 0.014999992214143276
v -0.015083562582731247 0.011031574569642544 0.014999995939433575
v -0.0068433200940489769 0.016728512942790985 0.014999993145465851
v -0.033513743430376053 0.02860071137547493 0.014999994076788425
v -0.033033996820449829 0.028635032474994659 0.014999993145465851
v -0.041398108005523682 -0.015080986544489861 0.014999997802078724
v -0.047341667115688324 -0.023142816498875618 0.014999993145465851
v -0.047590248286724091 -0.023145902901887894 0.014999992214143276
v -0.0092136599123477936 -0.021576099097728729 0.014999999664723873
v -0.016197981312870979 -0.012419989332556725 0.015000000596046448
v -0.0090345805510878563 -0.019493512809276581 0.014999993145465851
v -0.0037806988693773746 -0.011432682164013386 0.01500000711530447
v -0.0028241125401109457 -0.0086822016164660454 0.015000002458691597
v -0.0028843863401561975 -0.0093209082260727882 0.014999998733401299
v -0.0012439399724826217 -0.0081673003733158112 0.014999999664723873
v -0.0026386019308120012 -0.0085471784695982933 0.015000006183981895
v -0.0051332120783627033 0.01414262130856514 0.01500000711530447
v -0.0071054217405617237 0.017084723338484764 0.015000002458691597
v -0.017829982563853264 0.014051993377506733 0.014999997802078724
v -0.011208469979465008 0.021712498739361763 0.015000008046627045
v -0.046938691288232803 -0.023453796282410622 0.015000002458691597
v -0.02746986411511898 -0.018546836450695992 0.014999998733401299
v -0.024505184963345528 -0.028200075030326843 0.015000006183981895
v -0.024648802354931831 -0.028378993272781372 0.015000002458691597
v -0.021021779626607895 -0.02732509933412075 0.01500000711530447
v -0.022020159289240837 -0.016851907595992088 0.014999999664723873
v -0.018173210322856903 -0.02622317336499691 0.014999992214143276
v -0.018763095140457153 -0.026383908465504646 0.014999998733401299
v -0.016133565455675125 -0.025183930993080139 0.014999992214143276
v -0.020582430064678192 -0.016070287674665451 0.014999998733401299
v -0.015484345145523548 -0.024819079786539078 0.015000008046627045
v -0.010068034753203392 -0.021513355895876884 0.015000000596046448
v -0.0090194679796695709 -0.019721006974577904 0.015000000596046448
v -0.0070735798217356205 -0.019259000197052956 0.014999999664723873
v -0.0084879137575626373 -0.01903914287686348 0.014999993145465851
v -0.0087496638298034668 -0.019093016162514687 0.014999997802078724
v -0.0054319784976541996 -0.014758682809770107 0.014999989420175552
v -0.0019147874554619193 -0.008535982109606266 0.014999999664723873
v -0.011531439609825611 0.0011545009911060333 0.014999997802078724
v -0.00391364935785532 0.011540181003510952 0.015000001527369022
v -0.0071056145243346691 0.017314188182353973 0.015000006183981895
v -0.016102725639939308 0.012311369180679321 0.014999998733401299
v -0.0085234744474291801 0.01903984509408474 0.014999996870756149
v -0.019101891666650772 0.015080987475812435 0.014999999664723873
v -0.013158334419131279 0.023142816498875618 0.014999993145465851
v -0.029767509549856186 0.018747886642813683 0.015000001527369022
v -0.029928246513009071 0.028831001371145248 0.01500000711530447
v -0.047755084931850433 -0.0067294435575604439 0.014999995939433575
v -0.056719299405813217 -0.011432681232690811 0.01500000711530447
v -0.02686769887804985 -0.028671663254499435 0.014999992214143276
v -0.027772018685936928 -0.029411328956484795 0.015000000596046448
v -0.026191800832748413 -0.018305599689483643 0.014999999664723873
v -0.025071084499359131 -0.018024817109107971 0.015000000596046448
v -0.023953607305884361 -0.028128670528531075 0.01500000711530447
v -0.021669574081897736 -0.027557447552680969 0.015000006183981895
v -0.021231159567832947 -0.027299243956804276 0.015000002458691597
v -0.01840018667280674 -0.026198502629995346 0.015000001527369022
v -0.016020141541957855 -0.024985821917653084 0.015000001527369022
v -0.012374681420624256 -0.023541539907455444 0.015000000596046448
v -0.0094963200390338898 -0.021813355386257172 0.014995860867202282
v -0.0073340511880815029 -0.019524542614817619 0.014997626654803753
v -0.005239446647465229 -0.014203962869942188 0.014999998733401299
v -0.0040579121559858322 -0.011885062791407108 0.014999998733401299
v -0.0013690489577129483 -0.0085153942927718163 0.014995322562754154
v -0.0019143606768921018 -0.0056257150135934353 0.014999996870756149
v -0.011571300216019154 -0.0016341699520125985 0.014999999664723873
v -0.0015822915593162179 -0.0027375535573810339 0.015000008046627045
v -0.0016719553386792541 -0.003174077020958066 0.015000001527369022
v -0.0013539716601371765 -0.00039867384475655854 0.015000005252659321
v -0.0016039082547649741 0.0027656327001750469 0.015000006183981895
v -0.0039595072157680988 0.012200291268527508 0.014999997802078724
v -0.011144811287522316 0.021492719650268555 0.015000000596046448
v -0.013545366004109383 0.023458179086446762 0.015000008046627045
v -0.031404536217451096 0.01871856115758419 0.014999999664723873
v -0.030605239793658257 0.028860181570053101 0.015000006183981895
v -0.033030148595571518 0.018546834588050842 0.015000001527369022
v -0.035959973931312561 0.028235176578164101 0.014999992214143276
v -0.036979150027036667 0.017505200579762459 0.015000001527369022
v -0.039478227496147156 0.02732509933412075 0.01500000711530447
v -0.042333647608757019 0.026224765926599503 0.014999989420175552
v -0.041281603276729584 0.015166417695581913 0.015000003390014172
v -0.047456748783588409 0.023135645315051079 0.01500000711530447
v -0.048928700387477875 0.0016341699520125985 0.014999999664723873
v -0.058838114142417908 0.003230417612940073 0.014999993145465851
v -0.048774853348731995 0.0029229477513581514 0.015000001527369022
v -0.058955542743206024 0.0034275907091796398 0.014999998733401299
v -0.048604916781187057 -0.023860195651650429 0.014998557977378368
v -0.04805239662528038 -0.023489205166697502 0.015000001527369022
v -0.038609441369771957 -0.016788002103567123 0.015000001527369022
v -0.042156517505645752 -0.026190660893917084 0.014999993145465851
v -0.024146402254700661 -0.02809460274875164 0.014999999664723873
v -0.024799482896924019 -0.029608387500047684 0.014997532591223717
v -0.02472388930618763 -0.029093489050865173 0.014999999664723873
v -0.023778611794114113 -0.028258511796593666 0.015000000596046448
v -0.0157130416482687 -0.024811744689941406 0.015000000596046448
v -0.0084349177777767181 -0.020754441618919373 0.014995171688497066
v -0.0087402574717998505 -0.020177936181426048 0.015000001527369022
v -0.0078115463256835938 -0.019334310665726662 0.015000001527369022
v -0.01425466313958168 -0.0097910817712545395 0.014999998733401299
v -0.005436064675450325 -0.014530139043927193 0.014999996870756149
v -0.00357772596180439 -0.01137510035187006 0.015000002458691597
v -0.0039308983832597733 -0.011570421047508717 0.015000000596046448
v -0.0014086938463151455 -0.0025885151699185371 0.015000000596046448
v -0.0049196435138583183 0.014099456369876862 0.015000000596046448
v -0.0047716698609292507 0.016090700402855873 0.014999999664723873
v -0.0054225767962634563 0.014800094068050385 0.015000006183981895
v -0.01417970098555088 0.0096675511449575424 0.014999997802078724
v -0.006605946458876133 0.016654612496495247 0.014999992214143276
v -0.016991699114441872 0.013258299790322781 0.014999999664723873
v -0.010618515312671661 0.021207170560956001 0.015000005252659321
v -0.0086738802492618561 0.021036300808191299 0.014999999664723873
v -0.0094955908134579659 0.021815072745084763 0.014995172619819641
v -0.010045475326478481 0.021522127091884613 0.015000001527369022
v -0.033701807260513306 0.028731869533658028 0.014999998733401299
v -0.034308198839426041 0.018305599689483643 0.014999999664723873
v -0.059140987694263458 0.00039366836426779628 0.014999994076788425
v -0.044397298246622086 -0.012311344966292381 0.014999999664723873
v -0.051779843866825104 -0.019083542749285698 0.014999993145465851
v -0.042670004069805145 -0.014052008278667927 0.015000002458691597
v -0.049316797405481339 -0.021576691418886185 0.015000001527369022
v -0.037113811820745468 -0.017452839761972427 0.015000001527369022
v -0.041723854839801788 -0.026400802657008171 0.014999994076788425
v -0.027075912803411484 -0.028578046709299088 0.015000001527369022
v -0.02282010018825531 -0.029203599318861961 0.014999999664723873
v -0.018762651830911636 -0.027826471254229546 0.014998340047895908
v -0.018795903772115707 -0.027310663834214211 0.015000001527369022
v -0.011893770657479763 -0.023860974237322807 0.014997891150414944
v -0.011584199965000153 -0.023656800389289856 0.014999999664723873
v -0.0063884337432682514 -0.018354758620262146 0.014998338185250759
v -0.0071026962250471115 -0.01732465997338295 0.014999999664723873
v -0.003575870068743825 -0.014019500464200974 0.014999999664723873
v -0.0044191679917275906 -0.014217840507626534 0.015000000596046448
v -0.0018832398345693946 -0.010083330795168877 0.014997622929513454
v -0.0022980186622589827 -0.0097569823265075684 0.015000000596046448
v -0.0031645521521568298 0.011432455852627754 0.01500000711530447
v -0.0045995516702532768 0.015761582180857658 0.014997527934610844
v -0.0087453089654445648 0.019097268581390381 0.014999995939433575
v -0.015449905768036842 0.024827415123581886 0.015000006183981895
v -0.014488827437162399 0.025649053975939751 0.014997891150414944
v -0.014908676967024803 0.025299984961748123 0.015000000596046448
v -0.023386174812912941 0.01745283417403698 0.014999998733401299
v -0.018846731632947922 0.026527684181928635 0.014999989420175552
v -0.024799665436148643 0.029608512297272682 0.014997534453868866
v -0.024642657488584518 0.028366075828671455 0.014999993145465851
v -0.02861580066382885 0.018678700551390648 0.014999999664723873
v -0.027626028284430504 0.028779411688446999 0.015000005252659321
v -0.027453243732452393 0.028628531843423843 0.014999995939433575
v -0.027327073737978935 0.018524862825870514 0.015000000596046448
v -0.026961302384734154 0.02861400693655014 0.014999989420175552
v -0.026781613007187843 0.028755262494087219 0.014999996870756149
v -0.029793072491884232 0.028993019834160805 0.015000002458691597
v -0.031075373291969299 0.03009345568716526 0.014997898600995541
v -0.036450982093811035 0.028093835338950157 0.014999993145465851
v -0.041746411472558975 0.026373237371444702 0.014999993145465851
v -0.056693654507398605 0.011449601501226425 0.015000006183981895
v -0.058591477572917938 0.005621706135571003 0.014999994076788425
v -0.048796836286783218 -0.0027800993993878365 0.014999998733401299
v -0.058603547513484955 -0.005614178255200386 0.015000006183981895
v -0.056922260671854019 -0.011375101283192635 0.015000002458691597
v -0.051450908184051514 -0.019468795508146286 0.015000004321336746
v -0.049667119979858398 -0.021229486912488937 0.014999993145465851
v -0.031884200870990753 -0.018678700551390648 0.014999999664723873
v -0.032967686653137207 -0.028687547892332077 0.015000006183981895
v -0.03317294642329216 -0.018524859100580215 0.015000003390014172
v -0.033480420708656311 -0.028588121756911278 0.014999993145465851
v -0.029424430802464485 -0.030093561857938766 0.014997872523963451
v -0.029837150126695633 -0.028912045061588287 0.014999993145465851
v -0.030018985271453857 -0.02877202071249485 0.014999993145465851
v -0.023526018485426903 -0.028726339340209961 0.015000000596046448
v -0.019808100536465645 -0.028266999870538712 0.014999999664723873
v -0.020562183111906052 -0.02786342054605484 0.014999999664723873
v -0.020852241665124893 -0.027438201010227203 0.015000000596046448
v -0.021513126790523529 -0.027392121031880379 0.014999997802078724
v -0.015916727483272552 -0.026474999263882637 0.014997529797255993
v -0.016057532280683517 -0.025704830884933472 0.015000004321336746
v -0.014159300364553928 -0.025478299707174301 0.014999999664723873
v -0.01502578891813755 -0.025197157636284828 0.014999998733401299
v -0.0035267479252070189 -0.012574597261846066 0.015000002458691597
v -0.003059016540646553 -0.011445010080933571 0.014999999664723873
v -0.0020917423535138369 -0.0063543412834405899 0.014999993145465851
v -0.0020777552854269743 -0.0057863746769726276 0.014999995939433575
v -0.0015584363136440516 0.0034114420413970947 0.014999994076788425
v -0.011703170835971832 0.0027801541145890951 0.014999998733401299
v -0.0018964371411129832 0.0056141777895390987 0.015000006183981895
v -0.0032293000258505344 0.013339400291442871 0.014999999664723873
v -0.0037758906837552786 0.014332124963402748 0.014997889287769794
v -0.0043961214832961559 0.014225712977349758 0.015000001527369022
v -0.0049694180488586426 0.015319974161684513 0.015000000596046448
v -0.0054463674314320087 0.014571878127753735 0.015000002458691597
v -0.0090180514380335808 0.019410407170653343 0.015000002458691597
v -0.0090422285720705986 0.019638581201434135 0.015000006183981895
v -0.010990999639034271 0.023176399990916252 0.014999999664723873
v -0.011009762994945049 0.022223368287086487 0.014999999664723873
v -0.010846245102584362 0.021234620362520218 0.014999995939433575
v -0.01358763687312603 0.023683039471507072 0.015000000596046448
v -0.021890558302402496 0.016788000240921974 0.015000001527369022
v -0.016068145632743835 0.02503868006169796 0.014999998733401299
v -0.018266486003994942 0.026200884953141212 0.014999993145465851
v -0.02472412958741188 0.029088994488120079 0.015000001527369022
v -0.025159399956464767 0.029700899496674538 0.014999999664723873
v -0.030115161091089249 0.028749821707606316 0.015000000596046448
v -0.029653733596205711 0.029468512162566185 0.015000001527369022
v -0.030807254835963249 0.029351022094488144 0.014999996870756149
v -0.031445801258087158 0.030110200867056847 0.014999999664723873
v -0.030405381694436073 0.028751282021403313 0.014999997802078724
v -0.035789880901575089 0.028981167823076248 0.015000000596046448
v -0.035428915172815323 0.01802481897175312 0.014999999664723873
v -0.036677554249763489 0.028195131570100784 0.015000004321336746
v -0.039268843829631805 0.027299243956804276 0.015000002458691597
v -0.042106777429580688 0.026196829974651337 0.014999996870756149
v -0.047702725976705551 0.0068640923127532005 0.015000000596046448
v -0.057602237910032272 0.0092958100140094757 0.014999996870756149
v -0.05890275165438652 0.0027304748073220253 0.015000003390014172
v -0.045416485518217087 -0.011031507514417171 0.014999999664723873
v -0.053656667470932007 -0.016728512942790985 0.014999993145465851
v -0.043508298695087433 -0.013258299790322781 0.014999999664723873
v -0.049294982105493546 -0.021804656833410263 0.014999995939433575
v -0.04501565545797348 -0.024819081649184227 0.015000008046627045
v -0.035567630082368851 -0.017984380945563316 0.014999997802078724
v -0.036583539098501205 -0.028146468102931976 0.01500000711530447
v -0.035955637693405151 -0.028240690007805824 0.014999993145465851
v -0.02960691787302494 -0.029602847993373871 0.015000001527369022
v -0.029054200276732445 -0.030110200867056847 0.014999999664723873
v -0.026625603437423706 -0.029132861644029617 0.014999998733401299
v -0.021734422072768211 -0.028880681842565536 0.014995366334915161
v -0.021710703149437904 -0.028097240254282951 0.015000008046627045
v -0.016910599544644356 -0.02702070027589798 0.014999999664723873
v -0.017800565809011459 -0.026586836203932762 0.014999999664723873
v -0.005187429953366518 -0.016730900853872299 0.014999999664723873
v -0.0059206066653132439 -0.016881395131349564 0.014999999664723873
v -0.0050958897918462753 -0.015176928602159023 0.015000004321336746
v -0.003771177725866437 -0.014332398772239685 0.014995818957686424
v -0.00098231458105146885 -0.0070662256330251694 0.014995850622653961
v -0.0016340081347152591 -0.0066614812240004539 0.015000008046627045
v -0.0014859591610729694 -0.00021107465727254748 0.014999995939433575
v -0.00015667933621443808 -0.0008250641985796392 0.01499788835644722
v -0.00069330143742263317 -0.00062790868105366826 0.015000001527369022
v -0.0016671541379764676 0.0032095792703330517 0.014999998733401299
v -0.0026756648439913988 0.0085679003968834877 0.014999989420175552
v -0.0010463600046932697 0.0074299401603639126 0.014999999664723873
v -0.0029335678555071354 0.0092021441087126732 0.01500000711530447
v -0.012225366197526455 0.005179546307772398 0.014999996870756149
v -0.0029472699388861656 0.0090068597346544266 0.014999999664723873
v -0.0028482337947934866 0.0087177818641066551 0.014999996870756149
v -0.0035637756809592247 0.012537320144474506 0.014999999664723873
v -0.0052875000983476639 0.014263100922107697 0.014999999664723873
v -0.0060601434670388699 0.016838440671563148 0.015000000596046448
v -0.012925310060381889 0.023147301748394966 0.014999999664723873
v -0.018715724349021912 0.02634039893746376 0.014999996870756149
v -0.032737761735916138 0.029367636889219284 0.015000000596046448
v -0.032852735370397568 0.028798583894968033 0.014999997802078724
v -0.038926705718040466 0.027430480346083641 0.014999993145465851
v -0.041633810847997665 0.026577284559607506 0.014999999664723873
v -0.03847983106970787 0.016851913183927536 0.014999999664723873
v -0.04435112327337265 0.025230975821614265 0.015000006183981895
v -0.044482715427875519 0.025902437046170235 0.015000000596046448
v -0.039917595684528351 0.016070272773504257 0.014999998733401299
v -0.044836077839136124 0.024801798164844513 0.014999993145465851
v -0.047257758677005768 0.023179840296506882 0.015000000596046448
v -0.058881692588329315 -0.0027903122827410698 0.015000002458691597
v -0.058836169540882111 -0.0032235283870249987 0.015000002458691597
v -0.048968560993671417 -0.0011545385932549834 0.014999996870756149
v -0.059035085141658783 -0.0026196688413619995 0.015000006183981895
v -0.057591896504163742 -0.0092695653438568115 0.014999992214143276
v -0.057415004819631577 -0.011441403068602085 0.015000001527369022
v -0.053386036306619644 -0.017220474779605865 0.01500000711530447
v -0.053426172584295273 -0.017013315111398697 0.015000002458691597
v -0.051826100796461105 -0.021036300808191299 0.014999999664723873
v -0.046909768134355545 -0.023640135303139687 0.014999993145465851
v -0.034308198839426041 -0.018305599689483643 0.014999999664723873
v -0.036372710019350052 -0.028091466054320335 0.015000000596046448
v -0.020163293927907944 -0.02837035059928894 0.014995338395237923
v -0.0030910423956811428 -0.012996906414628029 0.014995855279266834
v -0.002422527177259326 -0.011486129835247993 0.014997892081737518
v -0.00054912100313231349 -0.0050905998796224594 0.014999999664723873
v -0.0012718181824311614 -0.005538321565836668 0.015000000596046448
v -0.011944400146603584 -0.0040582399815320969 0.014999999664723873
v -0.002159900963306427 -0.0061367824673652649 0.015000000596046448
v -0.00040898018050938845 -0.003965714480727911 0.014998559840023518
v -0.0014879661612212658 0.00022532975708600134 0.014999999664723873
v -0.0020668176002800465 0.0057678520679473877 0.015000002458691597
v -0.0028227423317730427 0.0093897441402077675 0.015000000596046448
v -0.0030909825582057238 0.012997442856431007 0.014995822682976723
v -0.0066893268376588821 0.017906216904520988 0.014999999664723873
v -0.0073336809873580933 0.01952449232339859 0.014997540973126888
v -0.0079724136739969254 0.019263533875346184 0.015000003390014172
v -0.0086899735033512115 0.020271135494112968 0.014999999664723873
v -0.01072398666292429 0.022921158000826836 0.014995197765529156
v -0.015678124502301216 0.024803638458251953 0.015000002458691597
v -0.016152543947100639 0.025252074003219604 0.014999993145465851
v -0.020458895713090897 0.015995321795344353 0.015000001527369022
v -0.018054815009236336 0.026285568252205849 0.015000000596046448
v -0.024932364001870155 0.017984379082918167 0.015000003390014172
v -0.02391645684838295 0.028146468102931976 0.01500000711530447
v -0.026191800832748413 0.018305599689483643 0.014999999664723873
v -0.024546179920434952 0.028216183185577393 0.015000003390014172
v -0.024127289652824402 0.028091466054320335 0.015000000596046448
v -0.026558034121990204 0.029285576194524765 0.015000001527369022
v -0.035835620015859604 0.028426630422472954 0.015000001527369022
v -0.037679899483919144 0.029203599318861961 0.014999999664723873
v -0.03879338875412941 0.027621574699878693 0.014999998733401299
v -0.040691900998353958 0.028266999870538712 0.014999999664723873
v -0.039937790483236313 0.027863381430506706 0.014999999664723873
v -0.039647761732339859 0.027438201010227203 0.015000000596046448
v -0.044444628059864044 0.025021445006132126 0.015000002458691597
v -0.045063566416501999 0.024832138791680336 0.014999993145465851
v -0.04256138950586319 0.014147257432341576 0.014999995008111
v -0.049552492797374725 0.022360218688845634 0.015000001527369022
v -0.044302050024271011 0.012419956736266613 0.015000003390014172
v -0.051826693117618561 0.019066797569394112 0.015000001527369022
v -0.047038007527589798 0.0083594201132655144 0.015000004321336746
v -0.055345378816127777 0.01415322907269001 0.014999993145465851
v -0.058616884052753448 0.010083910077810287 0.01499753724783659
v -0.058071080595254898 0.009660930372774601 0.015000003390014172
v -0.048234205693006516 0.0053182239644229412 0.014999997802078724
v -0.057824339717626572 0.0085679013282060623 0.014999989420175552
v -0.05841401219367981 0.00636714743450284 0.014999989420175552
v -0.05842570960521698 0.0057800938375294209 0.014999998733401299
v -0.05961981788277626 0.0037322458811104298 0.015000000596046448
v -0.059727735817432404 0.00060189497889950871 0.015000003390014172
v -0.059118140488862991 -0.00036676973104476929 0.014999992214143276
v -0.05656907707452774 -0.011570421047508717 0.015000000596046448
v -0.046320315450429916 -0.0096675166860222816 0.014999999664723873
v -0.055077418684959412 -0.014800094068050385 0.015000006183981895
v -0.053882982581853867 -0.016660057008266449 0.014999993145465851
v -0.049509000033140182 -0.023176399990916252 0.014999999664723873
v -0.049560822546482086 -0.022379472851753235 0.015000000596046448
v -0.047132384032011032 -0.024333829060196877 0.015000001527369022
v -0.041626572608947754 -0.026608407497406006 0.014999998733401299
v -0.039539352059364319 -0.027349362149834633 0.015000001527369022
v -0.038817889988422394 -0.027574339881539345 0.014999989420175552
v -0.038417298346757889 -0.029006099328398705 0.014999999664723873
v -0.035834178328514099 -0.02843361534178257 0.015000000596046448
v -0.030732491984963417 -0.018747886642813683 0.015000001527369022
v -0.026283327490091324 -0.029842458665370941 0.014997862279415131
v -0.025913400575518608 -0.02982030063867569 0.014999999664723873
v -0.017252575606107712 -0.027158975601196289 0.014995829202234745
v -0.013228121213614941 -0.024835130199790001 0.014995853416621685
v -0.0054145813919603825 -0.01702173613011837 0.014995860867202282
v -0.0022565498948097229 -0.011154499836266041 0.014999999664723873
v -0.0011124247685074806 -0.0036268627736717463 0.015000004321336746
v -0.011502115055918694 -0.00048247855738736689 0.014999998733401299
v -0.0020828088745474815 0.006373443640768528 0.015000008046627045
v -0.0084366379305720329 0.020753709599375725 0.014995860867202282
v -0.017705485224723816 0.026693407446146011 0.015000000596046448
v -0.021125104278326035 0.027294395491480827 0.015000006183981895
v -0.020911255851387978 0.027377527207136154 0.015000002458691597
v -0.021654499694705009 0.027530686929821968 0.01500000711530447
v -0.022082699462771416 0.029006099328398705 0.014999999664723873
v -0.033970918506383896 0.02934846468269825 0.015000000596046448
v -0.049313794821500778 0.021590480580925941 0.014999989420175552
v -0.056450877338647842 0.011983512900769711 0.014999993145465851
v -0.056535571813583374 0.012195184826850891 0.015000000596046448
v -0.059256099164485931 0.0081673003733158112 0.014999999664723873
v -0.059517830610275269 0.0070665040984749794 0.014995785430073738
v -0.058862835168838501 0.0066610430367290974 0.015000005252659321
v -0.048555601388216019 0.0040582399815320969 0.014999999664723873
v -0.058339528739452362 0.0061510619707405567 0.014999996870756149
v -0.059011746197938919 0.00020427547860890627 0.014999998733401299
v -0.058950725942850113 -0.0034223322290927172 0.015000006183981895
v -0.058433175086975098 -0.0057678516022861004 0.015000002458691597
v -0.048274651169776917 -0.005179485771805048 0.014999999664723873
v -0.057807449251413345 -0.0085804350674152374 0.015000006183981895
v -0.056441411375999451 -0.011892206966876984 0.014999995939433575
v -0.055053636431694031 -0.014571878127753735 0.015000002458691597
v -0.053758300840854645 -0.016668500378727913 0.014999999664723873
v -0.054573502391576767 -0.016878830268979073 0.015000001527369022
v -0.049899183213710785 -0.021209573373198509 0.014999998733401299
v -0.046980898827314377 -0.025062600150704384 0.014999999664723873
v -0.044786959886550903 -0.024811740964651108 0.015000000596046448
v -0.044269498437643051 -0.026674099266529083 0.014999999664723873
v -0.044354569166898727 -0.025217166170477867 0.014999994076788425
v -0.035699434578418732 -0.029607445001602173 0.014997894875705242
v -0.00063716043950989842 -0.0054498626850545406 0.014995322562754154
v -0.0011829714057967067 0.0055281501263380051 0.015000000596046448
v -0.0054135113023221493 0.017023265361785889 0.014995172619819641
v -0.0063890009187161922 0.018356222659349442 0.014997893013060093
v -0.015916598960757256 0.026474643498659134 0.014997616410255432
v -0.036972232162952423 0.028723444789648056 0.014999999664723873
v -0.040336709469556808 0.02837035246193409 0.014995338395237923
v -0.047661319375038147 0.02318723127245903 0.015000002458691597
v -0.046978514641523361 0.023406669497489929 0.014999993145465851
v -0.045331057161092758 0.011148016899824142 0.014999996870756149
v -0.053714901208877563 0.016702517867088318 0.014999989420175552
v -0.046245355159044266 0.0097910501062870026 0.014999999664723873
v -0.055070344358682632 0.014772603288292885 0.015000001527369022
v -0.055899053812026978 0.015761172398924828 0.014997892081737518
v -0.055470094084739685 0.015250768512487411 0.015000005252659321
v -0.056908365339040756 0.011374046094715595 0.014999997802078724
v -0.059282857924699783 -0.0055318227969110012 0.015000000596046448
v -0.058417174965143204 -0.006373443640768528 0.015000008046627045
v -0.057642124593257904 -0.0087368637323379517 0.014999997802078724
v -0.047101926058530807 -0.0082297967746853828 0.014999999664723873
v -0.055440403521060944 -0.014113690704107285 0.014999989420175552
v -0.051459591835737228 -0.019652735441923141 0.014999993145465851
v -0.049774490296840668 -0.022920079529285431 0.01499587669968605
v -0.038967791944742203 -0.02740178257226944 0.014999996870756149
v -0.039317812770605087 -0.027291404083371162 0.014999995939433575
v -0.039892982691526413 -0.027796827256679535 0.015000003390014172
v -0.036958709359169006 -0.028698325157165527 0.015000001527369022
v -0.035789497196674347 -0.028993060812354088 0.014999999664723873
v -0.035340599715709686 -0.029700899496674538 0.014999999664723873
v -0.032829482108354568 -0.028868399560451508 0.014999997802078724
v -0.030616771429777145 -0.028868136927485466 0.014999992214143276
v -0.00017971299530472606 -0.0019581299275159836 0.014999999664723873
v -0.00094673113198950887 0.0037022538017481565 0.015000000596046448
v -0.011944400146603584 0.0040582399815320969 0.014999999664723873
v -0.0021604744251817465 0.0061582308262586594 0.015000000596046448
v -0.0021397839300334454 0.0085377916693687439 0.015000005252659321
v -0.0019829799421131611 0.010441900230944157 0.014999999664723873
v -0.002404714934527874 0.0096752122044563293 0.014999999664723873
v -0.006593179889023304 0.018665799871087074 0.014999999664723873
v -0.016003116965293884 0.025967830792069435 0.015000001527369022
v -0.016230499371886253 0.026674099266529083 0.014999999664723873
v -0.018815970048308372 0.027099901810288429 0.014999999664723873
v -0.020489323884248734 0.027958294376730919 0.014999999664723873
v -0.021725140511989594 0.027721799910068512 0.015000000596046448
v -0.023541295900940895 0.02869831956923008 0.015000001527369022
v -0.028291899710893631 0.030070299282670021 0.014999999664723873
v -0.027786184102296829 0.029465405270457268 0.014999999664723873
v -0.034216679632663727 0.029842458665370941 0.014997862279415131
v -0.034586600959300995 0.02982030063867569 0.014999999664723873
v -0.043589398264884949 0.02702070027589798 0.014999999664723873
v -0.046010963618755341 0.025650404393672943 0.014997619204223156
v -0.046902153640985489 0.023633979260921478 0.014999999664723873
v -0.049298528581857681 0.021818554028868675 0.014999996870756149
v -0.043508298695087433 0.013258299790322781 0.014999999664723873
v -0.049794510006904602 0.021209262311458588 0.01500000711530447
v -0.051461953669786453 0.019517164677381516 0.01500000711530447
v -0.051286298781633377 0.021576099097728729 0.014999999664723873
v -0.052063439041376114 0.020753396674990654 0.01499585248529911
v -0.051767420023679733 0.020190177485346794 0.015000001527369022
v -0.051528900861740112 0.01933320052921772 0.014999999664723873
v -0.057541068643331528 0.0090749738737940788 0.014999995939433575
v -0.059950899332761765 0.0050905998796224594 0.014999999664723873
v -0.059263147413730621 0.0055341566912829876 0.015000000596046448
v -0.060320299118757248 0.0019581299275159836 0.014999999664723873
v -0.059044830501079559 0.0026146862655878067 0.014999999664723873
v -0.059003271162509918 -0.00016946914547588676 0.015000001527369022
v -0.048555601388216019 -0.0040582399815320969 0.014999999664723873
v -0.059453599154949188 -0.0074299401603639126 0.014999999664723873
v -0.057543624192476273 -0.0090464223176240921 0.015000001527369022
v -0.051823846995830536 -0.0202946737408638 0.015000001527369022
v -0.047271665185689926 -0.024835629388689995 0.014995819889008999
v -0.044583402574062347 -0.026474641636013985 0.014997616410255432
v -0.04445396363735199 -0.025010561570525169 0.014999998733401299
v -0.040041133761405945 -0.01599530503153801 0.015000000596046448
v -0.03273078054189682 -0.029403716325759888 0.015000000596046448
v -0.033679980784654617 -0.028708526864647865 0.014999999664723873
v -0.030419481918215752 -0.02875327505171299 0.015000001527369022
v -0.00080800725845620036 -0.0024717319756746292 0.014999999664723873
v -0.0015813333448022604 0.0066928649321198463 0.015000001527369022
v -0.013519099913537502 0.025062600150704384 0.014999999664723873
v -0.013388179242610931 0.024262454360723495 0.014999999664723873
v -0.021500285714864731 0.027386700734496117 0.015000002458691597
v -0.021709874272346497 0.028235692530870438 0.015000000596046448
v -0.04273812472820282 0.02663029171526432 0.015000000596046448
v -0.045615758746862411 0.025321947410702705 0.015000001527369022
v -0.0463407002389431 0.025478299707174301 0.014999999664723873
v -0.049592714756727219 0.021270843222737312 0.015000002458691597
v -0.049995381385087967 0.021243680268526077 0.015000000596046448
v -0.052054662257432938 0.019044985994696617 0.014999995939433575
v -0.05394010990858078 0.016663501039147377 0.014999996870756149
v -0.053392820060253143 0.017091665416955948 0.014999993145465851
v -0.057651787996292114 0.0087177818641066551 0.014999996870756149
v -0.048997882753610611 0.00048251045518554747 0.014999999664723873
v -0.058339539915323257 -0.0061582303605973721 0.015000000596046448
v -0.058918420225381851 -0.0066927289590239525 0.015000001527369022
v -0.056487388908863068 -0.012122916989028454 0.015000002458691597
v -0.057270698249340057 -0.013339400291442871 0.014999999664723873
v -0.055240463465452194 -0.014224419370293617 0.014999996870756149
v -0.055728301405906677 -0.016090700402855873 0.014999999664723873
v -0.055553734302520752 -0.015345847234129906 0.014999998733401299
v -0.053441200405359268 -0.017416641116142273 0.015000000596046448
v -0.052008669823408127 -0.01903950423002243 0.014999999664723873
v -0.045442275702953339 -0.025167610496282578 0.015000003390014172
v -0.044478800147771835 -0.025882715359330177 0.015000000596046448
v -0.042383521795272827 -0.026243487372994423 0.014999999664723873
v -0.041702359914779663 -0.027281802147626877 0.015000000596046448
v -0.038788687437772751 -0.028146445751190186 0.014999998733401299
v -0.032208099961280823 -0.030070299282670021 0.014999999664723873
v -0.0002297161117894575 -0.0023246239870786667 0.01499532163143158
v -0.00040662256651557982 0.0039654150605201721 0.014997614547610283
v -0.000429703010013327 0.0043366299942135811 0.014999999664723873
v -0.00098223122768104076 0.0070665371604263783 0.014995859935879707
v -0.0018793473718687892 0.010087348520755768 0.014995178207755089
v -0.017252840101718903 0.027158964425325394 0.01499580591917038
v -0.018762446939945221 0.027827819809317589 0.014997615478932858
v -0.021734613925218582 0.02888084203004837 0.014995353296399117
v -0.027925418689846992 0.030020251870155334 0.014995326288044453
v -0.04324694350361824 0.027160570025444031 0.014995341189205647
v -0.047089222818613052 0.024192366749048233 0.015000000596046448
v -0.050408158451318741 0.021499114111065865 0.015000000596046448
v -0.051486913114786148 0.01973363384604454 0.015000000596046448
v -0.056924100965261459 0.014019500464200974 0.014999999664723873
v -0.056111123412847519 0.014227491803467274 0.014999999664723873
v -0.055566392838954926 0.014097299426794052 0.015000000596046448
v -0.059129856526851654 0.0085140932351350784 0.014995869249105453
v -0.059862826019525528 0.005449861753731966 0.01499532163143158
v -0.060269113630056381 0.0023233955726027489 0.0149958161637187
v -0.060360200703144073 -0.0011958000250160694 0.014999999664723873
v -0.059634990990161896 -0.00056913489243015647 0.015000000596046448
v -0.059702150523662567 -0.0024667438119649887 0.015000000596046448
v -0.059517808258533478 -0.007066553458571434 0.01499585248529911
v -0.058347173035144806 -0.0085392957553267479 0.015000008046627045
v -0.058517001569271088 -0.010441900230944157 0.014999999664723873
v -0.058020979166030884 -0.0096217980608344078 0.015000000596046448
v -0.055971138179302216 -0.014195708557963371 0.015000004321336746
v -0.053755622357130051 -0.017823476344347 0.015000000596046448
v -0.038764093071222305 -0.028879808261990547 0.014995883218944073
v -0.036730900406837463 -0.028275400400161743 0.014999999664723873
v -0.031075075268745422 -0.030093295499682426 0.014997893013060093
v -0.030822353437542915 -0.029393088072538376 0.01500000711530447
v -0.013228267431259155 0.024835418909788132 0.014995862729847431
v -0.02376909926533699 0.028275400400161743 0.014999999664723873
v -0.051003929227590561 0.021813325583934784 0.01499581802636385
v -0.053165975958108902 0.01952454075217247 0.014997626654803753
v -0.053393114358186722 0.017335908487439156 0.014999996870756149
v -0.054110195487737656 0.018354911357164383 0.014998558908700943
v -0.055059731006622314 0.014543847180902958 0.014999995939433575
v -0.057449676096439362 0.011445747688412666 0.015000000596046448
v -0.059607386589050293 -0.003726941766217351 0.014999999664723873
v -0.057410761713981628 -0.012997572310268879 0.014995194040238857
v -0.055903289467096329 -0.015764795243740082 0.01499533373862505
v -0.043247167021036148 -0.027158964425325394 0.01499580591917038
v -0.041737556457519531 -0.02782781608402729 0.014997616410255432
v -0.048053238540887833 0.023490371182560921 0.014999999664723873
v -0.052629426121711731 0.019310800358653069 0.015000000596046448
v -0.053426399827003479 0.019259000197052956 0.014999999664723873
v -0.053739238530397415 0.017802435904741287 0.015000001527369022
v -0.056728661060333252 0.014332491904497147 0.014995860867202282
v -0.056943453848361969 0.012544559314846992 0.015000000596046448
v -0.058396384119987488 0.0085386866703629494 0.014999998733401299
v -0.060348797589540482 -0.0008260812028311193 0.014995326288044453
v -0.058618750423192978 -0.010087148286402225 0.014995871111750603
v -0.054110974073410034 -0.018356230109930038 0.014997891150414944
v -0.053906798362731934 -0.018665799871087074 0.014999999664723873
v -0.041404500603675842 -0.027993399649858475 0.014999999664723873
v -0.019095500931143761 0.027993399649858475 0.014999999664723873
v -0.048915799707174301 0.023656800389289856 0.014999999664723873
v -0.048606462776660919 0.02386094257235527 0.01499786414206028
v -0.055312599986791611 0.016730900853872299 0.014999999664723873
v -0.054481528699398041 0.016851861029863358 0.015000000596046448
v -0.05740896612405777 0.012997160665690899 0.01499580591917038
v -0.058077454566955566 0.011486128903925419 0.014997894875705242
v -0.058243401348590851 0.011154499836266041 0.014999999664723873
v -0.060092374682426453 -0.0039664814248681068 0.014997889287769794
v -0.060070298612117767 -0.0043366299942135811 0.014999999664723873
v -0.055085629224777222 0.017021661624312401 0.014995819889008999
v 0.0003040732117369771 0.0052384869195520878 0.014499951153993607
v -0.00064200989436358213 0.0054509919136762619 0.014997621066868305
v 0.00042749266140162945 0.0044596707448363304 0.01450006477534771
v -0.0006816370296292007 0.00545905577018857 0.0049994243308901787
v -0.0018709057476371527 0.005601121112704277 0.005000001285225153
v -0.00034948298707604408 0.0053916298784315586 0.0051436200737953186
v 0.00030395644716918468 0.0052394014783203602 0.0054999124258756638
v -0.00040901300963014364 0.003965696319937706 0.0050014392472803593
v 0.00042750593274831772 0.0044586667791008949 0.0054999962449073792
v -0.00099655904341489077 0.0036799071822315454 0.004999999888241291
v -0.00054912100313231349 0.0050905998796224594 0.004999999888241291
v -0.0004108765278942883 0.0084035573527216911 0.014499951153993607
v -0.0013686059974133968 0.0085152117535471916 0.014995169825851917
v -0.00020651580416597426 0.0076409815810620785 0.014500082470476627
v -0.0018949202494695783 0.00853696558624506 0.004999999888241291
v -0.0026119390968233347 0.0085369115695357323 0.005000001285225153
v -0.0013701488496735692 0.0085140932351350784 0.0050041349604725838
v -0.00041108814184553921 0.0084044551476836205 0.0054999124258756638
v -0.0016192591283470392 0.0066716684959828854 0.0050000003539025784
v -0.0009804160799831152 0.0070662838406860828 0.0050048232078552246
v -0.00020678107102867216 0.0076418644748628139 0.0055000400170683861
v -0.0012439399724826217 0.0081673003733158112 0.004999999888241291
v -0.0014531727647408843 0.011477462016046047 0.014499996788799763
v -0.002424255246296525 0.011486302129924297 0.014998584054410458
v -0.0011700979666784406 0.010740384459495544 0.014500063844025135
v -0.0014526783488690853 0.011476580053567886 0.0054999287240207195
v -0.0024625423830002546 0.011487411335110664 0.0049995514564216137
v -0.0036555139813572168 0.011379040777683258 0.005000001285225153
v -0.0021238599438220263 0.011490499600768089 0.0051436200737953186
v -0.0023797450121492147 0.0096934717148542404 0.0049999989569187164
v -0.0018845414742827415 0.010084036737680435 0.0050021084025502205
v -0.0011698764283210039 0.010739405639469624 0.0054999976418912411
v -0.0028724689036607742 0.0093387402594089508 0.005000001285225153
v -0.0022565498948097229 0.011154499836266041 0.004999999888241291
v -0.019509671255946159 0.0290798619389534 0.014499957673251629
v -0.020166091620922089 0.028366878628730774 0.01499753724783659
v -0.01877342164516449 0.028797363862395287 0.014500055462121964
v -0.020490199327468872 0.027957199141383171 0.004999999888241291
v -0.020911166444420815 0.02737756073474884 0.005000001285225153
v -0.020162886008620262 0.028368709608912468 0.0050041237846016884
v -0.019510524347424507 0.029080217704176903 0.0054999100975692272
v -0.018820658326148987 0.027063967660069466 0.0050000003539025784
v -0.018763888627290726 0.027825893834233284 0.0050014383159577847
v -0.018772540614008904 0.028796868398785591 0.0055000181309878826
v -0.019808100536465645 0.028266999870538712 0.004999999888241291
v -0.01652972586452961 0.027798198163509369 0.014500005170702934
v -0.015826191753149033 0.027439910918474197 0.01450006477534771
v -0.016528766602277756 0.027797874063253403 0.0054999254643917084
v -0.016003897413611412 0.025963842868804932 0.0049999994225800037
v -0.015918033197522163 0.026474336162209511 0.0050021433271467686
v -0.015825362876057625 0.02743932418525219 0.0054999962449073792
v -0.017620701342821121 0.026784507557749748 0.004999999888241291
v -0.018100682646036148 0.026251383125782013 0.005000001285225153
v -0.017253097146749496 0.027160534635186195 0.00500465277582407
v -0.016910599544644356 0.02702070027589798 0.004999999888241291
v -0.011049136519432068 0.024337615817785263 0.014499962329864502
v -0.011895234696567059 0.023861542344093323 0.01499833632260561
v -0.010436288081109524 0.023841436952352524 0.014500065706670284
v -0.011929002590477467 0.023842085152864456 0.0049995495937764645
v -0.012908066622912884 0.023151766508817673 0.005000001285225153
v -0.011637300252914429 0.024014100432395935 0.0051436200737953186
v -0.011049830354750156 0.024338213726878166 0.0054999077692627907
v -0.010987987741827965 0.022272044792771339 0.0050000003539025784
v -0.010726815089583397 0.022915719076991081 0.0050021009519696236
v -0.010435601696372032 0.023840693756937981 0.0054999953135848045
v -0.011584199965000153 0.023656800389289856 0.004999999888241291
v -0.013036155141890049 0.025781353935599327 0.014500078745186329
v -0.013699145056307316 0.026211820542812347 0.014499982818961143
v -0.013698250986635685 0.026211405172944069 0.0054999347776174545
v -0.013393187895417213 0.024248633533716202 0.0049999994225800037
v -0.013226749375462532 0.024836445227265358 0.0050048208795487881
v -0.013036930002272129 0.025781825184822083 0.0055000442080199718
v -0.01359030045568943 0.02364729717373848 0.005000001285225153
v -0.014484583400189877 0.025653388351202011 0.0050048120319843292
v -0.015428223647177219 0.024838913232088089 0.0049997656606137753
v -0.014159300364553928 0.025478299707174301 0.004999999888241291
v -0.0064086467027664185 0.019813690334558487 0.014499954879283905
v -0.0059117889031767845 0.019200170412659645 0.0145000871270895
v -0.0073729953728616238 0.019510991871356964 0.0049993358552455902
v -0.0084735574200749397 0.019040273502469063 0.005000001285225153
v -0.007051209919154644 0.019619500264525414 0.0051436200737953186
v -0.0064092096872627735 0.019814429804682732 0.0054999091662466526
v -0.0067124036140739918 0.017873963341116905 0.0049999994225800037
v -0.0063884533010423183 0.018354726955294609 0.0050016609020531178
v -0.005912385880947113 0.019200863316655159 0.0055000302381813526
v -0.0070735798217356205 0.019259000197052956 0.004999999888241291
v -0.0080520659685134888 0.021639017388224602 0.014500078745186329
v -0.0086103500798344612 0.022197261452674866 0.014499956741929054
v -0.008709602989256382 0.020236533135175705 0.0049999994225800037
v -0.0084349373355507851 0.020754400640726089 0.0050048227421939373
v -0.0080527402460575104 0.02163965068757534 0.0055000470019876957
v -0.0099627496674656868 0.021570499986410141 0.004999999888241291
v -0.010583171620965004 0.021212214604020119 0.005000001285225153
v -0.009500209242105484 0.021811516955494881 0.0050021042115986347
v -0.0086109861731529236 0.022197935730218887 0.0054999087005853653
v -0.0092136599123477936 0.021576099097728729 0.004999999888241291
v -0.0044681304134428501 0.017213074490427971 0.014499933458864689
v -0.0040386305190622807 0.016551736742258072 0.014500067569315434
v -0.0044686011970043182 0.017213849350810051 0.0054999212734401226
v -0.0049499720335006714 0.015341387130320072 0.0049999994225800037
v -0.0046009737998247147 0.015761161223053932 0.0050021102651953697
v -0.0040382123552262783 0.016550833359360695 0.0054999897256493568
v -0.0059206061996519566 0.016881395131349564 0.004999999888241291
v -0.0066026928834617138 0.016659699380397797 0.005000001285225153
v -0.0054146298207342625 0.017021724954247475 0.0050041335634887218
v -0.005187429953366518 0.016730900853872299 0.004999999888241291
v -0.0024516831617802382 0.013720376417040825 0.014500082470476627
v -0.0028106588870286942 0.014424636028707027 0.014500003308057785
v -0.0028100726194679737 0.014423808082938194 0.005499926395714283
v -0.0035414330195635557 0.012557597830891609 0.0049999994225800037
v -0.0030894065275788307 0.012996671721339226 0.0050046485848724842
v -0.0024521274026483297 0.01372118666768074 0.0055000400170683861
v -0.0039986083284020424 0.01214931532740593 0.005000001285225153
v -0.0049906456843018532 0.014096580445766449 0.005000001285225153
v -0.0034790199715644121 0.014367500320076942 0.0051436200737953186
v -0.0038157878443598747 0.014329011552035809 0.0049994410946965218
v -0.003575870068743825 0.014019500464200974 0.004999999888241291
v -0.022609090432524681 0.030043374747037888 0.01450001448392868
v -0.023183533921837807 0.02926783449947834 0.014995782636106014
v -0.021846465766429901 0.029839223250746727 0.014500065706670284
v -0.02346586249768734 0.028824416920542717 0.004999999888241291
v -0.023824146017432213 0.028203712776303291 0.005000001285225153
v -0.023184120655059814 0.029269341379404068 0.0050046839751303196
v -0.022608080878853798 0.030043255537748337 0.0054999212734401226
v -0.021710760891437531 0.028209088370203972 0.0049999989569187164
v -0.021735848858952522 0.028879754245281219 0.0050041778013110161
v -0.021845538169145584 0.029838824644684792 0.0054999962449073792
v -0.02282010018825531 0.029203599318861961 0.004999999888241291
v -0.025790350511670113 0.030677426606416702 0.014499944634735584
v -0.026285095140337944 0.029842127114534378 0.01499833632260561
v -0.025011524558067322 0.030554184690117836 0.014500058256089687
v -0.026304339990019798 0.02980746328830719 0.0049994909204542637
v -0.026807311922311783 0.02872101403772831 0.005000001285225153
v -0.026138000190258026 0.030103199183940887 0.0051436200737953186
v -0.025791266933083534 0.030677599832415581 0.0054999161511659622
v -0.024724774062633514 0.029096165671944618 0.0049999994225800037
v -0.02480030246078968 0.02960718609392643 0.0050021070055663586
v -0.02501055970788002 0.03055388480424881 0.0055000116117298603
v -0.025913400575518608 0.02982030063867569 0.004999999888241291
v -0.029021451249718666 0.030975552275776863 0.014499956741929054
v -0.029425492510199547 0.030094601213932037 0.014997536316514015
v -0.028234003111720085 0.030934352427721024 0.014500069431960583
v -0.029607100412249565 0.029604800045490265 0.004999999888241291
v -0.029828410595655441 0.02892344631254673 0.0050000017508864403
v -0.029423009604215622 0.030097333714365959 0.0050041251815855503
v -0.029022380709648132 0.030975630506873131 0.0054999091662466526
v -0.027775539085268974 0.029416700825095177 0.0049999994225800037
v -0.027926407754421234 0.030018918216228485 0.0050041992217302322
v -0.028233015909790993 0.030934156849980354 0.005499986931681633
v -0.029054200276732445 0.030110200867056847 0.004999999888241291
v -0.03226698562502861 0.030934156849980354 0.01450000423938036
v -0.032573580741882324 0.030018962919712067 0.014995795674622059
v -0.031477618962526321 0.030975630506873131 0.014500085264444351
v -0.032705161720514297 0.029510043561458588 0.004999999888241291
v -0.032854083925485611 0.028809038922190666 0.005000001285225153
v -0.032574597746133804 0.030020203441381454 0.0050046672113239765
v -0.032265998423099518 0.030934352427721024 0.0054999254643917084
v -0.030803520232439041 0.029334267601370811 0.005000001285225153
v -0.031074492260813713 0.030094562098383904 0.0050024609081447124
v -0.031478546559810638 0.030975552275776863 0.0055000344291329384
v -0.032208099961280823 0.030070299282670021 0.004999999888241291
v -0.035488493740558624 0.030554113909602165 0.014499935321509838
v -0.035700518637895584 0.029608387500047684 0.014997532591223717
v -0.034708734601736069 0.030677599832415581 0.014500078745186329
v -0.03570907935500145 0.029568295925855637 0.0049994434230029583
v -0.035851079970598221 0.028379162773489952 0.005000001285225153
v -0.03564159944653511 0.029900500550866127 0.0051436200737953186
v -0.035489413887262344 0.030553996562957764 0.0054999189451336861
v -0.03397451713681221 0.029356122016906738 0.0049999994225800037
v -0.034214351326227188 0.029841870069503784 0.0050015985034406185
v -0.03470965102314949 0.030677426606416702 0.0055000470019876957
v -0.033692557364702225 0.0287209153175354 0.005000001285225153
v -0.035340599715709686 0.029700899496674538 0.004999999888241291
v -0.03865446150302887 0.029838824644684792 0.014499993994832039
v -0.038764148950576782 0.028879798948764801 0.014995817095041275
v -0.037891920655965805 0.030043255537748337 0.014500073157250881
v -0.037315908819437027 0.0292693842202425 0.01499530952423811
v -0.038769908249378204 0.028835779055953026 0.0049994271248579025
v -0.038786858320236206 0.027638159692287445 0.005000001285225153
v -0.038737498223781586 0.029173100367188454 0.0051436200737953186
v -0.038653537631034851 0.029839223250746727 0.0054999287240207195
v -0.036959797143936157 0.028700167313218117 0.0049999989569187164
v -0.037316441535949707 0.029267797246575356 0.0050042113289237022
v -0.037890911102294922 0.030043374747037888 0.0054999766871333122
v -0.038417298346757889 0.029006099328398705 0.004999999888241291
v -0.041727460920810699 0.028796868398785591 0.014499973505735397
v -0.041736118495464325 0.02782592736184597 0.014998560771346092
v -0.040990378707647324 0.029079914093017578 0.014500066637992859
v -0.041737418621778488 0.0277874656021595 0.0049995523877441883
v -0.041629042476415634 0.026594456285238266 0.005000001285225153
v -0.041740499436855316 0.028126100078225136 0.0051436200737953186
v -0.041726581752300262 0.028797363862395287 0.0054999394342303276
v -0.039922881871461868 0.027841342613101006 0.0049999989569187164
v -0.040334291756153107 0.028365470468997955 0.0050021382048726082
v -0.04098939523100853 0.029080135747790337 0.0054999901913106441
v -0.039528291672468185 0.027325898408889771 0.004999989178031683
v -0.041404500603675842 0.027993399649858475 0.004999999888241291
v -0.044674638658761978 0.02743932418525219 0.014499995857477188
v -0.044581975787878036 0.026474375277757645 0.014997854828834534
v -0.043971236795186996 0.027797874063253403 0.014500069431960583
v -0.04467381164431572 0.027439910918474197 0.0054999296553432941
v -0.044346597045660019 0.025259284302592278 0.005000001285225153
v -0.044617500156164169 0.026770999655127525 0.0051436200737953186
v -0.044580869376659393 0.026427820324897766 0.0049991067498922348
v -0.04271460697054863 0.026602823287248611 0.0050000003539025784
v -0.043247129768133163 0.027158932760357857 0.0050041885115206242
v -0.043970275670289993 0.027798198163509369 0.0054999855346977711
v -0.044269498437643051 0.026674099266529083 0.004999999888241291
v -0.060293372720479965 0.0076408921740949154 0.014500015415251255
v -0.060088943690061569 0.0084044551476836205 0.014500081539154053
v -0.059074591845273972 0.0067842677235603333 0.004999999888241291
v -0.058453716337680817 0.006425847765058279 0.005000001285225153
v -0.059519335627555847 0.0070659187622368336 0.0050046802498400211
v -0.060293253511190414 0.0076418970711529255 0.0054999217391014099
v -0.05836019292473793 0.0085377916693687439 0.0050000003539025784
v -0.05913129448890686 0.0085152192041277885 0.0050048134289681911
v -0.060089152306318283 0.0084035582840442657 0.0055000423453748226
v -0.057810671627521515 0.0085527403280138969 0.005000013392418623
v -0.059453599154949188 0.0074299401603639126 0.004999999888241291
v -0.059046991169452667 0.011477457359433174 0.014500073157250881
v -0.059329863637685776 0.010740327648818493 0.014499957673251629
v -0.059330221265554428 0.010739477351307869 0.0054999105632305145
v -0.057425409555435181 0.011442392133176327 0.0049999989569187164
v -0.058076433837413788 0.01148734986782074 0.0050016590394079685
v -0.059047296643257141 0.011476581916213036 0.0055000628344714642
v -0.056844301521778107 0.011379106901586056 0.005000001285225153
v -0.058586481958627701 0.010056524537503719 0.0049994154833257198
v -0.057627562433481216 0.0093388240784406662 0.005000001285225153
v -0.058840401470661163 0.010281000286340714 0.0051436200737953186
v -0.058517001569271088 0.010441900230944157 0.004999999888241291
v -0.057689443230628967 0.014424646273255348 0.014500081539154053
v -0.058048203587532043 0.013720282353460789 0.014500001445412636
v -0.058047879487276077 0.013721239753067493 0.0054999287240207195
v -0.056088823825120926 0.014221994206309319 0.0049999989569187164
v -0.056724965572357178 0.014333268627524376 0.0050024674274027348
v -0.057689838111400604 0.014423804357647896 0.0055000404827296734
v -0.055509191006422043 0.014096630737185478 0.005000001285225153
v -0.05703454464673996 0.012629332020878792 0.004999999888241291
v -0.056501381099224091 0.01214931532740593 0.005000001285225153
v -0.057410534471273422 0.012996899895370007 0.00500465277582407
v -0.057270698249340057 0.013339400291442871 0.004999999888241291
v -0.056031353771686554 0.017213847488164902 0.014500078745186329
v -0.056461818516254425 0.016550851985812187 0.014499983750283718
v -0.056461405009031296 0.016551747918128967 0.0054999338462948799
v -0.054505608975887299 0.016859479248523712 0.0049999994225800037
v -0.055085752159357071 0.017023423686623573 0.0050046546384692192
v -0.05603182315826416 0.017213072627782822 0.0055000442080199718
v -0.053897298872470856 0.016659699380397797 0.005000001285225153
v -0.055903386324644089 0.015765413641929626 0.0050048097036778927
v -0.055088546127080917 0.014821290038526058 0.0049997805617749691
v -0.055728301405906677 0.016090700402855873 0.004999999888241291
v -0.047463074326515198 0.025781825184822083 0.014499947428703308
v -0.047273267060518265 0.02483648806810379 0.01499517448246479
v -0.046801753342151642 0.026211405172944069 0.014500060118734837
v -0.047131389379501343 0.02432938851416111 0.004999999888241291
v -0.046909693628549576 0.023647299036383629 0.005000001285225153
v -0.047271728515625 0.024835368618369102 0.005004130769520998
v -0.047463849186897278 0.025781353935599327 0.0054999166168272495
v -0.045605260878801346 0.025312755256891251 0.0049999994225800037
v -0.046011414378881454 0.025649011135101318 0.0050021400675177574
v -0.046800859272480011 0.026211820542812347 0.0055000088177621365
v -0.046980898827314377 0.025062600150704384 0.004999999888241291
v -0.050064403563737869 0.023840693756937981 0.014499994926154613
v -0.0497732013463974 0.022915752604603767 0.014997896738350391
v -0.049450170248746872 0.024338213726878166 0.0145000871270895
v -0.049761004745960236 0.02287701703608036 0.0049993526190519333
v -0.04929027333855629 0.021776488050818443 0.005000001285225153
v -0.04986950010061264 0.023198800161480904 0.0051436200737953186
v -0.050063714385032654 0.023841438814997673 0.0054999296553432941
v -0.048078600317239761 0.023508692160248756 0.0049999989569187164
v -0.048604153096675873 0.023861600086092949 0.0050015980377793312
v -0.049450866878032684 0.024337617680430412 0.0055000302381813526
v -0.047591790556907654 0.023151744157075882 0.005000001285225153
v -0.049509000033140182 0.023176399990916252 0.004999999888241291
v -0.054588161408901215 0.019200071692466736 0.01450000423938036
v -0.054091434925794601 0.019813712686300278 0.014500065706670284
v -0.054587651044130325 0.019200928509235382 0.0054999249987304211
v -0.052619833499193192 0.019306095317006111 0.0049999994225800037
v -0.053165972232818604 0.019523082301020622 0.005002134945243597
v -0.054090689867734909 0.019814400002360344 0.0054999948479235172
v -0.052026361227035522 0.01904027909040451 0.005000001285225153
v -0.054091263562440872 0.018314538523554802 0.0049992874264717102
v -0.053401768207550049 0.017341883853077888 0.005000001285225153
v -0.054264098405838013 0.018612699583172798 0.0051436200737953186
v -0.053906798362731934 0.018665799871087074 0.004999999888241291
v -0.051889009773731232 0.022197945043444633 0.014500080607831478
v -0.052447903901338577 0.021638903766870499 0.01449999213218689
v -0.052447300404310226 0.021639715880155563 0.0054999329149723053
v -0.050435639917850494 0.021514900028705597 0.0049999989569187164
v -0.051003687083721161 0.021815076470375061 0.0050046560354530811
v -0.051889646798372269 0.022197268903255463 0.0055000432766973972
v -0.052045948803424835 0.020711919292807579 0.0049990550614893436
v -0.051462210714817047 0.019666815176606178 0.005000001285225153
v -0.052186999469995499 0.021020900458097458 0.0051436200737953186
v -0.051826100796461105 0.021036300808191299 0.004999999888241291
v -0.060927506536245346 0.0044586765579879284 0.014499986544251442
v -0.060090962797403336 0.0039654658176004887 0.014998581260442734
v -0.060804195702075958 0.0052384641021490097 0.014500054530799389
v -0.060058332979679108 0.0039453590288758278 0.0049995440058410168
v -0.058970998972654343 0.0034426569472998381 0.005000001285225153
v -0.060353200882673264 0.0041120299138128757 0.0051436200737953186
v -0.060927495360374451 0.0044596772640943527 0.0054999357089400291
v -0.05920889601111412 0.0055400035344064236 0.004999999888241291
v -0.059857368469238281 0.0054495087824761868 0.0050021442584693432
v -0.060803897678852081 0.0052394210360944271 0.005500017199665308
v -0.058553650975227356 0.0056250225752592087 0.005000019446015358
v -0.060070298612117767 0.0043366299942135811 0.004999999888241291
v -0.061225533485412598 0.0012275681365281343 0.014499996788799763
v -0.060343433171510696 0.00082530913641676307 0.014997854828834534
v -0.061184268444776535 0.002016942948102951 0.014500086195766926
v -0.060302630066871643 0.00080307445023208857 0.0049990792758762836
v -0.059173434972763062 0.00042157716234214604 0.005000001285225153
v -0.060618098825216293 0.00094286102103069425 0.0051436200737953186
v -0.061225622892379761 0.0012285688426345587 0.0054999301210045815
v -0.059753943234682083 0.0024556547868996859 0.0049999994225800037
v -0.060270100831985474 0.0023248603101819754 0.0050046583637595177
v -0.061184287071228027 0.0020160195417702198 0.0055000321008265018
v -0.060360200703144073 0.0011958000250160694 0.004999999888241291
v -0.06118416041135788 -0.0020169818308204412 0.01450000237673521
v -0.06026897206902504 -0.0023236186243593693 0.014995792880654335
v -0.061225622892379761 -0.0012285695411264896 0.01450006477534771
v -0.059760443866252899 -0.0024550594389438629 0.004999999888241291
v -0.059059031307697296 -0.0026040824595838785 0.005000001285225153
v -0.060270216315984726 -0.0023246391210705042 0.0050046718679368496
v -0.061184357851743698 -0.0020159950945526361 0.0054999259300529957
v -0.060343395918607712 -0.00082529435167089105 0.005002142395824194
v -0.061225533485412598 -0.001227567670866847 0.0054999943822622299
v -0.059104647487401962 -0.00038255000254139304 0.005000019446015358
v -0.059606961905956268 -0.00056124938419088721 0.0050000008195638657
v -0.060320299118757248 -0.0019581299275159836 0.004999999888241291
v -0.060803897678852081 -0.0052394210360944271 0.014499974437057972
v -0.059857409447431564 -0.0054495013318955898 0.014997852966189384
v -0.060927603393793106 -0.0044587361626327038 0.01450007688254118
v -0.059817574918270111 -0.0054584899917244911 0.0049993484281003475
v -0.05862908810377121 -0.0056011183187365532 0.005000001285225153
v -0.060150500386953354 -0.0053916298784315586 0.0051436200737953186
v -0.060804195702075958 -0.0052384641021490097 0.0054999398998916149
v -0.059571359306573868 -0.0037105847150087357 0.0049999994225800037
v -0.060092095285654068 -0.0039649098180234432 0.0050016632303595543
v -0.060927432030439377 -0.0044596395455300808 0.0055000479333102703
v -0.059950899332761765 -0.0050905998796224594 0.004999999888241291
v -0.060088828206062317 -0.0084044700488448143 0.014499993063509464
v -0.059129621833562851 -0.0085143204778432846 0.014995859935879707
v -0.060293462127447128 -0.0076409624889492989 0.014500090852379799
v -0.057883907109498978 -0.0085413223132491112 0.0050000026822090149
v -0.059131432324647903 -0.0085150543600320816 0.00500481016933918
v -0.060089226812124252 -0.0084035471081733704 0.0054999301210045815
v -0.058880534023046494 -0.0066715525463223457 0.0050000003539025784
v -0.059519629925489426 -0.0070663020014762878 0.0050048329867422581
v -0.060293197631835938 -0.0076418537646532059 0.0055000204592943192
v -0.059256099164485931 -0.0081673003733158112 0.004999999888241291
v -0.059047296643257141 -0.011476581916213036 0.014499927870929241
v -0.058076471090316772 -0.01148734986782074 0.014998340047895908
v -0.059330221265554428 -0.010739477351307869 0.014500084333121777
v -0.057556800544261932 -0.011454099789261818 0.004999999888241291
v -0.05684439092874527 -0.011379069648683071 0.005000001285225153
v -0.058077413588762283 -0.011486128903925419 0.0050021032802760601
v -0.059046991169452667 -0.011477457359433174 0.0054999217391014099
v -0.058616854250431061 -0.010083884000778198 0.0050024604424834251
v -0.059329863637685776 -0.010740327648818493 0.0055000330321490765
v -0.057996738702058792 -0.00960562564432621 0.0050000008195638657
v -0.058243401348590851 -0.011154499836266041 0.004999999888241291
v -0.057689324021339417 -0.014424636960029602 0.014499995857477188
v -0.056724380701780319 -0.014331973157823086 0.014997854828834534
v -0.058047879487276077 -0.013721239753067493 0.014500065706670284
v -0.056684251874685287 -0.014329008758068085 0.0049994387663900852
v -0.055509377270936966 -0.014096585102379322 0.005000001285225153
v -0.057020999491214752 -0.014367500320076942 0.0051436200737953186
v -0.057689912617206573 -0.014423809945583344 0.0054999315179884434
v -0.056995868682861328 -0.012595341540873051 0.0049999994225800037
v -0.057408884167671204 -0.012996853329241276 0.0050041321665048599
v -0.058048203587532043 -0.013720282353460789 0.0054999892599880695
v -0.056924100965261459 -0.014019500464200974 0.004999999888241291
v -0.056031245738267899 -0.01721382699906826 0.014499989338219166
v -0.055085394531488419 -0.01702178455889225 0.014995795674622059
v -0.056461405009031296 -0.016551747918128967 0.014500061050057411
v -0.054579466581344604 -0.016881411895155907 0.004999999888241291
v -0.053897298872470856 -0.016659699380397797 0.005000001285225153
v -0.055085964500904083 -0.017023289576172829 0.0050046681426465511
v -0.056031893938779831 -0.017213083803653717 0.0054999329149723053
v -0.055527117103338242 -0.015315801836550236 0.0049999994225800037
v -0.055899012833833694 -0.015761416405439377 0.0050021396018564701
v -0.056461818516254425 -0.016550851985812187 0.0055000074207782745
v -0.055312599986791611 -0.016730900853872299 0.004999999888241291
v -0.049450073391199112 -0.024338159710168839 0.01450000423938036
v -0.050064433366060257 -0.023840805515646935 0.014500082470476627
v -0.048171401023864746 -0.023572899401187897 0.004999999888241291
v -0.047591883689165115 -0.023151760920882225 0.005000001285225153
v -0.048605799674987793 -0.023862374946475029 0.0050023873336613178
v -0.049450930207967758 -0.024337649345397949 0.0054999249987304211
v -0.049556132405996323 -0.022369913756847382 0.0049999994225800037
v -0.049774479120969772 -0.022916302084922791 0.0050024562515318394
v -0.050063695758581161 -0.023841366171836853 0.0055000400170683861
v -0.049290284514427185 -0.021776366978883743 0.005000001285225153
v -0.048915799707174301 -0.023656800389289856 0.004999999888241291
v -0.046800855547189713 -0.026211820542812347 0.014499981887638569
v -0.046011447906494141 -0.025649037212133408 0.014997857622802258
v -0.047463849186897278 -0.025781353935599327 0.014500077813863754
v -0.045609209686517715 -0.025317111983895302 0.0050000003539025784
v -0.045076780021190643 -0.02483762800693512 0.005000001285225153
v -0.046014755964279175 -0.025653261691331863 0.0050046625547111034
v -0.046801753342151642 -0.026211405172944069 0.0054999343119561672
v -0.047132767736911774 -0.02433481253683567 0.0049999994225800037
v -0.047273427248001099 -0.024835750460624695 0.0050046537071466446
v -0.047463074326515198 -0.025781825184822083 0.0055000442080199718
v -0.0463407002389431 -0.025478299707174301 0.004999999888241291
v -0.054090689867734909 -0.019814400002360344 0.014499996788799763
v -0.053166009485721588 -0.019523097202181816 0.014997863210737705
v -0.054588213562965393 -0.019200170412659645 0.0145000871270895
v -0.053127016872167587 -0.019510999321937561 0.0049993502907454967
v -0.05202648788690567 -0.019040267914533615 0.005000001285225153
v -0.05344879999756813 -0.019619500264525414 0.0051436200737953186
v -0.054091434925794601 -0.019813712686300278 0.0054999291896820068
v -0.053739234805107117 -0.017802432179450989 0.0049999989569187164
v -0.054111521691083908 -0.018354730680584908 0.0050016618333756924
v -0.054587617516517639 -0.019200863316655159 0.0055000297725200653
v -0.05337132140994072 -0.017268337309360504 0.004999989178031683
v -0.053426399827003479 -0.019259000197052956 0.004999999888241291
v -0.052061531692743301 -0.020749855786561966 0.014997894875705242
v -0.052447948604822159 -0.021639011800289154 0.014500079676508904
v -0.051888901740312576 -0.022197900339961052 0.01449999213218689
v -0.051003679633140564 -0.021813398227095604 0.014995794743299484
v -0.051889713853597641 -0.022197293117642403 0.0054999315179884434
v -0.051817078143358231 -0.020282568410038948 0.0049999994225800037
v -0.052065052092075348 -0.020754396915435791 0.0050048218108713627
v -0.052447270601987839 -0.021639646962285042 0.0055000432766973972
v -0.051003918051719666 -0.021814988926053047 0.0050046695396304131
v -0.050537355244159698 -0.021570529788732529 0.004999999888241291
v -0.049916807562112808 -0.021212216466665268 0.005000001285225153
v -0.051286298781633377 -0.021576099097728729 0.004999999888241291
v -0.043970279395580292 -0.027798198163509369 0.014500006102025509
v -0.04467381164431572 -0.027439910918474197 0.01450006477534771
v -0.042879294604063034 -0.026784505695104599 0.004999999888241291
v -0.042399320751428604 -0.026251383125782013 0.005000001285225153
v -0.043246906250715256 -0.027160536497831345 0.00500465277582407
v -0.043971236795186996 -0.027797874063253403 0.0054999254643917084
v -0.044467628002166748 -0.025829531252384186 0.004999999888241291
v -0.044581972062587738 -0.026474336162209511 0.0050021433271467686
v -0.044674638658761978 -0.02743932418525219 0.0054999957792460918
v -0.044346019625663757 -0.025180106982588768 0.005000019446015358
v -0.043589398264884949 -0.02702070027589798 0.004999999888241291
v -0.04098939523100853 -0.029080135747790337 0.014500001445412636
v -0.040334317833185196 -0.028365502133965492 0.014997859485447407
v -0.041726581752300262 -0.028797363862395287 0.014500055462121964
v -0.040300510823726654 -0.028333580121397972 0.004999108612537384
v -0.039588853716850281 -0.027377579361200333 0.005000001285225153
v -0.040530998259782791 -0.028590399771928787 0.0051436200737953186
v -0.040990378707647324 -0.029079914093017578 0.0054999277926981449
v -0.041701946407556534 -0.027279810979962349 0.0049999994225800037
v -0.041736118495464325 -0.027825890108942986 0.0050014378502964973
v -0.041727460920810699 -0.028796868398785591 0.0055000181309878826
v -0.041629105806350708 -0.026594296097755432 0.005000001285225153
v -0.040691900998353958 -0.028266999870538712 0.004999999888241291
v -0.037890911102294922 -0.030043374747037888 0.01450001448392868
v -0.037316467612981796 -0.029267836362123489 0.014995782636106014
v -0.038654446601867676 -0.029838938266038895 0.014500083401799202
v -0.037034131586551666 -0.028824402019381523 0.004999999888241291
v -0.03667585551738739 -0.028203712776303291 0.005000001285225153
v -0.037315879017114639 -0.029269343242049217 0.0050046844407916069
v -0.037891920655965805 -0.030043255537748337 0.0054999217391014099
v -0.038765210658311844 -0.028881227597594261 0.0050047910772264004
v -0.038653545081615448 -0.029839150607585907 0.0055000409483909607
v -0.03878779336810112 -0.028110221028327942 0.0050000003539025784
v -0.037679899483919144 -0.029203599318861961 0.004999999888241291
v -0.034708674997091293 -0.030677501112222672 0.014499989338219166
v -0.034215711057186127 -0.029841037467122078 0.014998557046055794
v -0.035489413887262344 -0.030553998425602913 0.014500075951218605
v -0.034195341169834137 -0.029808338731527328 0.0049995523877441883
v -0.033692698925733566 -0.028721025213599205 0.005000001285225153
v -0.034361999481916428 -0.030103199183940887 0.0051436200737953186
v -0.034709692001342773 -0.030677489936351776 0.0054999343119561672
v -0.035791140049695969 -0.028970321640372276 0.0049999989569187164
v -0.035700526088476181 -0.02960834838449955 0.0050024650990962982
v -0.035488493740558624 -0.030554113909602165 0.0055000558495521545
v -0.035851199179887772 -0.028378991410136223 0.005000001285225153
v -0.034586600959300995 -0.02982030063867569 0.004999999888241291
v 0.00072550872573629022 -0.0012275697663426399 0.014499994926154613
v 0.00068433320848271251 -0.0020159927662461996 0.01450006477534771
v 0.00072560046100988984 -0.0012285697739571333 0.0054999301210045815
v -0.00082266551908105612 -0.0024743468966335058 0.0049999994225800037
v -0.00023105440777726471 -0.0023236323613673449 0.0050042024813592434
v 0.00068413757253438234 -0.0020169771742075682 0.0054999967105686665
v -0.0014409744180738926 -0.0026040826924145222 0.005000001285225153
v -0.00019363983301445842 -0.00080824550241231918 0.004999346099793911
v -0.0013265168527141213 -0.00042162148747593164 0.005000001285225153
v 0.0001181010011350736 -0.00094286102103069425 0.0051436200737953186
v -0.00013976100308354944 -0.0011958000250160694 0.004999999888241291
v 0.00042750593274831772 -0.0044586667791008949 0.014499994926154613
v 0.00030414335196837783 -0.0052384692244231701 0.01450006477534771
v 0.00042749266140162945 -0.0044596707448363304 0.0054999301210045815
v -0.0013257450191304088 -0.0055439318530261517 0.004999999888241291
v -0.00064261711668223143 -0.0054495097137987614 0.0050021442584693432
v 0.00030384561978280544 -0.005239428486675024 0.0054999967105686665
v -0.00044559180969372392 -0.0039401864632964134 0.0049992753192782402
v -0.0015290569281205535 -0.0034426087513566017 0.005000001285225153
v -0.00014681500033475459 -0.0041120299138128757 0.0051436200737953186
v -0.000429703010013327 -0.0043366299942135811 0.004999999888241291
v -0.00020660593872889876 -0.0076409117318689823 0.014499994926154613
v -0.00041080478695221245 -0.0084035471081733704 0.01450006477534771
v -0.0002067242021439597 -0.0076419091783463955 0.0054999301210045815
v -0.0013701515272259712 -0.0085141472518444061 0.0050042020156979561
v -0.00041120121022686362 -0.0084044700488448143 0.0054999967105686665
v -0.0019544968381524086 -0.0085362773388624191 0.0049999994225800037
v -0.00098038394935429096 -0.0070664924569427967 0.0050048204138875008
v -0.0014252917608246207 -0.0067843198776245117 0.004999999888241291
v -0.0020462824031710625 -0.006425847765058279 0.005000001285225153
v -0.0010463600046932697 -0.0074299401603639126 0.004999999888241291
v -0.001453057280741632 -0.011477458290755749 0.014500083401799202
v -0.0011701500043272972 -0.010740334168076515 0.014499950222671032
v -0.0011697941226884723 -0.010739484801888466 0.0054999138228595257
v -0.0030850269831717014 -0.011441396549344063 0.0049999989569187164
v -0.0024235530290752649 -0.01148734986782074 0.0050016604363918304
v -0.0014527513412758708 -0.01147658284753561 0.0055000386200845242
v -0.0036556939594447613 -0.01137910783290863 0.005000001285225153
v -0.0019135315669700503 -0.010056514292955399 0.004999418742954731
v -0.0028724269941449165 -0.0093388250097632408 0.005000001285225153
v -0.0016595800407230854 -0.010281000286340714 0.0051436200737953186
v -0.0019829799421131611 -0.010441900230944157 0.004999999888241291
v -0.005912385880947113 -0.019200863316655159 0.014499961398541927
v -0.0064085768535733223 -0.019813710823655128 0.014500067569315434
v -0.0064078904688358307 -0.018320973962545395 0.0049995449371635914
v -0.0070982314646244049 -0.017341915518045425 0.005000001285225153
v -0.0062358900904655457 -0.018612699583172798 0.0051436200737953186
v -0.0059117884375154972 -0.019200170412659645 0.0054999077692627907
v -0.0078240474686026573 -0.019328933209180832 0.0049999994225800037
v -0.0073340535163879395 -0.019523086026310921 0.0050021354109048843
v -0.0064093200489878654 -0.019814398139715195 0.0054999920539557934
v -0.0085502807050943375 -0.019023522734642029 0.005000001285225153
v -0.006593179889023304 -0.018665799871087074 0.004999999888241291
v -0.0086109861731529236 -0.022197937592864037 0.014500086195766926
v -0.0080527393147349358 -0.02163965068757534 0.01449994370341301
v -0.010090665891766548 -0.0214992705732584 0.0049999989569187164
v -0.0094956336542963982 -0.021815052255988121 0.0050048218108713627
v -0.0086103510111570358 -0.022197263315320015 0.0055000339634716511
v -0.0086792847141623497 -0.020287677645683289 0.004999999888241291
v -0.0090377889573574066 -0.019666802138090134 0.005000001285225153
v -0.0084366584196686745 -0.020753663033246994 0.0050041330978274345
v -0.0080520659685134888 -0.021639017388224602 0.0054999161511659622
v -0.0086738802492618561 -0.021036300808191299 0.004999999888241291
v -0.0040386696346104145 -0.016551679000258446 0.014499958604574203
v -0.0045995237305760384 -0.015761362388730049 0.014997527003288269
v -0.0044686011970043182 -0.017213849350810051 0.014500073157250881
v -0.0045984028838574886 -0.015764882788062096 0.0050041363574564457
v -0.0049328901804983616 -0.015359199605882168 0.004999999888241291
v -0.0054123569279909134 -0.014826813712716103 0.005000001285225153
v -0.0040381494909524918 -0.016550924628973007 0.0054999100975692272
v -0.0059201950207352638 -0.016881506890058517 0.004999999888241291
v -0.0054135569371283054 -0.017023254185914993 0.0050048218108713627
v -0.0044681304134428501 -0.017213074490427971 0.0055000581778585911
v -0.0047716698609292507 -0.016090700402855873 0.004999999888241291
v -0.0028105429373681545 -0.014424644410610199 0.014500086195766926
v -0.0024517572019249201 -0.013720288872718811 0.014499994926154613
v -0.004368920810520649 -0.014228524640202522 0.0049999994225800037
v -0.0037756240926682949 -0.014333556406199932 0.0050023742951452732
v -0.0028101461939513683 -0.014423803426325321 0.0055000325664877892
v -0.0030892228242009878 -0.012997560203075409 0.00500481016933918
v -0.0039980043657124043 -0.01214409526437521 0.005000001285225153
v -0.002452080836519599 -0.013721242547035217 0.0054999301210045815
v -0.0032293000258505344 -0.013339400291442871 0.004999999888241291
v -0.011049830354750156 -0.024338213726878166 0.0145000871270895
v -0.010436308570206165 -0.023841368034482002 0.014499951153993607
v -0.012383156456053257 -0.023534893989562988 0.0049999994225800037
v -0.01189526729285717 -0.02386152371764183 0.0050016622990369797
v -0.011049137450754642 -0.024337615817785263 0.005500029306858778
v -0.012908207252621651 -0.023151744157075882 0.005000001285225153
v -0.010918200016021729 -0.022430799901485443 0.004999999888241291
v -0.011209724470973015 -0.021776456385850906 0.005000001285225153
v -0.010725526139140129 -0.0229200329631567 0.0050041181966662407
v -0.010435569100081921 -0.023840803653001785 0.0054999114945530891
v -0.010990999639034271 -0.023176399990916252 0.004999999888241291
v -0.014485201798379421 -0.025653291493654251 0.0149953318759799
v -0.013036173768341541 -0.025781244039535522 0.014499989338219166
v -0.013698250986635685 -0.026211405172944069 0.014500060118734837
v -0.013036916963756084 -0.025781892240047455 0.0054999329149723053
v -0.015057714655995369 -0.025167619809508324 0.0050000003539025784
v -0.014488585293292999 -0.025649011135101318 0.0050021405331790447
v -0.013699145056307316 -0.026211820542812347 0.0055000083521008492
v -0.013226864859461784 -0.024836622178554535 0.0050048185512423515
v -0.013368587009608746 -0.024329474195837975 0.004999999888241291
v -0.013590302318334579 -0.023647299036383629 0.005000001285225153
v -0.013519099913537502 -0.025062600150704384 0.004999999888241291
v -0.016529636457562447 -0.027798274531960487 0.0145000871270895
v -0.01582619734108448 -0.027439838275313377 0.014499951153993607
v -0.017771624028682709 -0.026619389653205872 0.0050000008195638657
v -0.017253348603844643 -0.027160545811057091 0.0050046402029693127
v -0.016528822481632233 -0.027797827497124672 0.0055000302381813526
v -0.01592177152633667 -0.026433693245053291 0.0049993619322776794
v -0.016153415665030479 -0.02525937557220459 0.005000001285225153
v -0.015882499516010284 -0.026770999655127525 0.0051436200737953186
v -0.015825355425477028 -0.027439439669251442 0.0054999119602143764
v -0.016230499371886253 -0.026674099266529083 0.004999999888241291
v -0.018773419782519341 -0.028797291219234467 0.014499928802251816
v -0.019509622827172279 -0.029079914093017578 0.014500066637992859
v -0.018772544339299202 -0.028796983882784843 0.0054999217391014099
v -0.020577093586325645 -0.027841381728649139 0.0049999989569187164
v -0.020165709778666496 -0.028365470468997955 0.0050021377392113209
v -0.019510604441165924 -0.029080135747790337 0.0054999901913106441
v -0.018762588500976562 -0.027787460014224052 0.0049995514564216137
v -0.018870959058403969 -0.026594452559947968 0.005000001285225153
v -0.018759500235319138 -0.028126100078225136 0.0051436200737953186
v -0.019095500931143761 -0.027993399649858475 0.004999999888241291
v -0.023184090852737427 -0.029269382357597351 0.014995310455560684
v -0.022608080878853798 -0.030043255537748337 0.014500073157250881
v -0.021846456453204155 -0.029839150607585907 0.014499951153993607
v -0.02353815920650959 -0.028703631833195686 0.0049999989569187164
v -0.023183559998869896 -0.029267795383930206 0.0050042113289237022
v -0.022609090432524681 -0.030043374747037888 0.0054999766871333122
v -0.023824146017432213 -0.028203710913658142 0.005000001285225153
v -0.021736035123467445 -0.028879934921860695 0.0050041540525853634
v -0.021713025867938995 -0.028355082497000694 0.004999999888241291
v -0.021713096648454666 -0.027638059109449387 0.005000001285225153
v -0.021845554932951927 -0.029838938266038895 0.0054999110288918018
v -0.022082699462771416 -0.029006099328398705 0.004999999888241291
v -0.025791268795728683 -0.030677599832415581 0.014500078745186329
v -0.025011505931615829 -0.030554113909602165 0.014499935321509838
v -0.026608103886246681 -0.029172837734222412 0.005000001285225153
v -0.026285653933882713 -0.029841870069503784 0.0050015985034406185
v -0.025790352374315262 -0.030677426606416702 0.0055000470019876957
v -0.024791495874524117 -0.029567524790763855 0.0049993665888905525
v -0.024648929014801979 -0.028379155322909355 0.005000001285225153
v -0.024858400225639343 -0.029900500550866127 0.0051436200737953186
v -0.025010587647557259 -0.030553996562957764 0.0054999189451336861
v -0.025159399956464767 -0.029700899496674538 0.004999999888241291
v -0.029022380709648132 -0.030975630506873131 0.014500085264444351
v -0.028233015909790993 -0.030934156849980354 0.01450000423938036
v -0.027926420792937279 -0.030018962919712067 0.014995795674622059
v -0.028234003111720085 -0.030934352427721024 0.0054999254643917084
v -0.029605215415358543 -0.029608530923724174 0.0049999994225800037
v -0.029426027089357376 -0.030094236135482788 0.0050023696385324001
v -0.029021451249718666 -0.030975552275776863 0.0055000344291329384
v -0.027925401926040649 -0.030020203441381454 0.0050046672113239765
v -0.027794847264885902 -0.029510077089071274 0.004999999888241291
v -0.027645913884043694 -0.028809037059545517 0.005000001285225153
v -0.028291899710893631 -0.030070299282670021 0.004999999888241291
v -0.032573524862527847 -0.030018957331776619 0.014995861798524857
v -0.032266948372125626 -0.03093426302075386 0.0145000871270895
v -0.031477570533752441 -0.030975524336099625 0.014500001445412636
v -0.03273511677980423 -0.029379503801465034 0.0049999994225800037
v -0.032574329525232315 -0.030020598322153091 0.0050048190169036388
v -0.032266020774841309 -0.030934285372495651 0.0055000307038426399
v -0.032854087650775909 -0.028809037059545517 0.005000001285225153
v -0.031057870015501976 -0.030057234689593315 0.0049994145520031452
v -0.0306716188788414 -0.028923472389578819 0.005000001285225153
v -0.031192900612950325 -0.030368100851774216 0.0051436200737953186
v -0.031478583812713623 -0.030975621193647385 0.0054999273270368576
v -0.031445801258087158 -0.030110200867056847 0.004999999888241291
v -0.033490840345621109 -0.028580313548445702 0.0050000105984508991
v -0.032973568886518478 -0.028652720153331757 0.0050000161863863468
v -0.030481666326522827 -0.028762189671397209 0.005000001285225153
v -0.030032191425561905 -0.028766511008143425 0.005000001285225153
v -0.029867393895983696 -0.028854783624410629 0.0050000026822090149
v -0.027473896741867065 -0.028628822416067123 0.0050000147894024849
v -0.027026472613215446 -0.028586165979504585 0.005000001285225153
v -0.026853445917367935 -0.028656557202339172 0.005000019446015358
v -0.024496616795659065 -0.028181824833154678 0.0050000147894024849
v -0.024056067690253258 -0.028092622756958008 0.005000001285225153
v -0.023926902562379837 -0.028120649978518486 0.0049999994225800037
v -0.021581677719950676 -0.02742592990398407 0.0049999989569187164
v -0.021153504028916359 -0.027291279286146164 0.005000001285225153
v -0.020971713587641716 -0.027325894683599472 0.004999989178031683
v -0.018767492845654488 -0.026372332125902176 0.0050000124610960484
v -0.018350642174482346 -0.026190930977463722 0.005000001285225153
v -0.018164312466979027 -0.02620440348982811 0.005000019446015358
v -0.016069583594799042 -0.025024674832820892 0.005000001285225153
v -0.015678122639656067 -0.024803640320897102 0.005000001285225153
v -0.015491368249058723 -0.024797577410936356 0.005000019446015358
v -0.013534458354115486 -0.023407841101288795 0.0050000101327896118
v -0.013165276497602463 -0.023144569247961044 0.005000001285225153
v -0.01303587481379509 -0.023117700591683388 0.0049999994225800037
v -0.0054572597146034241 -0.014582050964236259 0.0050000022165477276
v -0.0052285636775195599 -0.014194630086421967 0.005000001285225153
v -0.0050699058920145035 -0.014096020720899105 0.005000019446015358
v -0.0071191410534083843 -0.017096752300858498 0.0050000105984508991
v -0.0068493797443807125 -0.01673232764005661 0.005000001285225153
v -0.0066805076785385609 -0.016651127487421036 0.0049999994225800037
v -0.011177424341440201 -0.021530315279960632 0.0050000050105154514
v -0.010839593596756458 -0.021231953054666519 0.005000001285225153
v -0.010657810606062412 -0.021186521276831627 0.004999999888241291
v -0.0090305488556623459 -0.019417816773056984 0.0050000115297734737
v -0.0087265754118561745 -0.019086701795458794 0.005000001285225153
v -0.0040695075877010822 -0.011912393383681774 0.005000007338821888
v -0.0038818912580609322 -0.01150141004472971 0.005000001285225153
v -0.0037832951638847589 -0.011413449421525002 0.0049999994225800037
v -0.0029680517036467791 -0.0091121764853596687 0.0050000105984508991
v -0.0028241127729415894 -0.0086822016164660454 0.005000001285225153
v -0.0026893778704106808 -0.0085527505725622177 0.0050000129267573357
v -0.0021644092630594969 -0.0062062419019639492 0.0050000003539025784
v -0.0020668173674494028 -0.0057678529992699623 0.005000001285225153
v -0.0019463489297777414 -0.0056250239722430706 0.005000019446015358
v -0.0016695945523679256 -0.0032368693500757217 0.005000001285225153
v -0.0015968348598107696 -0.0027230374980717897 0.0050000152550637722
v -0.036455366760492325 -0.028085989877581596 0.0049999975599348545
v -0.035951722413301468 -0.028213156387209892 0.005000007338821888
v -0.039359569549560547 -0.027282498776912689 0.0050000050105154514
v -0.038932196795940399 -0.027425894513726234 0.005000001285225153
v -0.038802742958068848 -0.027560625225305557 0.0050000157207250595
v -0.042164027690887451 -0.02618001401424408 0.0050000101327896118
v -0.041751407086849213 -0.026368100196123123 0.005000001285225153
v -0.041663449257612228 -0.026466699317097664 0.0049999994225800037
v -0.044832445681095123 -0.024792535230517387 0.0050000031478703022
v -0.044444635510444641 -0.025021437555551529 0.005000001285225153
v -0.051782310009002686 -0.019070804119110107 0.0050000105984508991
v -0.051481958478689194 -0.019410405308008194 0.005000001285225153
v -0.051439680159091949 -0.019591715186834335 0.005000001285225153
v -0.053700651973485947 -0.016698542982339859 0.0049999984912574291
v -0.053596910089254379 -0.01677914522588253 0.004999999888241291
v -0.05339457094669342 -0.017084723338484764 0.005000001285225153
v -0.047346066683530807 -0.023131232708692551 0.0050000092014670372
v -0.046982329338788986 -0.02340061217546463 0.005000001285225153
v -0.046903461217880249 -0.023568730801343918 0.0050000003539025784
v -0.0496709905564785 -0.021217035129666328 0.0050000082701444626
v -0.049336709082126617 -0.021523423492908478 0.005000001285225153
v -0.049283497035503387 -0.021644400432705879 0.0049999994225800037
v -0.055274862796068192 -0.014180074445903301 0.0050000022165477276
v -0.055053640156984329 -0.014571878127753735 0.005000001285225153
v -0.05504758283495903 -0.014758647419512272 0.005000019446015358
v -0.056660030037164688 -0.011457972228527069 0.0049999984912574291
v -0.056575309485197067 -0.011558366008102894 0.004999999888241291
v -0.056440930813550949 -0.011899359524250031 0.005000001285225153
v -0.056454397737979889 -0.012085677124559879 0.005000019446015358
v -0.057675924152135849 -0.008668350987136364 0.0049999994225800037
v -0.057541284710168839 -0.0090964818373322487 0.005000001285225153
v -0.057574231177568436 -0.0092804599553346634 0.005000019446015358
v -0.058432750403881073 -0.0057501392439007759 0.0050000096671283245
v -0.058342613279819489 -0.0061939358711242676 0.005000001285225153
v -0.058394540101289749 -0.0063733854331076145 0.0050000129267573357
v -0.058879416435956955 -0.0027727403212338686 0.0050000092014670372
v -0.058836169540882111 -0.0032235283870249987 0.005000001285225153
v -0.058906570076942444 -0.0033965632319450378 0.005000019446015358
v -0.059012290090322495 0.00023396947653964162 0.005000005941838026
v -0.059016518294811249 -0.00021780126553494483 0.005000001285225153
v -0.058830320835113525 0.0032408530823886395 0.0050000105984508991
v -0.058881692588329315 0.0027903120499104261 0.005000001285225153
v -0.05898834764957428 0.0026372415013611317 0.005000001285225153
v -0.058335408568382263 0.0062069571577012539 0.0050000022165477276
v -0.058433171361684799 0.005767852533608675 0.005000001285225153
v -0.049323521554470062 0.021529447287321091 0.0050000152550637722
v -0.049660399556159973 0.021231953054666519 0.005000001285225153
v -0.049840528517961502 0.02118961326777935 0.0049999933689832687
v -0.051459319889545441 0.019466377794742584 0.0049999984912574291
v -0.051516592502593994 0.019348157569766045 0.004999999888241291
v -0.05183093249797821 0.019044756889343262 0.0050000143237411976
v -0.046966910362243652 0.023406563326716423 0.005000007338821888
v -0.047334730625152588 0.023144569247961044 0.005000001285225153
v -0.047464121133089066 0.023117698729038239 0.0049999994225800037
v -0.044427622109651566 0.025026552379131317 0.005000007338821888
v -0.044821877032518387 0.024803636595606804 0.005000001285225153
v -0.045008707791566849 0.024797640740871429 0.0050000026822090149
v -0.053381491452455521 0.017095586284995079 0.0050000087358057499
v -0.053650610148906708 0.016732329502701759 0.005000001285225153
v -0.053765326738357544 0.016666749492287636 0.0049999994225800037
v -0.055042322725057602 0.014582864940166473 0.0050000040791928768
v -0.055318988859653473 0.014141621999442577 0.0050000105984508991
v -0.056431334465742111 0.011910307221114635 0.0050000152550637722
v -0.056618101894855499 0.01150141004472971 0.005000001285225153
v -0.056716695427894592 0.011413449421525002 0.0049999994225800037
v -0.057532381266355515 0.0091100307181477547 0.0050000064074993134
v -0.05767589807510376 0.0086822016164660454 0.005000001285225153
v -0.041733510792255402 0.026371676474809647 0.0050000105984508991
v -0.04214935377240181 0.026190929114818573 0.005000001285225153
v -0.042335685342550278 0.026204405352473259 0.0050000157207250595
v -0.038914009928703308 0.027427589520812035 0.0050000078044831753
v -0.039346497505903244 0.027291277423501015 0.005000001285225153
v -0.036003384739160538 0.028181826695799828 0.0050000147894024849
v -0.036443930119276047 0.028092620894312859 0.005000001285225153
v -0.036622304469347 0.028142929077148438 0.004999999888241291
v -0.033023528754711151 0.028629226610064507 0.0050000082701444626
v -0.033473525196313858 0.028586167842149734 0.005000001285225153
v -0.033599026501178741 0.028627552092075348 0.0049999994225800037
v -0.029975462704896927 0.028787147253751755 0.0049999984912574291
v -0.030101623386144638 0.028750590980052948 0.004999999888241291
v -0.030467808246612549 0.028766511008143425 0.005000001285225153
v -0.030632577836513519 0.028854690492153168 0.0050000157207250595
v -0.02701311931014061 0.028580417856574059 0.0050000152550637722
v -0.027459677308797836 0.028631692752242088 0.005000001285225153
v -0.027614323422312737 0.028736572712659836 0.005000019446015358
v -0.024044640362262726 0.028085991740226746 0.0049999975599348545
v -0.024482147768139839 0.028183175250887871 0.005000001285225153
v -0.024622885510325432 0.028304979205131531 0.0050000008195638657
v -0.021141668781638145 0.027282882481813431 0.0050000147894024849
v -0.021567799150943756 0.027425892651081085 0.005000001285225153
v -0.02169453538954258 0.027560723945498466 0.0049999933689832687
v -0.0038802046328783035 0.011486980132758617 0.0050000017508864403
v -0.0040737302042543888 0.011970301158726215 0.005000007338821888
v -0.0051823295652866364 0.014155801385641098 0.0049999984912574291
v -0.0052770734764635563 0.014246810227632523 0.004999999888241291
v -0.0054463669657707214 0.01457187719643116 0.005000001285225153
v -0.0054524140432476997 0.01475864090025425 0.005000019446015358
v -0.0087193194776773453 0.019072229042649269 0.005000005941838026
v -0.0090180495753884315 0.019410403445363045 0.005000001285225153
v -0.0090627912431955338 0.019591830670833588 0.0050000129267573357
v -0.0068427012301981449 0.016716117039322853 0.0050000092014670372
v -0.0071054212749004364 0.017084725201129913 0.005000001285225153
v -0.0071309544146060944 0.017269829288125038 0.005000019446015358
v -0.013153227046132088 0.023130854591727257 0.0050000105984508991
v -0.013517672196030617 0.023400614038109779 0.005000001285225153
v -0.013583249412477016 0.023515323176980019 0.0049999994225800037
v -0.010829947888851166 0.021217674016952515 0.0050000064074993134
v -0.011163296177983284 0.021523423492908478 0.005000001285225153
v -0.01122675184160471 0.021699186414480209 0.005000019446015358
v -0.015665233135223389 0.024791460484266281 0.005000007338821888
v -0.016055367887020111 0.025021441280841827 0.005000001285225153
v -0.016153866425156593 0.025180570781230927 0.005000001285225153
v -0.018339695408940315 0.026181330904364586 0.0050000152550637722
v -0.018748592585325241 0.026368103921413422 0.005000001285225153
v -0.018863236531615257 0.026515644043684006 0.005000019446015358
v -0.0028238377999514341 0.0086672995239496231 0.0050000022165477276
v -0.0029587221797555685 0.0090964818373322487 0.005000001285225153
v -0.0029443223029375076 0.0092278402298688889 0.0049999994225800037
v -0.002067245077341795 0.0057501350529491901 0.0050000092014670372
v -0.0021573866251856089 0.0061939358711242676 0.005000001285225153
v -0.00210542231798172 0.0063734175637364388 0.0050000129267573357
v -0.0016211639158427715 0.0027760667726397514 0.0050000147894024849
v -0.0016638367669656873 0.0032235283870249987 0.005000001285225153
v -0.0015934096882119775 0.0033965879119932652 0.005000019446015358
v -0.0014876603381708264 -0.00023448673891834915 0.0050000064074993134
v -0.0014834852190688252 0.00021780126553494483 0.005000001285225153
v -0.0013936912873759866 0.00038275372935459018 0.0049999975599348545
v -0.030825585126876831 -0.004972606897354126 0.0050000003539025784
v -0.02962416410446167 -0.0049637416377663612 0.0050000003539025784
v -0.03016018308699131 -0.0050002792850136757 0.004999999888241291
v -0.034883122891187668 -0.0018880354473367333 0.004999999888241291
v -0.03145749494433403 -0.0048531289212405682 0.004999999888241291
v -0.026365481317043304 -0.003157343715429306 0.0050000003539025784
v -0.028262456879019737 -0.0045943292789161205 0.0050000003539025784
v -0.033487744629383087 -0.0038141158875077963 0.0050000003539025784
v -0.035213954746723175 -0.00062417500885203481 0.0050000003539025784
v -0.025930816307663918 -0.0025249184109270573 0.004999999888241291
v -0.027226710692048073 -0.0039862408302724361 0.0050000003539025784
v -0.034545712172985077 -0.0025700817350298166 0.004999999888241291
v -0.032237552106380463 0.0045943260192871094 0.0050000003539025784
v -0.025328049436211586 -0.00089702190598472953 0.0050000003539025784
v -0.027672259137034416 -0.0042855767533183098 0.004999999888241291
v -0.032873604446649551 -0.0042632073163986206 0.0050000003539025784
v -0.027012303471565247 0.003814157098531723 0.0050000003539025784
v -0.025246186181902885 -0.00014096981612965465 0.004999999888241291
v -0.025637725368142128 -0.0019383601611480117 0.0050000003539025784
v -0.026806961745023727 -0.0036271833814680576 0.0050000003539025784
v -0.025954302400350571 0.0025701017584651709 0.004999999888241291
v -0.02541019581258297 0.0012675602920353413 0.0049999994225800037
v -0.025286054238677025 0.00062419439200311899 0.0050000003539025784
v -0.025454411283135414 -0.0014188310597091913 0.004999999888241291
v -0.028981732204556465 -0.0048396256752312183 0.004999999888241291
v -0.035253819078207016 0.00014096958329901099 0.004999999888241291
v -0.030875835567712784 0.0049637416377663612 0.0050000003539025784
v -0.029674416407942772 0.004972606897354126 0.0050000003539025784
v -0.032093461602926254 -0.0046540149487555027 0.0050000003539025784
v -0.035089805722236633 -0.0012675581965595484 0.0049999994225800037
v -0.028406556695699692 0.0046540223993360996 0.004999999888241291
v -0.035045575350522995 0.0014188764616847038 0.0050000003539025784
v -0.034134510904550552 0.0031573574524372816 0.0050000003539025784
v -0.035171955823898315 0.00089701643446460366 0.0050000003539025784
v -0.032915003597736359 0.0042341877706348896 0.004999999888241291
v -0.029042512178421021 0.0048531303182244301 0.004999999888241291
v -0.027626432478427887 0.0042632301338016987 0.004999999888241291
v -0.026465879753232002 0.0032769695390015841 0.004999999888241291
v -0.025616880506277084 0.0018880367279052734 0.004999999888241291
v -0.034034129232168198 -0.0032769613899290562 0.0050000003539025784
v -0.034862272441387177 0.0019383812323212624 0.0050000003539025784
v -0.034569185227155685 0.0025249214377254248 0.004999999888241291
v -0.031518273055553436 0.0048396242782473564 0.004999999888241291
v -0.030339822173118591 0.0050002792850136757 0.0050000003539025784
v -0.03352755680680275 0.0037836236879229546 0.0050000003539025784
v -0.030339822173118591 -0.0050002792850136757 0.029999999329447746
v -0.030875835567712784 -0.0049637416377663612 0.029999999329447746
v -0.031518273055553436 -0.0048396242782473564 0.029999999329447746
v -0.032237552106380463 -0.0045943260192871094 0.029999999329447746
v -0.032915003597736359 -0.0042341877706348896 0.029999999329447746
v -0.03352755680680275 -0.0037836236879229546 0.029999999329447746
v -0.034134510904550552 -0.0031573574524372816 0.029999999329447746
v -0.034569185227155685 -0.0025249214377254248 0.029999999329447746
v -0.034862272441387177 -0.0019383812323212624 0.029999999329447746
v -0.035045575350522995 -0.0014188764616847038 0.029999999329447746
v -0.035171955823898315 -0.00089701643446460366 0.029999999329447746
v -0.035253819078207016 -0.00014096958329901099 0.029999999329447746
v -0.035213954746723175 0.00062417500885203481 0.029999999329447746
v -0.035089805722236633 0.0012675581965595484 0.029999999329447746
v -0.034883122891187668 0.0018880354473367333 0.029999999329447746
v -0.034545712172985077 0.0025700817350298166 0.029999999329447746
v -0.034034129232168198 0.0032769613899290562 0.029999999329447746
v -0.033487744629383087 0.0038141158875077963 0.029999999329447746
v -0.032873604446649551 0.0042632073163986206 0.029999999329447746
v -0.032093461602926254 0.0046540149487555027 0.029999999329447746
v -0.03145749494433403 0.0048531289212405682 0.029999999329447746
v -0.030825585126876831 0.004972606897354126 0.029999999329447746
v -0.03016018308699131 0.0050002792850136757 0.029999999329447746
v -0.02962416410446167 0.0049637416377663612 0.029999999329447746
v -0.028981732204556465 0.0048396256752312183 0.029999999329447746
v -0.028262456879019737 0.0045943292789161205 0.029999999329447746
v -0.027672259137034416 0.0042855767533183098 0.029999999329447746
v -0.027226710692048073 0.0039862408302724361 0.029999999329447746
v -0.026806961745023727 0.0036271833814680576 0.029999999329447746
v -0.026365481317043304 0.003157343715429306 0.029999999329447746
v -0.025930816307663918 0.0025249184109270573 0.029999999329447746
v -0.025637725368142128 0.0019383601611480117 0.029999999329447746
v -0.025454411283135414 0.0014188310597091913 0.029999999329447746
v -0.025328049436211586 0.00089702190598472953 0.029999999329447746
v -0.025246186181902885 0.00014096981612965465 0.029999999329447746
v -0.025286054238677025 -0.00062419439200311899 0.029999999329447746
v -0.02541019581258297 -0.0012675602920353413 0.029999999329447746
v -0.025616880506277084 -0.0018880367279052734 0.029999999329447746
v -0.025954302400350571 -0.0025701017584651709 0.029999999329447746
v -0.026465879753232002 -0.0032769695390015841 0.029999999329447746
v -0.027012303471565247 -0.003814157098531723 0.029999999329447746
v -0.027626432478427887 -0.0042632301338016987 0.029999999329447746
v -0.028406556695699692 -0.0046540223993360996 0.029999999329447746
v -0.029042512178421021 -0.0048531303182244301 0.029999999329447746
v -0.029674416407942772 -0.004972606897354126 0.029999999329447746
v -0.023386174812912941 -0.01745283417403698 0.029999999329447746
v -0.02861580066382885 -0.018678700551390648 0.029999999329447746
v -0.027327073737978935 -0.018524862825870514 0.029999999329447746
v -0.021890558302402496 -0.016788000240921974 0.029999999329447746
v -0.020458895713090897 -0.015995321795344353 0.029999999329447746
v -0.035567630082368851 0.017984380945563316 0.029999999329447746
v -0.029767509549856186 -0.018747886642813683 0.029999999329447746
v -0.026191800832748413 -0.018305599689483643 0.029999999329447746
v -0.024932364001870155 -0.017984379082918167 0.029999999329447746
v -0.017829982563853264 -0.014051993377506733 0.029999999329447746
v -0.029095469042658806 0.01871856115758419 0.029999999329447746
v -0.030732491984963417 0.018747886642813683 0.029999999329447746
v -0.031884200870990753 0.018678700551390648 0.029999999329447746
v -0.03317294642329216 0.018524859100580215 0.029999999329447746
v -0.034308198839426041 0.018305599689483643 0.029999999329447746
v -0.037113811820745468 0.017452839761972427 0.029999999329447746
v -0.038609441369771957 0.016788002103567123 0.029999999329447746
v -0.047038007527589798 -0.0083594201132655144 0.029999999329447746
v -0.046245355159044266 -0.0097910501062870026 0.029999999329447746
v -0.016991699114441872 -0.013258299790322781 0.029999999329447746
v -0.015083563514053822 -0.011031574569642544 0.029999999329447746
v -0.025071084499359131 0.018024817109107971 0.029999999329447746
v -0.026191800832748413 0.018305599689483643 0.029999999329447746
v -0.040041133761405945 0.01599530503153801 0.029999999329447746
v -0.019101891666650772 -0.015080986544489861 0.029999999329447746
v -0.016102725639939308 -0.012311369180679321 0.029999999329447746
v -0.011531439609825611 -0.0011545009911060333 0.029999999329447746
v -0.011502115055918694 0.00048247835366055369 0.029999999329447746
v -0.017938602715730667 0.014147249050438404 0.029999999329447746
v -0.019218407571315765 0.015166424214839935 0.029999999329447746
v -0.023520832881331444 0.017505194991827011 0.029999999329447746
v -0.02746986411511898 0.018546836450695992 0.029999999329447746
v -0.048234205693006516 -0.0053182239644229412 0.029999999329447746
v -0.047702725976705551 -0.0068640923127532005 0.029999999329447746
v -0.03847983106970787 -0.016851913183927536 0.029999999329447746
v -0.036979150027036667 -0.017505200579762459 0.029999999329447746
v -0.013398081064224243 -0.0082298032939434052 0.029999999329447746
v -0.01274492871016264 -0.0067294789478182793 0.029999999329447746
v -0.012225366197526455 -0.005179546307772398 0.029999999329447746
v -0.011571300216019154 0.0016341699520125985 0.029999999329447746
v -0.011944400146603584 0.0040582399815320969 0.029999999329447746
v -0.012265806086361408 0.0053182607516646385 0.029999999329447746
v -0.016991699114441872 0.013258299790322781 0.029999999329447746
v -0.048997882753610611 -0.00048251033877022564 0.029999999329447746
v -0.048928700387477875 -0.0016341699520125985 0.029999999329447746
v -0.048774853348731995 -0.0029229477513581514 0.029999999329447746
v -0.048555601388216019 -0.0040582399815320969 0.029999999329447746
v -0.033030148595571518 -0.018546834588050842 0.029999999329447746
v -0.031404539942741394 -0.01871856115758419 0.029999999329447746
v -0.01417970098555088 -0.0096675511449575424 0.029999999329447746
v -0.011944400146603584 -0.0040582399815320969 0.029999999329447746
v -0.011703170835971832 -0.0027801538817584515 0.029999999329447746
v -0.011725148186087608 0.0029229628853499889 0.029999999329447746
v -0.015168999321758747 0.011148089542984962 0.029999999329447746
v -0.016197983175516129 0.012419989332556725 0.029999999329447746
v -0.035428915172815323 -0.01802481897175312 0.029999999329447746
v -0.034308198839426041 -0.018305599689483643 0.029999999329447746
v -0.013461985625326633 0.0083593996241688728 0.029999999329447746
v -0.01425466313958168 0.0097910808399319649 0.029999999329447746
v -0.020582430064678192 0.016070287674665451 0.029999999329447746
v -0.022020159289240837 0.016851907595992088 0.029999999329447746
v -0.045416485518217087 0.011031508445739746 0.029999999329447746
v -0.04256138950586319 -0.014147257432341576 0.029999999329447746
v -0.041281603276729584 -0.015166418626904488 0.029999999329447746
v -0.039917595684528351 -0.016070272773504257 0.029999999329447746
v -0.012797298841178417 0.0068641542457044125 0.029999999329447746
v -0.041398108005523682 0.015080986544489861 0.029999999329447746
v -0.044397298246622086 0.012311344034969807 0.029999999329447746
v -0.046320315450429916 0.0096675166860222816 0.029999999329447746
v -0.047755084931850433 0.0067294435575604439 0.029999999329447746
v -0.048274651169776917 0.005179485771805048 0.029999999329447746
v -0.048796836286783218 0.0027800991665571928 0.029999999329447746
v -0.048968560993671417 0.0011545384768396616 0.029999999329447746
v -0.044302050024271011 -0.012419956736266613 0.029999999329447746
v -0.043508298695087433 -0.013258299790322781 0.029999999329447746
v -0.042670004069805145 0.014052008278667927 0.029999999329447746
v -0.043508298695087433 0.013258299790322781 0.029999999329447746
v -0.047101926058530807 0.0082297967746853828 0.029999999329447746
v -0.045331057161092758 -0.011148017831146717 0.029999999329447746
v -0.048555601388216019 0.0040582399815320969 0.029999999329447746
f 1 2 3
f 2 1 4
f 5 4 1
f 7 8 6
f 6 9 10
f 9 6 8
f 4 9 8
f 8 2 4
f 11 13 8
f 13 2 8
f 2 13 14
f 7 11 8
f 12 2 14
f 3 2 12
f 16 17 4
f 17 9 4
f 9 17 1418
f 5 16 4
f 15 9 1418
f 10 9 15
f 20 19 18
f 436 434 435
f 20 81 146
f 707 296 122
f 18 81 20
f 42 62 25
f 28 24 25
f 272 500 216
f 24 41 25
f 24 19 41
f 311 313 490
f 572 597 365
f 44 23 22
f 49 64 48
f 49 48 50
f 54 69 53
f 56 55 127
f 58 72 57
f 1254 1218 101
f 61 87 22
f 66 285 89
f 149 112 85
f 74 103 73
f 1293 1247 1069
f 76 79 107
f 179 27 110
f 83 111 60
f 62 87 28
f 171 268 59
f 1188 1191 1184
f 85 181 149
f 181 44 86
f 1588 1580 1476
f 1370 1376 1375
f 89 115 66
f 122 68 36
f 91 35 51
f 91 36 35
f 96 124 95
f 95 70 96
f 58 170 171
f 513 581 569
f 74 142 103
f 398 466 467
f 145 106 105
f 79 108 38
f 518 442 414
f 628 634 630
f 60 147 148
f 195 201 200
f 528 423 1032
f 1199 1261 79
f 152 65 63
f 114 153 46
f 1248 1249 1243
f 109 108 78
f 117 119 118
f 33 232 119
f 1437 1281 1428
f 619 616 615
f 141 140 497
f 162 163 164
f 127 125 56
f 135 264 134
f 141 172 140
f 141 173 172
f 73 29 174
f 435 514 437
f 1385 714 1384
f 80 109 78
f 589 1043 450
f 77 108 109
f 21 20 82
f 178 179 110
f 316 953 952
f 1454 1488 1487
f 348 506 399
f 1040 1034 1037
f 119 117 33
f 90 331 121
f 634 631 630
f 157 239 298
f 942 945 414
f 53 158 54
f 299 96 71
f 633 628 630
f 1013 1011 1007
f 165 128 55
f 128 204 166
f 169 211 168
f 63 65 49
f 101 74 174
f 1329 940 411
f 175 277 220
f 142 105 224
f 223 39 76
f 38 104 107
f 280 1141 282
f 180 181 85
f 150 23 151
f 332 234 289
f 182 229 183
f 1216 1220 1223
f 230 185 152
f 114 46 113
f 188 69 94
f 67 231 64
f 373 444 99
f 236 238 296
f 296 238 155
f 187 156 239
f 692 694 696
f 188 241 93
f 300 249 1404
f 194 251 250
f 97 198 252
f 91 51 294
f 32 40 27
f 126 254 203
f 128 166 127
f 437 514 439
f 130 205 260
f 205 261 129
f 691 687 242
f 97 196 198
f 135 134 136
f 725 722 721
f 212 171 170
f 216 213 215
f 216 214 213
f 217 274 273
f 275 75 101
f 76 39 79
f 220 1202 175
f 779 785 782
f 175 276 277
f 221 177 222
f 224 107 104
f 285 284 1098
f 278 226 279
f 227 31 228
f 82 228 21
f 1412 621 394
f 84 83 148
f 528 422 529
f 151 113 150
f 183 283 182
f 130 304 205
f 113 46 150
f 63 49 153
f 66 284 285
f 116 34 232
f 1289 1095 1091
f 233 332 289
f 579 580 581
f 51 293 294
f 1162 1167 1166
f 158 297 240
f 54 158 240
f 446 494 419
f 1272 1155 45
f 243 299 244
f 245 123 70
f 96 70 123
f 193 397 300
f 181 86 149
f 150 22 23
f 126 203 255
f 255 301 126
f 302 56 126
f 1122 1129 1125
f 129 258 260
f 306 356 131
f 683 680 686
f 508 307 306
f 208 313 312
f 885 879 878
f 266 318 265
f 1409 1383 628
f 321 322 215
f 667 565 505
f 218 273 102
f 218 30 219
f 222 323 221
f 176 177 221
f 228 1171 227
f 84 42 83
f 761 759 758
f 182 324 229
f 325 391 230
f 954 586 558
f 515 361 569
f 33 328 232
f 984 982 981
f 393 118 286
f 14 121 17
f 234 90 289
f 135 136 369
f 333 52 292
f 295 294 293
f 68 297 36
f 296 334 236
f 556 414 442
f 297 35 36
f 357 509 543
f 463 337 335
f 93 69 188
f 1214 275 101
f 457 535 426
f 242 161 241
f 70 160 245
f 244 339 243
f 657 299 243
f 1302 1017 1307
f 249 300 247
f 996 1000 269
f 199 346 347
f 200 198 199
f 511 402 1337
f 218 102 37
f 256 125 97
f 298 159 157
f 56 125 256
f 351 775 352
f 355 304 130
f 303 260 258
f 477 402 133
f 1266 1180 1175
f 1373 755 758
f 841 835 834
f 1468 1573 1543
f 267 211 212
f 211 419 212
f 420 527 379
f 380 381 173
f 361 513 569
f 153 50 46
f 384 500 272
f 1342 1349 883
f 340 124 189
f 386 387 275
f 75 275 144
f 1276 1269 1268
f 104 142 224
f 635 641 639
f 279 388 278
f 81 77 109
f 504 190 191
f 227 389 31
f 797 794 793
f 281 390 280
f 124 246 189
f 590 636 467
f 573 599 441
f 326 392 327
f 329 232 328
f 1349 1342 1341
f 292 91 294
f 706 701 700
f 159 54 157
f 338 395 162
f 160 93 241
f 245 160 241
f 248 247 342
f 193 398 397
f 850 843 844
f 730 349 251
f 195 200 347
f 348 347 346
f 252 256 97
f 1072 1073 1074
f 401 257 165
f 945 951 948
f 105 106 224
f 802 808 805
f 353 304 354
f 197 202 98
f 405 406 407
f 207 135 369
f 408 366 409
f 271 322 448
f 208 312 412
f 373 415 444
f 900 907 903
f 265 374 266
f 417 266 416
f 212 170 267
f 319 1022 419
f 377 139 378
f 471 197 742
f 280 282 281
f 498 72 421
f 249 247 248
f 215 272 216
f 219 29 385
f 106 145 277
f 165 350 128
f 337 92 335
f 231 67 285
f 327 425 326
f 330 392 326
f 328 48 329
f 571 435 437
f 1362 1366 1365
f 1 12 16
f 331 90 393
f 1075 1069 1072
f 156 427 298
f 428 463 335
f 342 124 340
f 341 249 248
f 753 203 254
f 273 274 102
f 255 752 301
f 687 395 338
f 351 352 430
f 352 303 259
f 354 431 353
f 883 885 878
f 79 38 107
f 356 309 308
f 308 305 356
f 6 10 15
f 357 476 309
f 432 477 133
f 928 923 929
f 295 459 290
f 136 408 369
f 161 245 241
f 231 329 64
f 517 264 410
f 411 209 312
f 477 578 359
f 520 445 415
f 704 703 700
f 373 99 493
f 267 168 211
f 378 447 377
f 138 139 377
f 383 1055 451
f 424 453 452
f 321 270 322
f 274 1226 102
f 1095 1097 1091
f 101 75 74
f 810 549 584
f 288 154 502
f 16 5 1
f 583 548 547
f 457 235 233
f 139 268 378
f 332 458 234
f 865 578 432
f 458 459 293
f 291 613 460
f 597 364 365
f 312 209 412
f 519 492 556
f 1310 1005 320
f 429 465 464
f 610 605 611
f 466 398 193
f 397 506 192
f 417 416 375
f 1116 1111 1114
f 400 719 469
f 464 465 396
f 472 473 401
f 236 237 238
f 507 400 469
f 430 777 351
f 258 166 204
f 258 204 303
f 474 307 508
f 433 310 132
f 132 308 433
f 433 308 309
f 1345 1337 867
f 358 511 478
f 481 482 483
f 360 478 484
f 440 263 206
f 403 206 262
f 88 43 282
f 443 518 414
f 409 369 408
f 747 744 743
f 173 381 449
f 412 491 208
f 392 116 327
f 99 413 493
f 257 350 165
f 376 417 375
f 266 374 416
f 1019 319 494
f 997 527 420
f 379 495 420
f 449 270 172
f 172 173 449
f 423 529 141
f 384 452 500
f 30 29 219
f 532 564 499
f 353 787 304
f 385 214 501
f 279 80 78
f 1421 1420 1252
f 1000 1003 1310
f 332 459 458
f 202 197 471
f 461 186 462
f 293 459 295
f 191 246 505
f 666 664 663
f 1157 1152 1158
f 318 266 1306
f 584 405 407
f 471 470 253
f 1190 1189 1188
f 348 344 506
f 200 199 347
f 515 434 360
f 356 305 261
f 475 510 509
f 543 476 357
f 358 310 402
f 206 263 485
f 1350 1451 1460
f 484 361 360
f 436 571 362
f 403 262 362
f 485 366 262
f 262 206 485
f 239 156 298
f 1397 1401 675
f 486 370 487
f 412 518 491
f 1212 1210 1211
f 491 518 413
f 964 559 521
f 525 526 317
f 526 169 317
f 168 318 169
f 1398 1391 1390
f 198 196 199
f 446 419 211
f 489 488 371
f 1041 1038 1037
f 496 422 528
f 986 447 378
f 423 528 529
f 497 140 498
f 527 320 379
f 530 450 380
f 449 448 270
f 1049 1046 1053
f 186 333 462
f 454 455 214
f 1291 1416 1085
f 109 146 81
f 268 139 59
f 739 737 736
f 502 533 456
f 534 535 457
f 32 1161 1167
f 494 319 419
f 303 204 259
f 1369 1364 766
f 503 536 291
f 462 537 461
f 624 186 461
f 286 118 120
f 456 288 502
f 465 538 396
f 539 590 466
f 345 348 399
f 507 540 400
f 995 992 991
f 471 541 470
f 893 895 889
f 508 542 474
f 341 464 396
f 218 37 30
f 511 479 480
f 531 383 451
f 1305 1316 1315
f 342 95 124
f 515 435 434
f 421 72 269
f 548 403 363
f 367 368 516
f 485 516 366
f 584 549 405
f 487 550 486
f 897 370 486
f 513 579 581
f 116 392 34
f 489 551 488
f 372 311 490
f 397 192 300
f 1041 1037 1033
f 519 555 492
f 492 943 556
f 315 100 493
f 444 415 522
f 593 438 439
f 523 418 524
f 375 524 376
f 560 526 525
f 1132 1136 1135
f 19 40 32
f 531 561 383
f 562 531 451
f 578 592 591
f 1 3 12
f 104 103 142
f 714 713 1384
f 74 73 174
f 535 602 426
f 505 565 504
f 269 320 527
f 69 92 94
f 498 57 72
f 510 853 543
f 544 567 481
f 484 478 511
f 1463 1451 1341
f 545 544 483
f 410 264 167
f 436 435 571
f 546 583 547
f 179 26 27
f 572 365 440
f 552 554 553
f 490 313 517
f 867 870 873
f 573 441 411
f 261 305 129
f 545 480 479
f 372 314 311
f 557 316 558
f 413 518 443
f 663 664 665
f 520 574 521
f 522 374 444
f 522 416 374
f 524 575 523
f 675 670 673
f 423 141 497
f 422 576 529
f 577 589 530
f 382 271 448
f 1056 531 382
f 341 343 249
f 341 396 343
f 499 1235 532
f 286 331 393
f 683 684 685
f 345 468 566
f 508 306 131
f 578 477 432
f 402 511 358
f 512 545 479
f 568 580 579
f 515 360 361
f 547 582 546
f 503 460 394
f 403 362 363
f 410 490 517
f 553 585 552
f 1003 1000 999
f 558 586 557
f 953 316 557
f 480 484 511
f 523 975 418
f 587 588 560
f 453 1066 500
f 58 171 59
f 553 554 314
f 368 409 516
f 333 186 52
f 642 639 638
f 329 48 64
f 56 256 126
f 387 143 144
f 177 223 222
f 468 345 399
f 1343 1348 1347
f 862 860 859
f 83 60 148
f 570 581 580
f 228 31 21
f 531 562 382
f 285 67 89
f 546 595 583
f 596 597 572
f 1159 1154 1153
f 352 259 430
f 338 164 242
f 552 920 554
f 598 599 573
f 474 799 307
f 1210 1205 1211
f 834 837 839
f 519 556 442
f 214 455 501
f 191 190 668
f 1323 960 315
f 340 248 342
f 183 229 47
f 588 526 560
f 338 162 164
f 315 210 100
f 296 155 122
f 470 741 253
f 594 600 593
f 409 366 516
f 501 219 385
f 233 235 332
f 1220 1216 1254
f 421 497 498
f 322 270 448
f 96 123 71
f 205 129 260
f 58 57 170
f 991 994 988
f 535 601 602
f 601 535 603
f 534 603 535
f 607 601 609
f 1152 1151 1155
f 426 602 601
f 606 604 605
f 740 746 744
f 235 601 605
f 210 952 956
f 235 426 601
f 457 233 603
f 1039 423 1040
f 233 609 603
f 534 457 603
f 610 609 1415
f 608 609 610
f 611 604 606
f 606 607 611
f 611 609 608
f 609 611 607
f 291 612 613
f 612 291 614
f 536 614 291
f 618 612 621
f 1109 1108 1113
f 618 615 616
f 290 460 612
f 1140 1146 1145
f 617 615 618
f 88 1140 1145
f 1142 390 281
f 619 620 621
f 1412 619 621
f 950 944 442
f 107 224 1258
f 1326 950 442
f 614 503 394
f 617 618 622
f 622 621 620
f 621 622 618
f 461 623 624
f 623 461 625
f 537 625 461
f 625 632 626
f 626 623 625
f 905 207 906
f 623 628 52
f 629 628 626
f 186 623 52
f 628 623 626
f 186 624 623
f 632 333 633
f 333 632 625
f 462 333 625
f 537 462 625
f 630 632 633
f 820 596 572
f 634 627 629
f 629 626 634
f 634 632 631
f 632 634 626
f 590 635 636
f 635 590 637
f 539 637 590
f 641 635 644
f 697 698 702
f 641 638 639
f 398 467 635
f 250 349 201
f 640 638 641
f 487 370 137
f 27 26 1161
f 466 193 637
f 807 131 1361
f 193 644 637
f 539 466 637
f 642 644 1406
f 643 644 642
f 640 641 645
f 645 644 643
f 644 645 641
f 429 647 465
f 465 646 538
f 646 465 647
f 647 651 648
f 648 646 647
f 464 341 647
f 861 357 1348
f 341 651 647
f 429 464 647
f 649 651 1403
f 650 651 649
f 538 646 396
f 1275 1149 43
f 1033 1034 1036
f 654 652 648
f 396 646 343
f 653 646 648
f 655 651 650
f 651 655 648
f 654 648 655
f 243 656 657
f 656 243 658
f 339 658 243
f 662 656 665
f 708 707 712
f 299 657 656
f 661 659 660
f 662 660 656
f 792 790 786
f 1122 181 1119
f 665 71 1400
f 71 665 658
f 244 71 658
f 339 244 658
f 663 665 1400
f 948 949 950
f 666 659 661
f 661 662 666
f 666 665 664
f 665 666 662
f 565 667 504
f 504 668 190
f 668 504 667
f 669 668 672
f 852 854 861
f 670 671 672
f 673 670 672
f 516 485 1357
f 1160 178 110
f 365 364 821
f 667 505 246
f 972 520 1320
f 675 668 669
f 674 675 669
f 191 668 189
f 700 701 702
f 676 672 671
f 672 676 669
f 674 669 676
f 463 677 336
f 677 463 678
f 428 678 463
f 682 677 685
f 1161 1160 1164
f 337 336 677
f 681 679 680
f 821 822 828
f 884 882 883
f 263 821 828
f 94 337 677
f 678 335 92
f 1394 683 685
f 612 618 616
f 428 335 678
f 1082 154 1083
f 933 598 573
f 686 679 681
f 681 682 686
f 686 685 684
f 685 686 682
f 395 687 162
f 162 688 163
f 688 162 687
f 695 688 691
f 1140 1142 1149
f 689 690 691
f 1391 689 691
f 940 933 411
f 507 469 468
f 1394 685 92
f 687 338 242
f 695 692 693
f 161 164 688
f 261 205 1359
f 694 692 695
f 768 767 766
f 31 389 1172
f 696 691 690
f 691 696 695
f 694 695 696
f 187 698 156
f 156 697 427
f 697 156 698
f 699 697 702
f 1021 1020 1026
f 702 157 1388
f 157 702 698
f 239 157 698
f 187 239 698
f 700 702 1388
f 1024 1029 1028
f 699 703 704
f 159 298 697
f 1385 1386 297
f 705 703 699
f 1108 152 1114
f 1020 1019 494
f 706 702 701
f 702 706 699
f 705 699 706
f 334 707 236
f 236 708 237
f 708 236 707
f 709 708 712
f 942 944 950
f 558 316 210
f 713 710 712
f 707 713 712
f 710 711 712
f 735 734 733
f 707 334 296
f 715 716 714
f 238 237 708
f 708 714 155
f 715 714 709
f 238 708 155
f 714 708 709
f 717 712 711
f 712 717 709
f 717 716 715
f 715 709 717
f 400 718 719
f 718 400 720
f 540 720 400
f 720 727 724
f 724 718 720
f 719 718 469
f 985 988 59
f 811 812 814
f 723 721 724
f 469 718 566
f 722 718 724
f 507 468 720
f 1067 384 1075
f 468 727 720
f 540 507 720
f 725 727 1382
f 726 727 725
f 723 724 728
f 728 727 726
f 727 728 724
f 251 729 730
f 729 251 731
f 194 731 251
f 735 729 738
f 1192 1193 1197
f 349 730 729
f 201 349 729
f 734 732 733
f 735 201 729
f 735 733 201
f 1093 116 1289
f 738 195 1379
f 195 738 731
f 250 195 731
f 194 250 731
f 736 738 1379
f 467 636 635
f 739 732 734
f 734 735 739
f 739 738 737
f 738 739 735
f 470 740 741
f 740 470 742
f 541 742 470
f 746 740 749
f 832 831 836
f 746 743 744
f 1215 1214 1218
f 745 743 746
f 159 697 704
f 202 253 740
f 148 147 1131
f 748 749 747
f 880 513 881
f 764 401 165
f 541 471 742
f 747 749 1376
f 197 749 742
f 745 746 750
f 750 749 748
f 749 750 746
f 255 751 752
f 751 255 753
f 203 753 255
f 757 751 760
f 656 658 665
f 752 751 301
f 1054 1058 562
f 1057 1058 1060
f 756 754 757
f 301 751 302
f 755 751 757
f 758 759 760
f 1373 758 760
f 753 1373 760
f 49 50 153
f 185 65 152
f 1314 1320 1319
f 756 757 761
f 761 760 759
f 760 761 757
f 473 762 763
f 762 473 764
f 472 764 473
f 768 762 771
f 952 954 960
f 257 763 762
f 767 765 766
f 1327 1331 1444
f 350 762 766
f 707 122 713
f 350 257 762
f 987 988 990
f 772 769 771
f 1397 673 246
f 769 770 771
f 297 158 35
f 764 472 401
f 773 765 767
f 767 768 773
f 773 771 770
f 771 773 768
f 351 774 775
f 774 351 776
f 777 776 351
f 776 784 781
f 781 774 776
f 780 778 779
f 352 775 774
f 781 780 779
f 651 341 1403
f 1419 1293 1292
f 430 259 776
f 1207 145 1208
f 259 784 776
f 777 430 776
f 782 784 1366
f 783 784 782
f 785 778 780
f 780 781 785
f 785 784 783
f 784 785 781
f 353 786 787
f 786 353 788
f 431 788 353
f 788 795 792
f 792 786 788
f 791 789 790
f 1069 500 1065
f 304 787 786
f 792 791 790
f 1071 1069 1065
f 354 355 788
f 727 468 1382
f 355 795 788
f 431 354 788
f 793 795 796
f 794 795 793
f 797 789 791
f 791 792 797
f 797 795 794
f 795 797 792
f 474 798 799
f 798 474 800
f 542 800 474
f 800 807 801
f 801 798 800
f 803 804 802
f 307 799 798
f 798 802 306
f 803 802 801
f 307 798 306
f 802 798 801
f 508 131 800
f 169 318 317
f 131 807 800
f 542 508 800
f 805 807 1361
f 806 807 805
f 808 804 803
f 803 801 808
f 808 807 806
f 807 808 801
f 405 809 406
f 809 405 810
f 549 810 405
f 814 809 817
f 1376 197 198
f 406 809 407
f 772 771 165
f 922 923 925
f 813 811 814
f 407 809 368
f 812 809 814
f 815 816 817
f 818 815 817
f 1062 1056 382
f 1056 561 531
f 290 612 616
f 450 381 380
f 813 814 819
f 819 817 816
f 817 819 814
f 596 820 597
f 597 821 364
f 821 597 820
f 822 821 825
f 688 687 691
f 823 824 825
f 826 823 825
f 820 826 825
f 548 404 403
f 1236 454 1241
f 820 572 440
f 822 829 828
f 153 114 1281
f 682 681 680
f 1177 82 1266
f 263 365 821
f 829 827 828
f 830 825 824
f 825 830 822
f 830 827 829
f 829 822 830
f 582 831 546
f 546 832 595
f 832 546 831
f 833 832 836
f 985 986 993
f 834 835 836
f 837 834 836
f 831 837 836
f 753 126 1373
f 1086 1084 1085
f 831 547 548
f 595 832 583
f 646 653 343
f 149 86 1120
f 840 838 833
f 583 832 404
f 839 832 833
f 841 836 835
f 836 841 833
f 840 833 841
f 600 842 593
f 593 843 438
f 843 593 842
f 844 843 847
f 668 667 672
f 579 513 876
f 848 845 847
f 1215 1222 1220
f 845 846 847
f 164 161 242
f 842 600 594
f 438 843 439
f 42 84 62
f 849 850 844
f 439 843 437
f 961 1323 956
f 851 847 846
f 847 851 844
f 849 844 851
f 510 852 853
f 852 510 854
f 475 854 510
f 858 852 861
f 996 998 1005
f 858 855 856
f 476 543 852
f 960 954 315
f 857 855 858
f 202 740 744
f 298 427 697
f 860 861 859
f 1127 86 1128
f 998 379 320
f 475 509 854
f 859 861 1348
f 357 861 854
f 857 858 862
f 862 861 860
f 861 862 858
f 591 863 864
f 863 591 865
f 592 865 591
f 869 863 872
f 1007 1009 1016
f 868 866 867
f 359 864 863
f 863 867 477
f 868 867 869
f 359 863 477
f 867 863 869
f 889 890 891
f 873 870 872
f 865 873 872
f 870 871 872
f 84 1131 1136
f 865 592 578
f 874 866 868
f 868 869 874
f 874 872 871
f 872 874 869
f 568 876 580
f 580 875 570
f 875 580 876
f 876 880 877
f 877 875 876
f 879 880 878
f 348 346 344
f 954 558 315
f 568 579 876
f 878 880 881
f 513 880 876
f 161 688 693
f 875 883 569
f 884 883 877
f 581 875 569
f 883 875 877
f 581 570 875
f 885 880 879
f 880 885 877
f 885 882 884
f 884 877 885
f 567 886 481
f 481 887 482
f 887 481 886
f 888 887 891
f 601 603 609
f 886 544 512
f 1339 889 891
f 1016 1009 525
f 886 567 544
f 820 440 826
f 220 145 1203
f 894 892 893
f 893 887 888
f 483 482 887
f 887 893 545
f 894 893 888
f 483 887 545
f 895 891 890
f 891 895 888
f 895 892 894
f 894 888 895
f 486 896 897
f 896 486 898
f 550 898 486
f 898 905 902
f 902 896 898
f 901 899 900
f 370 897 896
f 896 900 137
f 901 900 902
f 370 896 137
f 900 896 902
f 487 207 898
f 609 233 1415
f 207 905 898
f 550 487 898
f 903 905 906
f 904 905 903
f 907 899 901
f 901 902 907
f 907 905 904
f 905 907 902
f 488 908 909
f 908 488 910
f 551 910 488
f 914 908 917
f 751 753 760
f 913 911 912
f 912 908 914
f 371 909 908
f 908 912 167
f 913 912 914
f 371 908 167
f 1334 915 917
f 506 397 1380
f 915 916 917
f 1304 1026 446
f 910 551 489
f 918 911 913
f 913 914 918
f 918 917 916
f 917 918 914
f 552 919 920
f 919 552 921
f 585 921 552
f 921 927 925
f 925 919 921
f 920 919 554
f 398 635 639
f 652 653 648
f 924 922 925
f 554 919 314
f 923 919 925
f 553 372 921
f 1460 1459 1354
f 372 927 921
f 585 553 921
f 929 927 928
f 926 927 929
f 924 925 930
f 930 927 926
f 927 930 925
f 599 931 932
f 931 599 933
f 598 933 599
f 937 931 940
f 729 731 738
f 831 548 837
f 931 935 209
f 936 935 937
f 441 931 209
f 935 931 937
f 441 932 931
f 938 939 940
f 1329 938 940
f 685 678 92
f 128 127 55
f 1391 691 242
f 933 573 411
f 941 934 936
f 936 937 941
f 941 940 939
f 940 941 937
f 492 942 943
f 942 492 944
f 555 944 492
f 947 942 950
f 1237 1236 1240
f 365 263 440
f 945 942 947
f 946 945 947
f 556 942 414
f 1317 1323 1322
f 944 519 442
f 1326 948 950
f 688 695 693
f 555 519 944
f 927 372 928
f 614 536 503
f 946 947 951
f 951 950 949
f 950 951 947
f 557 952 953
f 952 557 954
f 586 954 557
f 958 952 960
f 821 820 825
f 958 955 956
f 817 810 367
f 957 955 958
f 476 852 856
f 210 316 952
f 164 163 688
f 961 959 960
f 1323 961 960
f 123 245 1398
f 1322 1422 1318
f 80 1183 1188
f 810 584 367
f 957 958 962
f 962 960 959
f 960 962 958
f 521 963 964
f 963 521 965
f 574 965 521
f 965 972 969
f 969 963 965
f 968 966 967
f 559 964 963
f 963 967 445
f 968 967 969
f 559 963 445
f 967 963 969
f 1152 1157 47
f 520 972 965
f 574 520 965
f 970 972 1320
f 213 214 385
f 973 966 968
f 968 969 973
f 973 972 971
f 972 973 969
f 523 974 975
f 974 523 976
f 575 976 523
f 976 983 980
f 980 974 976
f 977 978 980
f 1172 1180 21
f 978 974 980
f 979 977 980
f 418 974 376
f 975 974 418
f 524 375 976
f 1102 67 1286
f 375 983 976
f 575 524 976
f 981 983 1316
f 982 983 981
f 979 980 984
f 984 983 982
f 983 984 980
f 377 985 138
f 985 377 986
f 447 986 377
f 990 985 993
f 908 910 917
f 138 985 139
f 1334 917 489
f 999 1000 1002
f 989 987 990
f 139 985 59
f 988 985 990
f 991 992 993
f 994 991 993
f 1164 1160 40
f 970 971 972
f 1165 1164 40
f 986 378 268
f 989 990 995
f 995 993 992
f 993 995 990
f 420 996 997
f 996 420 998
f 495 998 420
f 1002 996 1005
f 635 637 644
f 997 996 527
f 809 812 368
f 1224 273 218
f 1001 999 1002
f 527 996 269
f 1000 996 1002
f 93 53 69
f 1310 1003 1005
f 142 74 1255
f 1003 1004 1005
f 1251 1230 218
f 998 495 379
f 1001 1002 1006
f 1006 1005 1004
f 1005 1006 1002
f 588 1007 1008
f 1007 588 1009
f 587 1009 588
f 1013 1007 1016
f 740 742 749
f 1012 1010 1011
f 526 1008 1007
f 1013 1012 1011
f 181 180 1119
f 779 352 774
f 1014 1015 1016
f 1017 1014 1016
f 198 200 1374
f 1111 1112 1113
f 94 677 680
f 1009 560 525
f 1018 1010 1012
f 1012 1013 1018
f 1018 1016 1015
f 1016 1018 1013
f 1019 1020 319
f 319 1021 1022
f 1021 319 1020
f 1023 1021 1026
f 1320 520 415
f 1024 1025 1026
f 1304 1024 1026
f 1444 1333 1332
f 62 28 25
f 983 375 1316
f 1020 494 446
f 1028 1029 1023
f 419 1021 1029
f 1029 1021 1023
f 1027 1028 1023
f 1022 1021 419
f 1030 1026 1025
f 1026 1030 1023
f 1027 1023 1030
f 422 1031 576
f 1031 422 1032
f 496 1032 422
f 1032 1039 1036
f 1036 1031 1032
f 576 1031 529
f 529 1031 1034
f 838 839 833
f 1035 1033 1036
f 1034 1031 1036
f 1038 1039 1037
f 402 310 133
f 1151 183 45
f 496 528 1032
f 1037 1039 1040
f 423 1039 1032
f 1035 1036 1041
f 1041 1039 1038
f 1039 1041 1036
f 589 1042 1043
f 1042 589 1044
f 577 1044 589
f 1044 1051 1048
f 1048 1042 1044
f 848 847 514
f 1042 1046 381
f 1047 1046 1048
f 450 1042 381
f 1046 1042 1048
f 450 1043 1042
f 530 380 1044
f 380 1051 1044
f 1051 380 1052
f 577 530 1044
f 1049 1051 1052
f 1050 1051 1049
f 1053 1045 1047
f 1047 1048 1053
f 1053 1051 1050
f 1051 1053 1048
f 383 1054 1055
f 1054 383 1056
f 561 1056 383
f 1060 1054 1062
f 1204 1203 1207
f 1055 1054 451
f 718 722 566
f 721 722 724
f 1059 1057 1060
f 451 1054 562
f 1058 1054 1060
f 1063 1061 1062
f 1296 1063 1062
f 601 607 605
f 559 520 521
f 818 817 367
f 1352 850 1351
f 1059 1060 1064
f 1064 1062 1061
f 1062 1064 1060
f 453 1065 1066
f 1065 453 1067
f 424 1067 453
f 1071 1065 1074
f 843 842 847
f 1070 1068 1069
f 500 1066 1065
f 1071 1070 1069
f 781 779 774
f 1011 526 1007
f 1067 452 384
f 1075 1072 1074
f 1067 1075 1074
f 424 452 1067
f 936 934 935
f 1236 1235 499
f 1076 1068 1070
f 1070 1071 1076
f 1076 1074 1073
f 1074 1076 1071
f 533 1078 456
f 456 1077 287
f 1077 456 1078
f 1078 1082 1079
f 1079 1077 1078
f 502 154 1078
f 994 993 268
f 154 1082 1078
f 533 502 1078
f 1080 1082 1083
f 1081 1082 1080
f 1339 891 512
f 1077 1085 120
f 1086 1085 1079
f 288 1077 120
f 1085 1077 1079
f 288 287 1077
f 1087 1082 1081
f 1082 1087 1079
f 1087 1084 1086
f 1086 1079 1087
f 425 1089 326
f 326 1088 330
f 1088 326 1089
f 1089 1093 1090
f 1090 1088 1089
f 327 116 1089
f 784 259 1366
f 116 1093 1089
f 425 327 1089
f 1091 1093 1289
f 1092 1093 1091
f 29 30 174
f 1088 1095 34
f 1096 1095 1090
f 392 1088 34
f 1095 1088 1090
f 392 330 1088
f 1097 1093 1092
f 1093 1097 1090
f 1097 1094 1096
f 1096 1090 1097
f 115 1099 66
f 66 1098 284
f 1098 66 1099
f 1099 1102 1100
f 1100 1098 1099
f 89 67 1099
f 300 192 247
f 67 1102 1099
f 115 89 1099
f 1103 1102 1286
f 1101 1102 1103
f 562 271 382
f 231 285 1098
f 1100 1104 1105
f 1100 1105 1106
f 118 154 120
f 1147 1145 1144
f 1107 1102 1101
f 1102 1107 1100
f 1104 1100 1107
f 325 1108 391
f 391 1109 184
f 1109 391 1108
f 1110 1109 1113
f 1183 1182 1186
f 1108 230 152
f 1114 1111 1113
f 1108 1114 1113
f 325 230 1108
f 1110 1117 1116
f 1063 1058 1057
f 185 184 1109
f 65 185 1109
f 1117 1115 1116
f 16 12 14
f 65 1109 1116
f 1222 1221 1220
f 1118 1113 1112
f 1113 1118 1110
f 1118 1115 1117
f 1117 1110 1118
f 85 1119 180
f 1119 85 1120
f 112 1120 85
f 1124 1119 1127
f 809 810 817
f 1124 1123 1122
f 1124 1122 1119
f 662 661 660
f 1369 772 165
f 1123 1121 1122
f 1126 1127 1125
f 856 855 859
f 509 357 854
f 112 149 1120
f 1125 1127 1128
f 86 1127 1120
f 1129 1121 1123
f 1123 1124 1129
f 1129 1127 1126
f 1127 1129 1124
f 111 1130 60
f 60 1131 147
f 1131 60 1130
f 1138 1131 1134
f 612 614 621
f 1132 1133 1134
f 1278 1132 1134
f 1149 1142 43
f 630 631 632
f 1017 1016 525
f 1130 83 42
f 1138 1135 1136
f 84 148 1131
f 672 667 246
f 1137 1135 1138
f 1197 223 1260
f 460 613 612
f 1139 1134 1133
f 1134 1139 1138
f 1137 1138 1139
f 280 1140 1141
f 1140 280 1142
f 390 1142 280
f 1146 1140 1149
f 1131 1130 1134
f 282 1141 1140
f 1563 1551 1492
f 253 741 740
f 231 1098 1106
f 88 282 1140
f 1146 1144 1145
f 1147 1148 1149
f 1275 1147 1149
f 87 62 1279
f 543 853 852
f 751 755 302
f 1142 281 43
f 1143 1146 1150
f 1150 1149 1148
f 1149 1150 1146
f 283 1151 182
f 182 1152 324
f 1152 182 1151
f 1158 1152 1155
f 863 865 872
f 842 594 514
f 1272 1153 1155
f 204 128 1364
f 1153 1154 1155
f 673 672 246
f 1151 283 183
f 324 1152 229
f 509 510 543
f 1156 1157 1158
f 229 1152 47
f 843 850 437
f 1159 1155 1154
f 1155 1159 1158
f 1156 1158 1159
f 178 1160 179
f 179 1161 26
f 1161 179 1160
f 1169 1161 1164
f 490 410 1330
f 1162 1163 1164
f 1165 1162 1164
f 1192 1194 1199
f 530 589 450
f 629 627 628
f 1160 110 40
f 1169 1166 1167
f 1453 1482 1481
f 1168 1166 1169
f 644 193 1406
f 32 27 1161
f 1146 1143 1144
f 1170 1164 1163
f 1164 1170 1169
f 1168 1169 1170
f 1171 1173 227
f 227 1172 389
f 1172 227 1173
f 1173 1177 1174
f 1174 1172 1173
f 228 82 1173
f 460 290 394
f 82 1177 1173
f 1171 228 1173
f 1175 1177 1266
f 1176 1177 1175
f 1180 1172 1174
f 1205 1208 1211
f 1179 1180 1174
f 1178 1179 1174
f 31 1172 21
f 736 737 738
f 1181 1177 1176
f 1177 1181 1174
f 1178 1174 1181
f 388 1182 278
f 278 1183 225
f 1183 278 1182
f 1190 1183 1186
f 677 678 685
f 753 254 126
f 1263 1184 1186
f 1329 411 312
f 1184 1185 1186
f 72 320 269
f 1182 388 279
f 226 225 1183
f 80 226 1183
f 1189 1187 1188
f 917 910 489
f 1096 1094 1095
f 106 1204 1211
f 1191 1186 1185
f 1186 1191 1190
f 1191 1187 1189
f 1189 1190 1191
f 323 1193 221
f 221 1192 176
f 1192 221 1193
f 1194 1192 1197
f 1065 1067 1074
f 222 223 1193
f 795 355 796
f 223 1197 1193
f 323 222 1193
f 1195 1197 1260
f 1196 1197 1195
f 177 176 1192
f 1200 1198 1199
f 1131 1138 1136
f 39 1192 1199
f 1278 1134 42
f 39 177 1192
f 1201 1197 1196
f 1197 1201 1194
f 1201 1198 1200
f 1200 1194 1201
f 1202 1203 175
f 175 1204 276
f 1204 175 1203
f 1212 1204 1207
f 1119 1120 1127
f 1206 1207 1205
f 865 432 873
f 24 18 19
f 1202 220 1203
f 1205 1207 1208
f 145 1207 1203
f 1212 1209 1210
f 106 277 1204
f 506 344 192
f 277 276 1204
f 23 43 88
f 393 117 118
f 1213 1207 1206
f 1207 1213 1212
f 1209 1212 1213
f 386 1214 387
f 387 1215 143
f 1215 387 1214
f 1222 1215 1218
f 762 764 771
f 1182 279 78
f 1254 1216 1218
f 852 858 856
f 1216 1217 1218
f 1263 1186 78
f 1214 386 275
f 144 143 1215
f 75 144 1215
f 1221 1219 1220
f 1351 848 514
f 75 1215 1220
f 1194 1200 1199
f 1223 1218 1217
f 1218 1223 1222
f 1223 1219 1221
f 1221 1222 1223
f 217 1224 274
f 274 1225 1226
f 1225 274 1224
f 1227 1225 1230
f 1054 1056 1062
f 754 755 757
f 1251 1228 1230
f 1434 1309 1308
f 1228 1229 1230
f 1225 1233 37
f 1224 217 273
f 1232 1233 1227
f 832 839 404
f 1233 1225 1227
f 1231 1232 1227
f 102 1225 37
f 1226 1225 102
f 1234 1230 1229
f 1230 1234 1227
f 1231 1227 1234
f 1235 1236 532
f 532 1237 563
f 1237 532 1236
f 1245 1237 1240
f 1225 1224 1230
f 1238 1239 1240
f 1241 1238 1240
f 1236 1241 1240
f 769 766 773
f 607 606 605
f 1236 499 454
f 1244 1242 1243
f 564 563 1237
f 1237 1243 455
f 1244 1243 1245
f 564 1237 455
f 1243 1237 1245
f 1246 1240 1239
f 1240 1246 1245
f 1246 1242 1244
f 1244 1245 1246
f 216 500 1247
f 1069 1247 500
f 454 214 1241
f 1248 1241 214
f 216 1247 1248
f 1248 214 216
f 501 455 1249
f 1243 1249 455
f 218 219 1251
f 1250 1251 219
f 501 1249 1250
f 1250 219 501
f 30 37 1233
f 1233 1252 30
f 101 174 1253
f 1253 1254 101
f 1253 174 1252
f 1456 1393 1392
f 74 75 1220
f 1220 1255 74
f 105 142 1256
f 145 105 1208
f 1257 1208 105
f 1256 1257 105
f 1256 142 1255
f 1230 1224 218
f 224 106 1258
f 1211 1258 106
f 76 107 1259
f 223 76 1260
f 1259 1260 76
f 1259 107 1258
f 1289 116 232
f 39 1199 79
f 78 108 1262
f 1262 1263 78
f 1262 108 1261
f 677 682 680
f 109 80 1264
f 1188 1264 80
f 82 146 1265
f 1265 1266 82
f 109 1264 1265
f 1265 146 109
f 20 21 1267
f 1180 1267 21
f 19 1269 40
f 1313 994 268
f 1268 1269 19
f 20 1267 1268
f 1268 19 20
f 151 88 1270
f 1145 1270 88
f 1271 1272 113
f 1040 423 497
f 151 1270 1271
f 1271 113 151
f 44 181 1273
f 1122 1273 181
f 43 23 1275
f 1274 1275 23
f 44 1273 1274
f 1274 23 44
f 41 32 1276
f 1167 1276 32
f 42 25 1278
f 1277 1278 25
f 41 1276 1277
f 1277 25 41
f 62 84 1136
f 1136 1279 62
f 86 87 1128
f 1280 1128 87
f 1280 87 1279
f 1005 998 320
f 114 47 1281
f 1157 1281 47
f 63 153 1282
f 152 63 1114
f 1283 1114 63
f 1282 1283 63
f 1282 153 1281
f 121 331 17
f 49 65 1284
f 1116 1284 65
f 1285 1286 64
f 1391 242 241
f 49 1284 1285
f 1285 64 49
f 329 231 1287
f 1106 1287 231
f 1288 1289 232
f 113 45 47
f 329 1287 1288
f 1288 232 329
f 119 34 1290
f 1095 1290 34
f 154 118 1083
f 1291 1083 118
f 119 1290 1291
f 1291 118 119
f 271 562 1058
f 322 271 1292
f 1058 1292 271
f 384 272 1075
f 1293 1075 272
f 322 1292 1293
f 1293 272 322
f 449 381 1294
f 1046 1294 381
f 382 448 1295
f 1295 1296 382
f 449 1294 1295
f 1295 448 449
f 141 529 1297
f 1034 1297 529
f 173 1299 380
f 1218 1214 101
f 1298 1299 173
f 141 1297 1298
f 1298 173 141
f 421 269 1300
f 1000 1300 269
f 1301 1040 497
f 906 207 369
f 421 1300 1301
f 1301 497 421
f 169 526 1302
f 1011 1302 526
f 446 211 1304
f 1303 1304 211
f 169 1302 1303
f 1303 211 169
f 376 978 417
f 266 417 1305
f 1305 1306 266
f 993 986 268
f 317 318 1307
f 525 317 1017
f 1307 1017 317
f 1307 318 1306
f 174 30 1252
f 58 59 1308
f 988 1308 59
f 320 72 1310
f 1309 1310 72
f 58 1308 1309
f 1309 72 58
f 212 419 1311
f 1029 1311 419
f 171 1313 268
f 978 1305 417
f 1312 1313 171
f 212 1311 1312
f 1312 171 212
f 522 445 1314
f 967 1314 445
f 1315 1316 416
f 1186 1182 78
f 522 1314 1315
f 1315 416 522
f 100 210 956
f 100 1317 373
f 1269 1165 40
f 956 1317 100
f 1319 1320 415
f 887 886 891
f 373 1318 1319
f 1319 415 373
f 443 414 1321
f 945 1321 414
f 315 493 1322
f 1322 1323 315
f 443 1321 1322
f 1322 493 443
f 412 209 1324
f 935 1324 209
f 442 518 1325
f 1325 1326 442
f 1325 518 1324
f 459 332 1410
f 311 314 1327
f 923 1327 314
f 1328 1329 312
f 1286 67 64
f 311 1327 1328
f 1328 312 311
f 410 167 1330
f 912 1330 167
f 372 490 1331
f 1331 928 372
f 1331 490 1330
f 518 412 1324
f 135 137 1332
f 900 1332 137
f 489 264 1334
f 1333 1334 264
f 135 1332 1333
f 1333 264 135
f 409 368 1335
f 812 1335 368
f 1336 906 369
f 1415 233 289
f 409 1335 1336
f 1336 369 409
f 402 477 867
f 867 1337 402
f 479 511 1338
f 512 479 1339
f 1338 1339 479
f 1338 511 1337
f 1501 1546 1547
f 480 545 893
f 480 1340 484
f 1272 45 113
f 893 1340 480
f 513 361 881
f 1342 881 361
f 484 1341 1342
f 1342 361 484
f 433 476 1343
f 856 1343 476
f 133 310 1344
f 432 133 873
f 1345 873 133
f 1344 1345 133
f 1344 310 1343
f 1155 1151 45
f 356 306 1346
f 802 1346 306
f 357 309 1348
f 1347 1348 309
f 356 1346 1347
f 1347 309 356
f 515 569 1349
f 883 1349 569
f 435 1351 514
f 1413 1417 1436
f 1350 1351 435
f 515 1349 1350
f 1350 435 515
f 571 437 1352
f 850 1352 437
f 548 363 837
f 1353 837 363
f 571 1352 1353
f 1353 363 571
f 403 404 839
f 839 1354 403
f 440 206 826
f 1356 826 206
f 1355 1356 206
f 403 1354 1355
f 1355 206 403
f 485 263 1357
f 828 1357 263
f 367 516 1358
f 1358 818 367
f 1358 516 1357
f 771 764 165
f 205 304 1359
f 790 1359 304
f 131 261 1360
f 1360 1361 131
f 1360 261 1359
f 256 252 1371
f 303 352 1362
f 779 1362 352
f 130 260 1363
f 355 130 796
f 1363 796 130
f 1363 260 1362
f 1161 1169 1167
f 128 350 766
f 766 1364 128
f 259 204 1366
f 1365 1366 204
f 1365 204 1364
f 260 303 1362
f 56 302 1367
f 755 1367 302
f 55 1369 165
f 1299 1052 380
f 1368 1369 55
f 56 1367 1368
f 1368 55 56
f 98 202 744
f 98 1370 252
f 1317 1318 373
f 744 1370 98
f 126 256 1372
f 1372 1373 126
f 1372 256 1371
f 289 121 1413
f 200 201 733
f 733 1374 200
f 1375 1376 198
f 1370 1371 252
f 1375 198 1374
f 310 433 1343
f 345 566 722
f 348 345 1377
f 722 1377 345
f 195 347 1379
f 1378 1379 347
f 348 1377 1378
f 1378 347 348
f 397 398 639
f 639 1380 397
f 399 506 1381
f 468 399 1382
f 1381 1382 399
f 1381 506 1380
f 313 311 312
f 91 52 1383
f 628 1383 52
f 122 36 713
f 1384 713 36
f 91 1383 1384
f 1384 36 91
f 68 155 714
f 68 1385 297
f 1340 1341 484
f 714 1385 68
f 1387 1388 240
f 1316 375 416
f 297 1386 1387
f 1387 240 297
f 188 94 1389
f 680 1389 94
f 1390 1391 241
f 931 933 940
f 188 1389 1390
f 1390 241 188
f 54 159 1392
f 704 1392 159
f 1393 1394 69
f 1388 157 240
f 54 1392 1393
f 1393 69 54
f 96 299 1395
f 660 1395 299
f 124 1397 246
f 697 699 704
f 1396 1397 124
f 96 1395 1396
f 1396 124 96
f 245 161 1398
f 693 1398 161
f 71 123 1399
f 1399 1400 71
f 1399 123 1398
f 1394 92 69
f 340 189 1401
f 675 1401 189
f 341 248 1403
f 1402 1403 248
f 340 1401 1402
f 1402 248 340
f 249 343 653
f 653 1404 249
f 193 300 1405
f 1405 1406 193
f 1405 300 1404
f 1204 1212 1211
f 295 290 1407
f 616 1407 290
f 292 294 1408
f 333 292 633
f 1409 633 292
f 1408 1409 292
f 1408 294 1407
f 952 958 956
f 332 235 1410
f 605 1410 235
f 394 459 1411
f 1411 1412 394
f 1411 459 1410
f 1109 1110 1116
f 121 14 13
f 13 1413 121
f 1414 1415 289
f 847 842 514
f 1414 289 1413
f 294 295 1407
f 286 120 1416
f 1085 1416 120
f 17 331 1418
f 1417 1418 331
f 286 1416 1417
f 1417 331 286
f 1075 1293 1069
f 1419 1249 1248
f 1248 1247 1419
f 1420 1255 1253
f 1188 1184 1263
f 956 1323 1317
f 1252 1233 1251
f 1243 1242 1246
f 1490 1568 1569
f 1052 1299 1046
f 476 433 309
f 1246 1238 1243
f 1241 1248 1243
f 41 19 32
f 1068 1076 1069
f 1423 1419 1292
f 621 614 394
f 1419 1247 1293
f 1058 1296 1292
f 1034 1040 1297
f 1253 1252 1420
f 655 650 649
f 1419 1421 1249
f 749 197 1376
f 1295 1294 1447
f 1298 1297 1447
f 1337 1345 1344
f 1274 1273 1424
f 1165 1269 1167
f 1425 1264 1262
f 1220 1254 1255
f 1250 1249 1421
f 1246 1239 1238
f 1382 1381 1377
f 906 900 903
f 994 1313 988
f 524 418 376
f 13 1418 1413
f 1424 1428 1274
f 1438 1279 1277
f 1429 1438 1276
f 167 489 371
f 1188 1263 1264
f 1425 1261 1259
f 1228 1233 1232
f 1421 1252 1250
f 1064 1061 1063
f 1053 1046 1045
f 1050 1049 1053
f 1447 1294 1298
f 223 177 39
f 973 970 967
f 970 1320 967
f 1317 1322 1318
f 94 92 337
f 1273 1128 1280
f 1441 1410 1414
f 1095 1289 1290
f 1374 1379 1378
f 1437 1284 1282
f 1428 1281 1271
f 1139 1133 1132
f 1170 1162 1166
f 1163 1162 1170
f 1264 1425 1433
f 1259 1443 1425
f 1259 1258 1443
f 796 790 793
f 1208 1257 1211
f 668 675 189
f 20 146 82
f 1064 1063 1057
f 1319 1318 1422
f 1320 1314 967
f 1328 1327 1427
f 1431 1360 1359
f 1414 1413 1441
f 1432 1436 1290
f 1458 1307 1306
f 1106 1286 1287
f 1437 1442 1284
f 1282 1281 1437
f 1308 1313 1312
f 1274 1428 1270
f 599 932 441
f 1136 1278 1279
f 1438 1424 1279
f 1166 1168 1170
f 1268 1267 1429
f 45 183 47
f 1191 1188 1187
f 1433 1265 1264
f 1199 1260 1261
f 1262 1261 1425
f 1251 1233 1228
f 1232 1231 1234
f 548 583 404
f 452 453 500
f 1057 1059 1064
f 503 291 460
f 1269 1276 1167
f 1037 1034 1033
f 1449 1404 1455
f 473 763 257
f 1473 1541 1542
f 1375 1446 1371
f 1290 1289 1288
f 608 610 611
f 605 1415 1410
f 588 1008 526
f 1234 1229 1228
f 1087 1080 1085
f 1400 660 663
f 1157 1272 1281
f 279 226 80
f 1121 1129 1122
f 1122 1128 1273
f 1357 1356 1355
f 1433 1267 1265
f 1175 1180 1179
f 1324 1329 1328
f 1213 1206 1205
f 1296 1058 1063
f 1264 1263 1262
f 973 967 966
f 1430 1315 1314
f 504 191 505
f 938 935 941
f 1284 1283 1282
f 545 512 544
f 1431 1346 1360
f 235 457 426
f 1367 755 1373
f 1315 1430 1306
f 252 198 98
f 1440 1407 1411
f 1441 1440 1410
f 1087 1085 1084
f 1083 1291 1085
f 1442 1287 1285
f 1107 1101 1103
f 1118 1116 1115
f 1112 1111 1118
f 1114 1283 1116
f 1147 1275 1145
f 1280 1279 1424
f 1424 1273 1280
f 1311 1304 1303
f 1278 1136 1132
f 1450 1358 1357
f 1267 1180 1266
f 1429 1276 1268
f 1299 1294 1046
f 962 959 961
f 1198 1201 1199
f 1287 1286 1285
f 1443 1258 1256
f 1420 1443 1255
f 1462 1445 1367
f 1295 1447 1423
f 870 867 874
f 907 904 903
f 1033 1035 1041
f 1006 1003 999
f 1426 1434 1308
f 1250 1252 1251
f 744 747 1376
f 945 1326 1321
f 593 439 594
f 951 949 948
f 1459 1357 1355
f 1350 1349 1451
f 1431 1359 1363
f 1255 1254 1253
f 1368 1367 1445
f 1449 1454 1381
f 1381 1454 1377
f 1340 1339 1338
f 1439 1456 1392
f 1456 1389 1393
f 1258 1257 1256
f 622 620 619
f 611 605 604
f 44 87 86
f 1410 1415 1414
f 15 13 11
f 1441 1413 1436
f 1461 1365 1364
f 299 71 244
f 839 837 1353
f 660 299 656
f 265 318 168
f 1139 1132 1135
f 823 828 830
f 1265 1267 1266
f 455 454 564
f 292 52 91
f 1447 1297 1434
f 1401 1397 1396
f 132 310 358
f 1217 1216 1223
f 1220 1219 1223
f 1434 1297 1301
f 999 1001 1006
f 1026 1020 446
f 1294 1299 1298
f 881 883 878
f 1458 1426 1311
f 1303 1302 1458
f 984 981 977
f 1364 1369 1368
f 955 961 956
f 941 935 934
f 939 938 941
f 1325 1324 1448
f 1427 1324 1328
f 1292 1296 1295
f 1257 1258 1211
f 1344 1343 1453
f 785 783 782
f 1445 1364 1368
f 802 805 1361
f 733 1379 1374
f 1375 1374 1446
f 1378 1377 1454
f 1446 1374 1378
f 722 1382 1377
f 639 1406 1380
f 660 1400 1395
f 1396 1395 1455
f 1183 1190 1188
f 466 590 467
f 1435 1395 1399
f 696 689 692
f 693 1391 1398
f 680 679 686
f 828 823 826
f 710 713 714
f 633 1409 628
f 544 481 483
f 675 676 670
f 1094 1097 1095
f 356 261 131
f 1288 1287 1432
f 1432 1290 1288
f 1332 906 1336
f 1157 1159 1153
f 1150 1147 1144
f 1428 1271 1270
f 1128 1122 1125
f 564 454 499
f 1135 1137 1139
f 250 251 349
f 304 355 354
f 1191 1185 1184
f 1210 1209 1213
f 207 137 135
f 919 923 314
f 1324 1427 1448
f 1423 1292 1295
f 1297 1040 1301
f 1000 1310 1300
f 1312 1311 1426
f 1030 1025 1024
f 973 971 970
f 1322 1448 1422
f 1322 1321 1448
f 935 1329 1324
f 1440 1411 1410
f 1275 1270 1145
f 912 1334 1330
f 1452 1444 1332
f 1444 1330 1333
f 1355 1354 1459
f 881 1342 883
f 90 121 289
f 407 368 367
f 790 796 1359
f 1296 1062 382
f 1359 796 1363
f 772 1369 766
f 1445 1461 1364
f 1383 1409 1408
f 1438 1277 1276
f 1378 1454 1446
f 728 726 725
f 643 642 645
f 1381 1380 1449
f 1449 1380 1405
f 659 666 660
f 1455 1401 1396
f 415 445 522
f 1456 1398 1390
f 684 683 686
f 1134 1130 42
f 1388 704 700
f 1384 1439 1386
f 616 1412 1407
f 1418 13 15
f 11 7 6
f 1417 1416 1436
f 1291 1436 1416
f 1107 1103 1105
f 1286 1106 1103
f 459 394 290
f 520 559 445
f 1157 1156 1159
f 1144 1143 1150
f 912 915 1334
f 930 929 922
f 126 301 302
f 1179 1178 1181
f 264 489 167
f 655 649 652
f 1301 1300 1434
f 1309 1434 1300
f 1029 1304 1311
f 1458 1311 1303
f 977 981 978
f 1305 1315 1306
f 1458 1302 1307
f 978 981 1316
f 977 979 984
f 957 962 955
f 1448 1321 1325
f 1326 945 948
f 923 928 1327
f 929 923 922
f 918 915 912
f 900 906 1332
f 189 246 191
f 824 823 830
f 1459 1450 1357
f 1460 1354 1353
f 1451 1349 1341
f 1344 1453 1463
f 1363 1461 1431
f 1363 1362 1461
f 790 797 793
f 773 766 765
f 770 769 773
f 114 113 47
f 1462 1367 1372
f 744 1376 1370
f 1272 1157 1153
f 728 725 721
f 1405 1404 1449
f 673 1397 675
f 1085 1080 1083
f 322 272 215
f 1399 1398 1435
f 1321 1326 1325
f 1456 1435 1398
f 696 690 689
f 680 1394 1389
f 1261 1260 1259
f 1439 1392 1387
f 1384 1383 1457
f 1408 1440 1457
f 1408 1407 1440
f 1412 616 619
f 1087 1081 1080
f 1105 1104 1107
f 151 23 88
f 1442 1432 1287
f 605 610 1415
f 733 739 736
f 195 250 201
f 987 991 988
f 1426 1308 1312
f 556 943 942
f 1030 1024 1028
f 1430 1458 1306
f 1314 1319 1430
f 930 926 929
f 439 514 594
f 945 946 951
f 100 373 493
f 918 912 911
f 1444 1331 1330
f 1310 1309 1300
f 1452 1332 1336
f 1442 1285 1284
f 1047 1045 1046
f 1243 1238 1241
f 851 845 850
f 1352 1351 1350
f 873 1345 867
f 1463 1337 1344
f 802 804 808
f 779 1366 1362
f 1461 1362 1365
f 1366 779 782
f 1370 1375 1371
f 732 739 733
f 721 723 728
f 282 43 281
f 645 642 638
f 456 287 288
f 1330 1334 1333
f 1390 1389 1456
f 1385 1384 1386
f 1260 1199 1195
f 935 938 1329
f 1418 1417 1413
f 1150 1148 1147
f 1028 1027 1030
f 401 473 257
f 1304 1029 1024
f 978 1316 1305
f 87 44 22
f 1111 1116 1118
f 831 582 547
f 922 924 930
f 1427 1327 1444
f 762 768 766
f 1395 1435 1455
f 1336 1335 1452
f 812 818 1335
f 819 816 815
f 830 828 827
f 826 1356 828
f 198 197 98
f 1460 1353 1352
f 882 885 883
f 469 566 468
f 1431 1453 1346
f 639 642 1406
f 789 797 790
f 779 778 785
f 1372 1367 1373
f 750 747 743
f 689 693 692
f 1446 1462 1371
f 1382 722 725
f 638 640 645
f 653 1403 1404
f 1181 1176 1175
f 1455 1404 1402
f 675 674 676
f 676 671 670
f 517 134 264
f 706 700 703
f 591 864 359
f 717 714 716
f 627 634 628
f 1319 1422 1430
f 278 225 226
f 660 666 663
f 1281 1272 1271
f 441 209 411
f 761 758 754
f 1006 1004 1003
f 989 995 987
f 315 558 210
f 54 240 157
f 275 387 144
f 1011 1017 1302
f 230 391 185
f 899 907 900
f 1389 1394 1393
f 1450 1335 1358
f 1335 818 1358
f 1504 1518 1528
f 845 848 850
f 391 184 185
f 893 1339 1340
f 1341 1340 1338
f 584 407 367
f 874 867 866
f 871 870 874
f 1338 1337 1463
f 1009 587 560
f 1453 1343 1347
f 122 155 68
f 802 1361 1346
f 1443 1256 1255
f 202 471 253
f 743 745 750
f 372 553 314
f 1379 733 736
f 277 145 220
f 1346 1361 1360
f 1097 1092 1091
f 27 40 110
f 1391 693 689
f 704 1388 1392
f 1387 1386 1439
f 717 710 714
f 1011 1014 1017
f 1457 1383 1408
f 622 619 615
f 1275 1274 1270
f 17 16 14
f 928 1331 1327
f 120 154 288
f 850 849 851
f 1279 1278 1277
f 895 890 889
f 974 978 376
f 1348 856 859
f 808 806 805
f 680 683 1394
f 207 487 137
f 754 756 761
f 1372 1371 1462
f 1130 111 83
f 1380 1406 1405
f 649 653 652
f 987 995 991
f 1014 1011 1018
f 1395 1400 1399
f 703 705 706
f 1356 1357 828
f 615 617 622
f 1103 1106 1105
f 1234 1228 1232
f 1015 1014 1018
f 1011 1010 1018
f 6 15 11
f 918 916 915
f 532 563 564
f 1069 1076 1072
f 819 815 811
f 818 812 815
f 1167 1162 1165
f 1181 1175 1179
f 488 909 371
f 578 591 359
f 893 892 895
f 955 962 961
f 1463 1341 1338
f 1283 1284 1116
f 1201 1196 1195
f 1199 1201 1195
f 750 748 747
f 1402 1401 1455
f 717 711 710
f 463 336 337
f 1210 1213 1205
f 1046 1049 1052
f 1392 1388 1387
f 811 813 819
f 1470 1582 1583
f 1450 1452 1335
f 851 846 845
f 850 848 1351
f 862 859 855
f 1433 1429 1267
f 758 755 754
f 1403 653 649
f 652 654 655
f 1076 1073 1072
f 838 840 841
f 838 834 839
f 1339 893 889
f 766 769 772
f 856 1348 1343
f 1347 1346 1453
f 1129 1126 1125
f 815 812 811
f 108 77 38
f 1352 1350 1460
f 1407 1412 1411
f 855 857 862
f 1404 1403 1402
f 838 841 834
f 1354 839 1353
f 1465 1464 1419
f 1419 1423 1465
f 1467 1466 1447
f 1468 1467 1434
f 1434 1426 1468
f 1470 1469 1458
f 1471 1470 1430
f 1472 1471 1430
f 1473 1472 1422
f 1474 1473 1448
f 1475 1474 1427
f 1476 1475 1444
f 1477 1476 1452
f 1478 1477 1450
f 1479 1478 1459
f 1480 1479 1451
f 1481 1480 1463
f 1463 1453 1481
f 1483 1482 1431
f 1484 1483 1461
f 1461 1445 1484
f 1486 1485 1462
f 1487 1486 1446
f 1446 1454 1487
f 1489 1488 1449
f 1490 1489 1455
f 1491 1490 1455
f 1492 1491 1435
f 1493 1492 1456
f 1494 1493 1439
f 1495 1494 1439
f 1496 1495 1457
f 1497 1496 1440
f 1498 1497 1441
f 1499 1498 1436
f 1500 1499 1432
f 1501 1500 1442
f 1502 1501 1437
f 1503 1502 1424
f 1504 1503 1438
f 1505 1504 1429
f 1506 1505 1425
f 1507 1506 1443
f 1443 1420 1507
f 1464 1508 1421
f 1420 1421 1508
f 1445 1485 1484
f 1425 1443 1506
f 1433 1425 1505
f 1429 1433 1505
f 1438 1429 1504
f 1424 1438 1503
f 1428 1424 1502
f 1437 1428 1502
f 1442 1437 1501
f 1432 1442 1500
f 1436 1432 1499
f 1441 1436 1498
f 1440 1441 1497
f 1457 1440 1496
f 1439 1457 1495
f 1456 1439 1493
f 1435 1456 1492
f 1455 1435 1491
f 1449 1455 1489
f 1454 1449 1488
f 1423 1466 1465
f 1462 1446 1486
f 1445 1462 1485
f 790 304 786
f 1431 1461 1483
f 1453 1431 1482
f 1426 1469 1468
f 1451 1463 1480
f 1460 1451 1479
f 1459 1460 1479
f 1450 1459 1478
f 1452 1450 1477
f 1444 1452 1476
f 1427 1444 1475
f 1448 1427 1474
f 1422 1448 1473
f 1430 1422 1472
f 1458 1430 1470
f 1426 1458 1469
f 108 79 1261
f 1447 1434 1467
f 1423 1447 1466
f 1420 1508 1507
f 1421 1419 1464
f 1510 1511 1508
f 1509 1512 1506
f 1512 1505 1506
f 1512 1513 1505
f 1511 1516 1507
f 1519 1486 1487
f 1519 1520 1486
f 1520 1521 1485
f 1521 1522 1485
f 1522 1523 1484
f 1483 1484 1514
f 1514 1524 1483
f 1524 1525 1483
f 1526 1471 1472
f 1508 1515 1510
f 1507 1508 1511
f 1506 1507 1517
f 1513 1533 1505
f 1503 1504 1528
f 1530 1531 1488
f 1484 1485 1522
f 1482 1483 1525
f 1525 1532 1482
f 1471 1526 1527
f 1470 1471 1587
f 1506 1517 1509
f 1481 1584 1585
f 1528 1534 1503
f 1502 1503 1529
f 1538 1568 1490
f 1539 1530 1488
f 1531 1540 1487
f 1485 1486 1520
f 1472 1473 1542
f 1555 1541 1473
f 1543 1544 1467
f 1544 1564 1466
f 1507 1516 1517
f 1504 1505 1533
f 1503 1534 1529
f 1500 1501 1547
f 1498 1499 1535
f 1548 1561 1497
f 1549 1550 1496
f 1493 1563 1492
f 1491 1492 1537
f 1490 1491 1538
f 1488 1489 1539
f 1487 1488 1531
f 1540 1519 1487
f 1552 1553 1475
f 1553 1554 1474
f 1554 1555 1474
f 1474 1555 1473
f 1466 1467 1544
f 1556 1557 1465
f 1501 1502 1545
f 1545 1546 1501
f 1559 1560 1499
f 1498 1535 1536
f 1497 1498 1548
f 1496 1497 1549
f 1562 1493 1494
f 1492 1551 1537
f 1484 1523 1514
f 1474 1475 1553
f 1472 1542 1526
f 1565 1556 1465
f 1464 1465 1557
f 1557 1515 1464
f 1504 1533 1518
f 1478 1578 1579
f 1499 1500 1559
f 1498 1536 1548
f 1497 1561 1549
f 1566 1494 1495
f 1566 1567 1494
f 1491 1537 1538
f 1489 1490 1569
f 1569 1539 1489
f 87 61 28
f 1571 1572 1469
f 1465 1466 1565
f 1502 1529 1558
f 1574 1495 1496
f 1574 1566 1495
f 1494 1567 1562
f 891 886 512
f 571 363 362
f 1479 1480 1570
f 1477 1478 1579
f 1477 1588 1476
f 1384 1457 1439
f 1469 1470 1583
f 1468 1469 1572
f 1466 1564 1565
f 1502 1558 1545
f 1499 1560 1535
f 1496 1550 1574
f 1481 1482 1575
f 1480 1481 1585
f 1585 1576 1480
f 1480 1576 1570
f 1475 1476 1581
f 1469 1583 1571
f 1468 1572 1573
f 1467 1468 1543
f 1500 1547 1559
f 1493 1562 1563
f 1482 1532 1575
f 1479 1570 1577
f 1478 1479 1586
f 1098 1100 1106
f 1579 1588 1477
f 1476 1580 1581
f 1313 1308 988
f 1479 1577 1586
f 1475 1581 1552
f 1471 1527 1587
f 1436 1291 1290
f 413 443 493
f 1481 1575 1584
f 1470 1587 1582
f 1478 1586 1578
f 1508 1464 1515
f 97 1520 1519
f 196 1519 1540
f 199 1540 1531
f 346 1531 1530
f 344 1530 1539
f 192 1539 1569
f 247 1569 1568
f 342 1568 1538
f 95 1538 1537
f 70 1537 1551
f 160 1551 1563
f 93 1563 1562
f 53 1562 1567
f 158 1567 1566
f 35 1566 1574
f 51 1574 1550
f 293 1550 1549
f 458 1549 1561
f 234 1561 1548
f 90 1548 1536
f 393 1536 1535
f 117 1535 1560
f 33 1560 1559
f 328 1559 1547
f 48 1547 1546
f 50 1546 1545
f 46 1545 1558
f 150 1558 1529
f 22 1529 1534
f 61 1534 1528
f 28 1528 1518
f 24 1518 1533
f 18 1533 1513
f 81 1513 1512
f 77 1512 1509
f 38 1509 1517
f 104 1517 1516
f 103 1516 1511
f 73 1511 1510
f 29 1510 1515
f 385 1515 1557
f 213 1557 1556
f 215 1556 1565
f 321 1565 1564
f 270 1564 1544
f 172 1544 1543
f 140 1543 1573
f 498 1573 1572
f 57 1572 1571
f 170 1571 1583
f 267 1583 1582
f 168 1582 1587
f 265 1587 1527
f 374 1527 1526
f 444 1526 1542
f 99 1542 1541
f 413 1541 1555
f 491 1555 1554
f 208 1554 1553
f 313 1553 1552
f 517 1552 1581
f 134 1581 1580
f 136 1580 1588
f 408 1588 1579
f 366 1579 1578
f 262 1578 1586
f 362 1586 1577
f 436 1577 1570
f 434 1570 1576
f 360 1576 1585
f 478 1585 1584
f 358 1584 1575
f 132 1575 1532
f 308 1532 1525
f 305 1525 1524
f 129 1524 1514
f 258 1514 1523
f 166 1523 1522
f 127 1522 1521
f 125 1521 1520
f 1520 97 125
f 1521 125 127
f 1522 127 166
f 1523 166 258
f 1514 258 129
f 1524 129 305
f 1525 305 308
f 1532 308 132
f 1575 132 358
f 1584 358 478
f 1585 478 360
f 1576 360 434
f 1570 434 436
f 1577 436 362
f 1586 362 262
f 1578 262 366
f 1579 366 408
f 1588 408 136
f 1580 136 134
f 1581 134 517
f 1552 517 313
f 1553 313 208
f 1554 208 491
f 1555 491 413
f 1541 413 99
f 1542 99 444
f 1526 444 374
f 1527 374 265
f 1587 265 168
f 1582 168 267
f 1583 267 170
f 1571 170 57
f 1572 57 498
f 1573 498 140
f 1543 140 172
f 1544 172 270
f 1564 270 321
f 1565 321 215
f 1556 215 213
f 1557 213 385
f 1515 385 29
f 1510 29 73
f 1511 73 103
f 1516 103 104
f 1517 104 38
f 1509 38 77
f 1512 77 81
f 1513 81 18
f 1533 18 24
f 1518 24 28
f 1528 28 61
f 1534 61 22
f 1529 22 150
f 1558 150 46
f 1545 46 50
f 1546 50 48
f 1547 48 328
f 1559 328 33
f 1560 33 117
f 1535 117 393
f 1536 393 90
f 1548 90 234
f 1561 234 458
f 1549 458 293
f 1550 293 51
f 1574 51 35
f 1566 35 158
f 1567 158 53
f 1562 53 93
f 1563 93 160
f 1551 160 70
f 1537 70 95
f 1538 95 342
f 1568 342 247
f 1569 247 192
f 1539 192 344
f 1530 344 346
f 1531 346 199
f 1540 199 196
f 1519 196 97
f 232 34 119
