# Actual source visual nistboard.usd: /nistboard/visuals/mesh_0; asset-root meters
v 0.19923099875450134 -0.1893949955701828 0.008991999551653862
v 0.19923099875450134 -0.19350500404834747 0.008991999551653862
v 0.21892599761486053 -0.19435000419616699 0.008991999551653862
v 0.36243599653244019 -0.34292700886726379 0.008991999551653862
v 0.36217600107192993 -0.34294998645782471 0.008991999551653862
v 0.35717600584030151 -0.35672500729560852 0.008991999551653862
v 0.048303999006748199 -0.18834899365901947 0.008991999551653862
v 0.048735000193119049 -0.18854999542236328 0.008991999551653862
v 0.051075998693704605 -0.18854999542236328 0.008991999551653862
v 0.27813699841499329 -0.18722100555896759 0.008991999551653862
v 0.27889400720596313 -0.1870180070400238 0.008991999551653862
v 0.27492600679397583 -0.1857140064239502 0.008991999551653862
v 0.1242619976401329 -0.03571699932217598 0.008991999551653862
v 0.12518900632858276 -0.036150000989437103 0.008991999551653862
v 0.12927600741386414 -0.036150000989437103 0.008991999551653862
v 0.34207001328468323 -0.049541998654603958 0.008991999551653862
v 0.342072993516922 -0.048562999814748764 0.008991999551653862
v 0.33717599511146545 -0.048562999814748764 0.008991999551653862
v 0.053686998784542084 -0.33598598837852478 0.008991999551653862
v 0.054012000560760498 -0.3364500105381012 0.008991999551653862
v 0.11507599800825119 -0.3364500105381012 0.008991999551653862
v 0.11516100168228149 -0.27050000429153442 0.008991999551653862
v 0.11507599800825119 -0.27031698822975159 0.008991999551653862
v 0.11507599800825119 -0.27173900604248047 0.008991999551653862
v 0.11456400156021118 -0.26367899775505066 0.008991999551653862
v 0.11507599800825119 -0.26258200407028198 0.008991999551653862
v 0.11507599800825119 -0.2611599862575531 0.008991999551653862
v 0.12738199532032013 -0.26024499535560608 0.008991999551653862
v 0.12829799950122833 -0.2611599862575531 0.008991999551653862
v 0.12927600741386414 -0.2611599862575531 0.008991999551653862
v 0.35042598843574524 -0.26082000136375427 0.008991999551653862
v 0.35091099143028259 -0.2611599862575531 0.008991999551653862
v 0.35177901387214661 -0.2611599862575531 0.008991999551653862
v 0.34392601251602173 -0.2720789909362793 0.008991999551653862
v 0.34343999624252319 -0.27173900604248047 0.008991999551653862
v 0.34257298707962036 -0.27173900604248047 0.008991999551653862
v 0.27393999695777893 -0.19930000603199005 0.008991999551653862
v 0.27435100078582764 -0.20877499878406525 0.008991999551653862
v 0.27420100569725037 -0.19917899370193481 0.008991999551653862
v 0.27435100078582764 -0.19907400012016296 0.008991999551653862
v 0.27175098657608032 -0.19803600013256073 0.008991999551653862
v 0.27172601222991943 -0.19775000214576721 0.008991999551653862
v 0.27120101451873779 -0.19602499902248383 0.008991999551653862
v 0.27175098657608032 -0.19746300578117371 0.008991999551653862
v 0.27231499552726746 -0.19901399314403534 0.008991999551653862
v 0.27120101451873779 -0.20877499878406525 0.008991999551653862
v 0.27255100011825562 -0.19917899370193481 0.008991999551653862
v 0.27281099557876587 -0.19930000603199005 0.008991999551653862
v 0.27211201190948486 -0.19880999624729156 0.008991999551653862
v 0.27194699645042419 -0.19857500493526459 0.008991999551653862
v 0.27182498574256897 -0.19831399619579315 0.008991999551653862
v 0.27182498574256897 -0.19718499481678009 0.008991999551653862
v 0.27194699645042419 -0.19692499935626984 0.008991999551653862
v 0.27211201190948486 -0.19668899476528168 0.008991999551653862
v 0.27366200089454651 -0.19937500357627869 0.008991999551653862
v 0.2733759880065918 -0.19939999282360077 0.008991999551653862
v 0.27308899164199829 -0.19937500357627869 0.008991999551653862
v 0.27231499552726746 -0.19648599624633789 0.008991999551653862
v 0.27255100011825562 -0.19632099568843842 0.008991999551653862
v 0.27281099557876587 -0.19619899988174438 0.008991999551653862
v 0.27308899164199829 -0.19612500071525574 0.008991999551653862
v 0.2733759880065918 -0.19609999656677246 0.008991999551653862
v 0.27435100078582764 -0.19602499902248383 0.008991999551653862
v 0.27366200089454651 -0.19612500071525574 0.008991999551653862
v 0.27393999695777893 -0.19619899988174438 0.008991999551653862
v 0.27463999390602112 -0.19668899476528168 0.008991999551653862
v 0.27480500936508179 -0.19692499935626984 0.008991999551653862
v 0.28425100445747375 -0.19602499902248383 0.008991999551653862
v 0.27420100569725037 -0.19632099568843842 0.008991999551653862
v 0.27435100078582764 -0.19642600417137146 0.008991999551653862
v 0.27443599700927734 -0.19648599624633789 0.008991999551653862
v 0.27443599700927734 -0.19901399314403534 0.008991999551653862
v 0.28425100445747375 -0.20877499878406525 0.008991999551653862
v 0.27463999390602112 -0.19880999624729156 0.008991999551653862
v 0.27492600679397583 -0.19718499481678009 0.008991999551653862
v 0.27500098943710327 -0.19746300578117371 0.008991999551653862
v 0.27502599358558655 -0.19775000214576721 0.008991999551653862
v 0.27500098943710327 -0.19803600013256073 0.008991999551653862
v 0.27492600679397583 -0.19831399619579315 0.008991999551653862
v 0.27480500936508179 -0.19857500493526459 0.008991999551653862
v 0.2714259922504425 -0.025150999426841736 0.008991999551653862
v 0.27166301012039185 -0.025040000677108765 0.008991999551653862
v 0.27120101451873779 -0.022724999114871025 0.008991999551653862
v 0.27191498875617981 -0.02792700007557869 0.008991999551653862
v 0.27166301012039185 -0.027859000489115715 0.008991999551653862
v 0.27120101451873779 -0.03433699905872345 0.008991999551653862
v 0.2714259922504425 -0.027749000117182732 0.008991999551653862
v 0.27121201157569885 -0.025301000103354454 0.008991999551653862
v 0.27435100078582764 -0.022724999114871025 0.008991999551653862
v 0.27268901467323303 -0.025040000677108765 0.008991999551653862
v 0.27292600274085999 -0.025150999426841736 0.008991999551653862
v 0.27347499132156372 -0.025699999183416367 0.008991999551653862
v 0.2735849916934967 -0.025937000289559364 0.008991999551653862
v 0.27365300059318542 -0.02618899941444397 0.008991999551653862
v 0.27367600798606873 -0.026450000703334808 0.008991999551653862
v 0.27365300059318542 -0.026709999889135361 0.008991999551653862
v 0.27435100078582764 -0.03433699905872345 0.008991999551653862
v 0.2735849916934967 -0.026962999254465103 0.008991999551653862
v 0.27347499132156372 -0.027200000360608101 0.008991999551653862
v 0.27191498875617981 -0.024971999228000641 0.008991999551653862
v 0.27217599749565125 -0.024949999526143074 0.008991999551653862
v 0.2724359929561615 -0.024971999228000641 0.008991999551653862
v 0.27314001321792603 -0.025301000103354454 0.008991999551653862
v 0.27332499623298645 -0.025484999641776085 0.008991999551653862
v 0.27332499623298645 -0.027413999661803246 0.008991999551653862
v 0.27314001321792603 -0.027598999440670013 0.008991999551653862
v 0.27292600274085999 -0.027749000117182732 0.008991999551653862
v 0.27268901467323303 -0.027859000489115715 0.008991999551653862
v 0.2724359929561615 -0.02792700007557869 0.008991999551653862
v 0.27217599749565125 -0.027950000017881393 0.008991999551653862
v 0.27087700366973877 -0.027200000360608101 0.008991999551653862
v 0.2707659900188446 -0.026962999254465103 0.008991999551653862
v 0.24788899719715118 -0.03433699905872345 0.008991999551653862
v 0.27121201157569885 -0.027598999440670013 0.008991999551653862
v 0.27120101451873779 -0.027588000521063805 0.008991999551653862
v 0.27102699875831604 -0.027413999661803246 0.008991999551653862
v 0.27069899439811707 -0.026709999889135361 0.008991999551653862
v 0.27067598700523376 -0.026450000703334808 0.008991999551653862
v 0.24788899719715118 -0.022724999114871025 0.008991999551653862
v 0.27069899439811707 -0.02618899941444397 0.008991999551653862
v 0.2707659900188446 -0.025937000289559364 0.008991999551653862
v 0.27087700366973877 -0.025699999183416367 0.008991999551653862
v 0.27102699875831604 -0.025484999641776085 0.008991999551653862
v 0.27120101451873779 -0.025311000645160675 0.008991999551653862
v 0.26860201358795166 -0.27051499485969543 0.008991999551653862
v 0.26861599087715149 -0.2623710036277771 0.008991999551653862
v 0.24788899719715118 -0.2611599862575531 0.008991999551653862
v 0.27120101451873779 -0.2611599862575531 0.008991999551653862
v 0.27575001120567322 -0.26238399744033813 0.008991999551653862
v 0.275736004114151 -0.27052798867225647 0.008991999551653862
v 0.28425100445747375 -0.27173900604248047 0.008991999551653862
v 0.27435100078582764 -0.27173900604248047 0.008991999551653862
v 0.35091099143028259 -0.27173900604248047 0.008991999551653862
v 0.35042598843574524 -0.2720789909362793 0.008991999551653862
v 0.35177901387214661 -0.30375000834465027 0.008991999551653862
v 0.34939900040626526 -0.27255800366401672 0.008991999551653862
v 0.34830400347709656 -0.27285099029541016 0.008991999551653862
v 0.34717598557472229 -0.27294999361038208 0.008991999551653862
v 0.34257298707962036 -0.30375000834465027 0.008991999551653862
v 0.34604701399803162 -0.27285099029541016 0.008991999551653862
v 0.34495300054550171 -0.27255800366401672 0.008991999551653862
v 0.35280498862266541 -0.26320001482963562 0.008991999551653862
v 0.35328400135040283 -0.26422598958015442 0.008991999551653862
v 0.35717600584030151 -0.2611599862575531 0.008991999551653862
v 0.35357698798179626 -0.26532098650932312 0.008991999551653862
v 0.35367599129676819 -0.26644998788833618 0.008991999551653862
v 0.35717600584030151 -0.27173900604248047 0.008991999551653862
v 0.35357698798179626 -0.26757800579071045 0.008991999551653862
v 0.35328400135040283 -0.26867300271987915 0.008991999551653862
v 0.35280498862266541 -0.26969999074935913 0.008991999551653862
v 0.35215499997138977 -0.27062800526618958 0.008991999551653862
v 0.35177901387214661 -0.27173900604248047 0.008991999551653862
v 0.35177901387214661 -0.27100399136543274 0.008991999551653862
v 0.35135400295257568 -0.27142900228500366 0.008991999551653862
v 0.35135400295257568 -0.26146999001502991 0.008991999551653862
v 0.35177901387214661 -0.26189500093460083 0.008991999551653862
v 0.35215499997138977 -0.26227098703384399 0.008991999551653862
v 0.34392601251602173 -0.26082000136375427 0.008991999551653862
v 0.34495300054550171 -0.26034200191497803 0.008991999551653862
v 0.34257298707962036 -0.25914999842643738 0.008991999551653862
v 0.34343999624252319 -0.2611599862575531 0.008991999551653862
v 0.34604701399803162 -0.26004800200462341 0.008991999551653862
v 0.34717598557472229 -0.25995001196861267 0.008991999551653862
v 0.35177901387214661 -0.25914999842643738 0.008991999551653862
v 0.34830400347709656 -0.26004800200462341 0.008991999551653862
v 0.34939900040626526 -0.26034200191497803 0.008991999551653862
v 0.3407750129699707 -0.26532098650932312 0.008991999551653862
v 0.34106799960136414 -0.26422598958015442 0.008991999551653862
v 0.33717599511146545 -0.2611599862575531 0.008991999551653862
v 0.34067600965499878 -0.26644998788833618 0.008991999551653862
v 0.34154701232910156 -0.26969999074935913 0.008991999551653862
v 0.34106799960136414 -0.26867300271987915 0.008991999551653862
v 0.33717599511146545 -0.27173900604248047 0.008991999551653862
v 0.3407750129699707 -0.26757800579071045 0.008991999551653862
v 0.34154701232910156 -0.26320001482963562 0.008991999551653862
v 0.34219598770141602 -0.26227098703384399 0.008991999551653862
v 0.34257298707962036 -0.2611599862575531 0.008991999551653862
v 0.34257298707962036 -0.26189500093460083 0.008991999551653862
v 0.34299799799919128 -0.26146999001502991 0.008991999551653862
v 0.34299799799919128 -0.27142900228500366 0.008991999551653862
v 0.34257298707962036 -0.27100399136543274 0.008991999551653862
v 0.34219598770141602 -0.27062800526618958 0.008991999551653862
v 0.12829799950122833 -0.27173900604248047 0.008991999551653862
v 0.12738199532032013 -0.27265501022338867 0.008991999551653862
v 0.12927600741386414 -0.30375000834465027 0.008991999551653862
v 0.12622599303722382 -0.27346399426460266 0.008991999551653862
v 0.1249459981918335 -0.27406099438667297 0.008991999551653862
v 0.12358199805021286 -0.27442699670791626 0.008991999551653862
v 0.12217599898576736 -0.27454999089241028 0.008991999551653862
v 0.11507599800825119 -0.30375000834465027 0.008991999551653862
v 0.12076900154352188 -0.27442699670791626 0.008991999551653862
v 0.11940500140190125 -0.27406099438667297 0.008991999551653862
v 0.12919099628925323 -0.27050000429153442 0.008991999551653862
v 0.12838099896907806 -0.27165600657463074 0.008991999551653862
v 0.12927600741386414 -0.27173900604248047 0.008991999551653862
v 0.12927600741386414 -0.26258200407028198 0.008991999551653862
v 0.14872600138187408 -0.2611599862575531 0.008991999551653862
v 0.12978699803352356 -0.26367899775505066 0.008991999551653862
v 0.13015300035476685 -0.2650429904460907 0.008991999551653862
v 0.13027599453926086 -0.26644998788833618 0.008991999551653862
v 0.13015300035476685 -0.26785600185394287 0.008991999551653862
v 0.14872600138187408 -0.27173900604248047 0.008991999551653862
v 0.12978699803352356 -0.26921999454498291 0.008991999551653862
v 0.12927600741386414 -0.27031698822975159 0.008991999551653862
v 0.12838099896907806 -0.26124298572540283 0.008991999551653862
v 0.12919099628925323 -0.26240000128746033 0.008991999551653862
v 0.1249459981918335 -0.2588379979133606 0.008991999551653862
v 0.12561400234699249 -0.25914999842643738 0.008991999551653862
v 0.12927600741386414 -0.25914999842643738 0.008991999551653862
v 0.12622599303722382 -0.25943499803543091 0.008991999551653862
v 0.11507599800825119 -0.20877499878406525 0.008991999551653862
v 0.12076900154352188 -0.25847300887107849 0.008991999551653862
v 0.12927600741386414 -0.20877499878406525 0.008991999551653862
v 0.12217599898576736 -0.25835001468658447 0.008991999551653862
v 0.12358199805021286 -0.25847300887107849 0.008991999551653862
v 0.11605300009250641 -0.2611599862575531 0.008991999551653862
v 0.11507599800825119 -0.25914999842643738 0.008991999551653862
v 0.11696899682283401 -0.26024499535560608 0.008991999551653862
v 0.11812599748373032 -0.25943499803543091 0.008991999551653862
v 0.11873699724674225 -0.25914999842643738 0.008991999551653862
v 0.11940500140190125 -0.2588379979133606 0.008991999551653862
v 0.11516100168228149 -0.26240000128746033 0.008991999551653862
v 0.11597099900245667 -0.26124298572540283 0.008991999551653862
v 0.051075998693704605 -0.2611599862575531 0.008991999551653862
v 0.11419899761676788 -0.2650429904460907 0.008991999551653862
v 0.11456400156021118 -0.26921999454498291 0.008991999551653862
v 0.051075998693704605 -0.27173900604248047 0.008991999551653862
v 0.11419899761676788 -0.26785600185394287 0.008991999551653862
v 0.11407600343227386 -0.26644998788833618 0.008991999551653862
v 0.11597099900245667 -0.27165600657463074 0.008991999551653862
v 0.11812599748373032 -0.27346399426460266 0.008991999551653862
v 0.11696899682283401 -0.27265501022338867 0.008991999551653862
v 0.11605300009250641 -0.27173900604248047 0.008991999551653862
v 0.2032649964094162 -0.037381000816822052 0.008991999551653862
v 0.2032649964094162 -0.045517999678850174 0.008991999551653862
v 0.21892599761486053 -0.048562999814748764 0.008991999551653862
v 0.19310399889945984 -0.048562999814748764 0.008991999551653862
v 0.19310399889945984 -0.045517999678850174 0.008991999551653862
v 0.18738099932670593 -0.048562999814748764 0.008991999551653862
v 0.19108699262142181 -0.045517999678850174 0.008991999551653862
v 0.19108699262142181 -0.037381000816822052 0.008991999551653862
v 0.18738099932670593 -0.036150000989437103 0.008991999551653862
v 0.19310399889945984 -0.036150000989437103 0.008991999551653862
v 0.051075998693704605 -0.35672500729560852 0.008991999551653862
v 0.051075998693704605 -0.34897398948669434 0.008991999551653862
v 0.050083000212907791 -0.34943699836730957 0.008991999551653862
v 0.045699998736381531 -0.34981998801231384 0.008991999551653862
v 0.043276000767946243 -0.35672500729560852 0.008991999551653862
v 0.047175999730825424 -0.34994998574256897 0.008991999551653862
v 0.048652000725269318 -0.34981998801231384 0.008991999551653862
v 0.054536998271942139 -0.33719998598098755 0.008991999551653862
v 0.055162999778985977 -0.33854201436042786 0.008991999551653862
v 0.055546998977661133 -0.33997398614883423 0.008991999551653862
v 0.055675998330116272 -0.34145000576972961 0.008991999551653862
v 0.055546998977661133 -0.34292599558830261 0.008991999551653862
v 0.11507599800825119 -0.35672500729560852 0.008991999551653862
v 0.055162999778985977 -0.34435701370239258 0.008991999551653862
v 0.054536998271942139 -0.34569999575614929 0.008991999551653862
v 0.053686998784542084 -0.34691300988197327 0.008991999551653862
v 0.052639000117778778 -0.34796100854873657 0.008991999551653862
v 0.051426000893115997 -0.34881100058555603 0.008991999551653862
v 0.047175999730825424 -0.33294999599456787 0.008991999551653862
v 0.048652000725269318 -0.3330790102481842 0.008991999551653862
v 0.051075998693704605 -0.30375000834465027 0.008991999551653862
v 0.043276000767946243 -0.33392500877380371 0.008991999551653862
v 0.044268999248743057 -0.33346199989318848 0.008991999551653862
v 0.043276000767946243 -0.30375000834465027 0.008991999551653862
v 0.045699998736381531 -0.3330790102481842 0.008991999551653862
v 0.050083000212907791 -0.33346199989318848 0.008991999551653862
v 0.051075998693704605 -0.33392500877380371 0.008991999551653862
v 0.051426000893115997 -0.33408799767494202 0.008991999551653862
v 0.041712000966072083 -0.33493798971176147 0.008991999551653862
v 0.042925998568534851 -0.33408799767494202 0.008991999551653862
v 0.029588000848889351 -0.30375000834465027 0.008991999551653862
v 0.029588000848889351 -0.3364500105381012 0.008991999551653862
v 0.04033999890089035 -0.3364500105381012 0.008991999551653862
v 0.040663998574018478 -0.33598598837852478 0.008991999551653862
v 0.044268999248743057 -0.34943699836730957 0.008991999551653862
v 0.043276000767946243 -0.34897398948669434 0.008991999551653862
v 0.029588000848889351 -0.35672500729560852 0.008991999551653862
v 0.038676001131534576 -0.34145000576972961 0.008991999551653862
v 0.038805000483989716 -0.33997398614883423 0.008991999551653862
v 0.042925998568534851 -0.34881100058555603 0.008991999551653862
v 0.041712000966072083 -0.34796100854873657 0.008991999551653862
v 0.040663998574018478 -0.34691300988197327 0.008991999551653862
v 0.03981500118970871 -0.34569999575614929 0.008991999551653862
v 0.039188001304864883 -0.34435701370239258 0.008991999551653862
v 0.038805000483989716 -0.34292599558830261 0.008991999551653862
v 0.039188001304864883 -0.33854201436042786 0.008991999551653862
v 0.03981500118970871 -0.33719998598098755 0.008991999551653862
v 0.051072999835014343 -0.043699998408555984 0.008991999551653862
v 0.050622999668121338 -0.044342000037431717 0.008991999551653862
v 0.051075998693704605 -0.048562999814748764 0.008991999551653862
v 0.050067998468875885 -0.04489700123667717 0.008991999551653862
v 0.049426000565290451 -0.045347001403570175 0.008991999551653862
v 0.048714999109506607 -0.045678000897169113 0.008991999551653862
v 0.047956999391317368 -0.0458809994161129 0.008991999551653862
v 0.047175999730825424 -0.045949999243021011 0.008991999551653862
v 0.043276000767946243 -0.048562999814748764 0.008991999551653862
v 0.046394001692533493 -0.0458809994161129 0.008991999551653862
v 0.045637000352144241 -0.045678000897169113 0.008991999551653862
v 0.044925998896360397 -0.045347001403570175 0.008991999551653862
v 0.044282998889684677 -0.04489700123667717 0.008991999551653862
v 0.04372899979352951 -0.044342000037431717 0.008991999551653862
v 0.043278999626636505 -0.043699998408555984 0.008991999551653862
v 0.043276000767946243 -0.043692998588085175 0.008991999551653862
v 0.051075998693704605 -0.036150000989437103 0.008991999551653862
v 0.051075998693704605 -0.039205998182296753 0.008991999551653862
v 0.11507599800825119 -0.036150000989437103 0.008991999551653862
v 0.051403999328613281 -0.039910998195409775 0.008991999551653862
v 0.11507599800825119 -0.048562999814748764 0.008991999551653862
v 0.051403999328613281 -0.042989000678062439 0.008991999551653862
v 0.051075998693704605 -0.043692998588085175 0.008991999551653862
v 0.051607001572847366 -0.040667999535799026 0.008991999551653862
v 0.051676001399755478 -0.041450001299381256 0.008991999551653862
v 0.051607001572847366 -0.042231000959873199 0.008991999551653862
v 0.043278999626636505 -0.039200000464916229 0.008991999551653862
v 0.04372899979352951 -0.038557000458240509 0.008991999551653862
v 0.043276000767946243 -0.036150000989437103 0.008991999551653862
v 0.044282998889684677 -0.038001999258995056 0.008991999551653862
v 0.044925998896360397 -0.037551999092102051 0.008991999551653862
v 0.045637000352144241 -0.037220999598503113 0.008991999551653862
v 0.047956999391317368 -0.037018001079559326 0.008991999551653862
v 0.047175999730825424 -0.036949999630451202 0.008991999551653862
v 0.046394001692533493 -0.037018001079559326 0.008991999551653862
v 0.048714999109506607 -0.037220999598503113 0.008991999551653862
v 0.049426000565290451 -0.037551999092102051 0.008991999551653862
v 0.050067998468875885 -0.038001999258995056 0.008991999551653862
v 0.050622999668121338 -0.038557000458240509 0.008991999551653862
v 0.051072999835014343 -0.039200000464916229 0.008991999551653862
v 0.042676001787185669 -0.041450001299381256 0.008991999551653862
v 0.029588000848889351 -0.036150000989437103 0.008991999551653862
v 0.042743999511003494 -0.042231000959873199 0.008991999551653862
v 0.029588000848889351 -0.048562999814748764 0.008991999551653862
v 0.042947001755237579 -0.042989000678062439 0.008991999551653862
v 0.042743999511003494 -0.040667999535799026 0.008991999551653862
v 0.042947001755237579 -0.039910998195409775 0.008991999551653862
v 0.043276000767946243 -0.039205998182296753 0.008991999551653862
v 0.34212100505828857 -0.03433699905872345 0.008991999551653862
v 0.34212398529052734 -0.033323001116514206 0.008991999551653862
v 0.33717599511146545 -0.022724999114871025 0.008991999551653862
v 0.34257298707962036 -0.022724999114871025 0.008991999551653862
v 0.35222700238227844 -0.04957599937915802 0.008991999551653862
v 0.35177901387214661 -0.049573998898267746 0.008991999551653862
v 0.35177901387214661 -0.079700000584125519 0.008991999551653862
v 0.34257298707962036 -0.049543000757694244 0.008991999551653862
v 0.34257298707962036 -0.079700000584125519 0.008991999551653862
v 0.33717599511146545 -0.079700000584125519 0.008991999551653862
v 0.35717600584030151 -0.079700000584125519 0.008991999551653862
v 0.35717600584030151 -0.048562999814748764 0.008991999551653862
v 0.35223099589347839 -0.048562999814748764 0.008991999551653862
v 0.35717600584030151 -0.036150000989437103 0.008991999551653862
v 0.35227200388908386 -0.036150000989437103 0.008991999551653862
v 0.35717600584030151 -0.03433699905872345 0.008991999551653862
v 0.35227799415588379 -0.03433699905872345 0.008991999551653862
v 0.35177901387214661 -0.033355999737977982 0.008991999551653862
v 0.35228198766708374 -0.033358000218868256 0.008991999551653862
v 0.35717600584030151 -0.022724999114871025 0.008991999551653862
v 0.34257298707962036 -0.03332500159740448 0.008991999551653862
v 0.35177901387214661 -0.022724999114871025 0.008991999551653862
v 0.12827600538730621 -0.041450001299381256 0.008991999551653862
v 0.12818300724029541 -0.04250900074839592 0.008991999551653862
v 0.12927600741386414 -0.048562999814748764 0.008991999551653862
v 0.12522600591182709 -0.036166999489068985 0.008991999551653862
v 0.12609699368476868 -0.03677700087428093 0.008991999551653862
v 0.12684899568557739 -0.037528999149799347 0.008991999551653862
v 0.12745900452136993 -0.03840000182390213 0.008991999551653862
v 0.12790800631046295 -0.03936300054192543 0.008991999551653862
v 0.12818300724029541 -0.040389999747276306 0.008991999551653862
v 0.12008900195360184 -0.047182001173496246 0.008991999551653862
v 0.11912599951028824 -0.046732001006603241 0.008991999551653862
v 0.11825499683618546 -0.046121999621391296 0.008991999551653862
v 0.11750300228595734 -0.045370999723672867 0.008991999551653862
v 0.11689300090074539 -0.044500000774860382 0.008991999551653862
v 0.11644399911165237 -0.043535999953746796 0.008991999551653862
v 0.12790800631046295 -0.043535999953746796 0.008991999551653862
v 0.12745900452136993 -0.044500000774860382 0.008991999551653862
v 0.12684899568557739 -0.045370999723672867 0.008991999551653862
v 0.12609699368476868 -0.046121999621391296 0.008991999551653862
v 0.12522600591182709 -0.046732001006603241 0.008991999551653862
v 0.1242619976401329 -0.047182001173496246 0.008991999551653862
v 0.11644399911165237 -0.03936300054192543 0.008991999551653862
v 0.11689300090074539 -0.03840000182390213 0.008991999551653862
v 0.11616799980401993 -0.04250900074839592 0.008991999551653862
v 0.11607600003480911 -0.041450001299381256 0.008991999551653862
v 0.11616799980401993 -0.040389999747276306 0.008991999551653862
v 0.11750300228595734 -0.037528999149799347 0.008991999551653862
v 0.11825499683618546 -0.03677700087428093 0.008991999551653862
v 0.11912599951028824 -0.036166999489068985 0.008991999551653862
v 0.12323500216007233 -0.047456998378038406 0.008991999551653862
v 0.12217599898576736 -0.047550000250339508 0.008991999551653862
v 0.121117003262043 -0.047456998378038406 0.008991999551653862
v 0.11916299909353256 -0.036150000989437103 0.008991999551653862
v 0.12008900195360184 -0.03571699932217598 0.008991999551653862
v 0.11507599800825119 -0.03433699905872345 0.008991999551653862
v 0.12323500216007233 -0.035441998392343521 0.008991999551653862
v 0.12927600741386414 -0.03433699905872345 0.008991999551653862
v 0.12217599898576736 -0.035349998623132706 0.008991999551653862
v 0.121117003262043 -0.035441998392343521 0.008991999551653862
v 0.27121201157569885 -0.0553009994328022 0.008991999551653862
v 0.2714259922504425 -0.055151000618934631 0.008991999551653862
v 0.27120101451873779 -0.048562999814748764 0.008991999551653862
v 0.27166301012039185 -0.055039998143911362 0.008991999551653862
v 0.27191498875617981 -0.054972000420093536 0.008991999551653862
v 0.27217599749565125 -0.05494999885559082 0.008991999551653862
v 0.27435100078582764 -0.048562999814748764 0.008991999551653862
v 0.2724359929561615 -0.054972000420093536 0.008991999551653862
v 0.27268901467323303 -0.055039998143911362 0.008991999551653862
v 0.27217599749565125 -0.057950001209974289 0.008991999551653862
v 0.27120101451873779 -0.079700000584125519 0.008991999551653862
v 0.2724359929561615 -0.057927001267671585 0.008991999551653862
v 0.27435100078582764 -0.079700000584125519 0.008991999551653862
v 0.27268901467323303 -0.057858999818563461 0.008991999551653862
v 0.27191498875617981 -0.057927001267671585 0.008991999551653862
v 0.27166301012039185 -0.057858999818563461 0.008991999551653862
v 0.2714259922504425 -0.057748999446630478 0.008991999551653862
v 0.27292600274085999 -0.055151000618934631 0.008991999551653862
v 0.27314001321792603 -0.0553009994328022 0.008991999551653862
v 0.27332499623298645 -0.055484998971223831 0.008991999551653862
v 0.27347499132156372 -0.057199999690055847 0.008991999551653862
v 0.27332499623298645 -0.057413998991250992 0.008991999551653862
v 0.27347499132156372 -0.055700000375509262 0.008991999551653862
v 0.2735849916934967 -0.055936999619007111 0.008991999551653862
v 0.27365300059318542 -0.056189000606536865 0.008991999551653862
v 0.27367600798606873 -0.056449998170137405 0.008991999551653862
v 0.27365300059318542 -0.056710001081228256 0.008991999551653862
v 0.2735849916934967 -0.056963000446557999 0.008991999551653862
v 0.27314001321792603 -0.057599000632762909 0.008991999551653862
v 0.27292600274085999 -0.057748999446630478 0.008991999551653862
v 0.27069899439811707 -0.056189000606536865 0.008991999551653862
v 0.2707659900188446 -0.055936999619007111 0.008991999551653862
v 0.24788899719715118 -0.048562999814748764 0.008991999551653862
v 0.27121201157569885 -0.057599000632762909 0.008991999551653862
v 0.27120101451873779 -0.057587999850511551 0.008991999551653862
v 0.24788899719715118 -0.079700000584125519 0.008991999551653862
v 0.27102699875831604 -0.057413998991250992 0.008991999551653862
v 0.27087700366973877 -0.057199999690055847 0.008991999551653862
v 0.27087700366973877 -0.055700000375509262 0.008991999551653862
v 0.27102699875831604 -0.055484998971223831 0.008991999551653862
v 0.27120101451873779 -0.055311001837253571 0.008991999551653862
v 0.2707659900188446 -0.056963000446557999 0.008991999551653862
v 0.27069899439811707 -0.056710001081228256 0.008991999551653862
v 0.27067598700523376 -0.056449998170137405 0.008991999551653862
v 0.27281099557876587 -0.1867000013589859 0.008991999551653862
v 0.27255100011825562 -0.18657900393009186 0.008991999551653862
v 0.27120101451873779 -0.18754999339580536 0.008991999551653862
v 0.27393999695777893 -0.1867000013589859 0.008991999551653862
v 0.27435100078582764 -0.18754999339580536 0.008991999551653862
v 0.27420100569725037 -0.18657900393009186 0.008991999551653862
v 0.27435100078582764 -0.18647399544715881 0.008991999551653862
v 0.27231499552726746 -0.18641400337219238 0.008991999551653862
v 0.27211201190948486 -0.18621000647544861 0.008991999551653862
v 0.27194699645042419 -0.18597500026226044 0.008991999551653862
v 0.27182498574256897 -0.1857140064239502 0.008991999551653862
v 0.27175098657608032 -0.18543599545955658 0.008991999551653862
v 0.27172601222991943 -0.18514999747276306 0.008991999551653862
v 0.27175098657608032 -0.18486300110816956 0.008991999551653862
v 0.27182498574256897 -0.18458500504493713 0.008991999551653862
v 0.27120101451873779 -0.13480000197887421 0.008991999551653862
v 0.27194699645042419 -0.18432499468326569 0.008991999551653862
v 0.27211201190948486 -0.18408900499343872 0.008991999551653862
v 0.27231499552726746 -0.18388600647449493 0.008991999551653862
v 0.27435100078582764 -0.13480000197887421 0.008991999551653862
v 0.27366200089454651 -0.18677499890327454 0.008991999551653862
v 0.2733759880065918 -0.18680000305175781 0.008991999551653862
v 0.27308899164199829 -0.18677499890327454 0.008991999551653862
v 0.27255100011825562 -0.18372100591659546 0.008991999551653862
v 0.27281099557876587 -0.18359899520874023 0.008991999551653862
v 0.27308899164199829 -0.18352499604225159 0.008991999551653862
v 0.2733759880065918 -0.1835000067949295 0.008991999551653862
v 0.27366200089454651 -0.18352499604225159 0.008991999551653862
v 0.27393999695777893 -0.18359899520874023 0.008991999551653862
v 0.27480500936508179 -0.18432499468326569 0.008991999551653862
v 0.27492600679397583 -0.18458500504493713 0.008991999551653862
v 0.28425100445747375 -0.18754999339580536 0.008991999551653862
v 0.27420100569725037 -0.18372100591659546 0.008991999551653862
v 0.27435100078582764 -0.18382599949836731 0.008991999551653862
v 0.28425100445747375 -0.13480000197887421 0.008991999551653862
v 0.27443599700927734 -0.18388600647449493 0.008991999551653862
v 0.27463999390602112 -0.18408900499343872 0.008991999551653862
v 0.27500098943710327 -0.18486300110816956 0.008991999551653862
v 0.27502599358558655 -0.18514999747276306 0.008991999551653862
v 0.27500098943710327 -0.18543599545955658 0.008991999551653862
v 0.27443599700927734 -0.18641400337219238 0.008991999551653862
v 0.27743199467658997 -0.18754999339580536 0.008991999551653862
v 0.27463999390602112 -0.18621000647544861 0.008991999551653862
v 0.27480500936508179 -0.18597500026226044 0.008991999551653862
v 0.28121501207351685 -0.18722100555896759 0.008991999551653862
v 0.28045699000358582 -0.1870180070400238 0.008991999551653862
v 0.27967599034309387 -0.18694999814033508 0.008991999551653862
v 0.27813699841499329 -0.1956779956817627 0.008991999551653862
v 0.27742600440979004 -0.19534699618816376 0.008991999551653862
v 0.28311601281166077 -0.19435000419616699 0.008991999551653862
v 0.28256800770759583 -0.19489699602127075 0.008991999551653862
v 0.28192600607872009 -0.19534699618816376 0.008991999551653862
v 0.28121501207351685 -0.1956779956817627 0.008991999551653862
v 0.28045699000358582 -0.19588099420070648 0.008991999551653862
v 0.27967599034309387 -0.19595000147819519 0.008991999551653862
v 0.27889400720596313 -0.19588099420070648 0.008991999551653862
v 0.28417599201202393 -0.19144999980926514 0.008991999551653862
v 0.28410699963569641 -0.19223099946975708 0.008991999551653862
v 0.28425100445747375 -0.19435000419616699 0.008991999551653862
v 0.28390398621559143 -0.19298900663852692 0.008991999551653862
v 0.28357300162315369 -0.19370000064373016 0.008991999551653862
v 0.28312298655509949 -0.1943420022726059 0.008991999551653862
v 0.28425100445747375 -0.18854999542236328 0.008991999551653862
v 0.28311601281166077 -0.18854999542236328 0.008991999551653862
v 0.28312298655509949 -0.18855699896812439 0.008991999551653862
v 0.28357300162315369 -0.18919999897480011 0.008991999551653862
v 0.28390398621559143 -0.18991099298000336 0.008991999551653862
v 0.28410699963569641 -0.19066800177097321 0.008991999551653862
v 0.28191998600959778 -0.18754999339580536 0.008991999551653862
v 0.28192600607872009 -0.18755200505256653 0.008991999551653862
v 0.28256800770759583 -0.18800200521945953 0.008991999551653862
v 0.27623599767684937 -0.18854999542236328 0.008991999551653862
v 0.27678298950195312 -0.18800200521945953 0.008991999551653862
v 0.27742600440979004 -0.18755200505256653 0.008991999551653862
v 0.27678298950195312 -0.19489699602127075 0.008991999551653862
v 0.27623599767684937 -0.19435000419616699 0.008991999551653862
v 0.27435100078582764 -0.19435000419616699 0.008991999551653862
v 0.27622899413108826 -0.1943420022726059 0.008991999551653862
v 0.27577900886535645 -0.18919999897480011 0.008991999551653862
v 0.27622899413108826 -0.18855699896812439 0.008991999551653862
v 0.27435100078582764 -0.18854999542236328 0.008991999551653862
v 0.27577900886535645 -0.19370000064373016 0.008991999551653862
v 0.27544701099395752 -0.19298900663852692 0.008991999551653862
v 0.27524399757385254 -0.19223099946975708 0.008991999551653862
v 0.27517598867416382 -0.19144999980926514 0.008991999551653862
v 0.27524399757385254 -0.19066800177097321 0.008991999551653862
v 0.27544701099395752 -0.18991099298000336 0.008991999551653862
v 0.048735000193119049 -0.19435000419616699 0.008991999551653862
v 0.048303999006748199 -0.1945510059595108 0.008991999551653862
v 0.051075998693704605 -0.19602499902248383 0.008991999551653862
v 0.047749001532793045 -0.1946990042924881 0.008991999551653862
v 0.047175999730825424 -0.19474999606609344 0.008991999551653862
v 0.043276000767946243 -0.19602499902248383 0.008991999551653862
v 0.048826001584529877 -0.18859200179576874 0.008991999551653862
v 0.049297001212835312 -0.18892200291156769 0.008991999551653862
v 0.049704000353813171 -0.18932799994945526 0.008991999551653862
v 0.050475999712944031 -0.19144999980926514 0.008991999551653862
v 0.050425998866558075 -0.19202299416065216 0.008991999551653862
v 0.051075998693704605 -0.19435000419616699 0.008991999551653862
v 0.050276998430490494 -0.19257800281047821 0.008991999551653862
v 0.050034001469612122 -0.19310000538825989 0.008991999551653862
v 0.049704000353813171 -0.19357100129127502 0.008991999551653862
v 0.049297001212835312 -0.19397799670696259 0.008991999551653862
v 0.048826001584529877 -0.19430699944496155 0.008991999551653862
v 0.050034001469612122 -0.18979999423027039 0.008991999551653862
v 0.050276998430490494 -0.19032099843025208 0.008991999551653862
v 0.050425998866558075 -0.19087700545787811 0.008991999551653862
v 0.047749001532793045 -0.18819999694824219 0.008991999551653862
v 0.051075998693704605 -0.18754999339580536 0.008991999551653862
v 0.047175999730825424 -0.18815000355243683 0.008991999551653862
v 0.043276000767946243 -0.18754999339580536 0.008991999551653862
v 0.046603001654148102 -0.18819999694824219 0.008991999551653862
v 0.04552600160241127 -0.19430699944496155 0.008991999551653862
v 0.045054998248815536 -0.19397799670696259 0.008991999551653862
v 0.043276000767946243 -0.19435000419616699 0.008991999551653862
v 0.044075001031160355 -0.19032099843025208 0.008991999551653862
v 0.044318001717329025 -0.18979999423027039 0.008991999551653862
v 0.043276000767946243 -0.18854999542236328 0.008991999551653862
v 0.044647999107837677 -0.18932799994945526 0.008991999551653862
v 0.045054998248815536 -0.18892200291156769 0.008991999551653862
v 0.04552600160241127 -0.18859200179576874 0.008991999551653862
v 0.045616000890731812 -0.18854999542236328 0.008991999551653862
v 0.046046998351812363 -0.18834899365901947 0.008991999551653862
v 0.046603001654148102 -0.1946990042924881 0.008991999551653862
v 0.046046998351812363 -0.1945510059595108 0.008991999551653862
v 0.045616000890731812 -0.19435000419616699 0.008991999551653862
v 0.044647999107837677 -0.19357100129127502 0.008991999551653862
v 0.044318001717329025 -0.19310000538825989 0.008991999551653862
v 0.044075001031160355 -0.19257800281047821 0.008991999551653862
v 0.043926000595092773 -0.19202299416065216 0.008991999551653862
v 0.043875999748706818 -0.19144999980926514 0.008991999551653862
v 0.043926000595092773 -0.19087700545787811 0.008991999551653862
v 0.37028899788856506 -0.3681969940662384 0.008991999551653862
v 0.37003099918365479 -0.36875000596046448 0.008991999551653862
v 0.38400000333786011 -0.38400000333786011 0.008991999551653862
v 0.36968100070953369 -0.36474999785423279 0.008991999551653862
v 0.37003099918365479 -0.36524999141693115 0.008991999551653862
v 0.38400000333786011 -0.35672500729560852 0.008991999551653862
v 0.37028899788856506 -0.36580300331115723 0.008991999551653862
v 0.36968100070953369 -0.36924999952316284 0.008991999551653862
v 0.36924999952316284 -0.36968100070953369 0.008991999551653862
v 0.36875000596046448 -0.37003099918365479 0.008991999551653862
v 0.3681969940662384 -0.37028899788856506 0.008991999551653862
v 0.36760801076889038 -0.37044700980186462 0.008991999551653862
v 0.35717600584030151 -0.38400000333786011 0.008991999551653862
v 0.36700001358985901 -0.37049999833106995 0.008991999551653862
v 0.36639198660850525 -0.37044700980186462 0.008991999551653862
v 0.36580300331115723 -0.37028899788856506 0.008991999551653862
v 0.36524999141693115 -0.37003099918365479 0.008991999551653862
v 0.36474999785423279 -0.36968100070953369 0.008991999551653862
v 0.37044700980186462 -0.36639198660850525 0.008991999551653862
v 0.37049999833106995 -0.36700001358985901 0.008991999551653862
v 0.37044700980186462 -0.36760801076889038 0.008991999551653862
v 0.36431899666786194 -0.36924999952316284 0.008991999551653862
v 0.36396899819374084 -0.36875000596046448 0.008991999551653862
v 0.36371099948883057 -0.3681969940662384 0.008991999551653862
v 0.36355298757553101 -0.36760801076889038 0.008991999551653862
v 0.36349999904632568 -0.36700001358985901 0.008991999551653862
v 0.36355298757553101 -0.36639198660850525 0.008991999551653862
v 0.36371099948883057 -0.36580300331115723 0.008991999551653862
v 0.36639198660850525 -0.36355298757553101 0.008991999551653862
v 0.36700001358985901 -0.36349999904632568 0.008991999551653862
v 0.36396899819374084 -0.36524999141693115 0.008991999551653862
v 0.36431899666786194 -0.36474999785423279 0.008991999551653862
v 0.36474999785423279 -0.36431899666786194 0.008991999551653862
v 0.36760801076889038 -0.36355298757553101 0.008991999551653862
v 0.3681969940662384 -0.36371099948883057 0.008991999551653862
v 0.36524999141693115 -0.36396899819374084 0.008991999551653862
v 0.36580300331115723 -0.36371099948883057 0.008991999551653862
v 0.36875000596046448 -0.36396899819374084 0.008991999551653862
v 0.36924999952316284 -0.36431899666786194 0.008991999551653862
v 0.3619149923324585 -0.34292700886726379 0.008991999551653862
v 0.36166301369667053 -0.34285899996757507 0.008991999551653862
v 0.36142599582672119 -0.34274899959564209 0.008991999551653862
v 0.36076599359512329 -0.34196299314498901 0.008991999551653862
v 0.36069899797439575 -0.34171000123023987 0.008991999551653862
v 0.35717600584030151 -0.3364500105381012 0.008991999551653862
v 0.36067599058151245 -0.34145000576972961 0.008991999551653862
v 0.36069899797439575 -0.34118899703025818 0.008991999551653862
v 0.36166301369667053 -0.34003999829292297 0.008991999551653862
v 0.3619149923324585 -0.33997198939323425 0.008991999551653862
v 0.36217600107192993 -0.33994999527931213 0.008991999551653862
v 0.36243599653244019 -0.33997198939323425 0.008991999551653862
v 0.38400000333786011 -0.3364500105381012 0.008991999551653862
v 0.36358499526977539 -0.34093698859214783 0.008991999551653862
v 0.36365300416946411 -0.34118899703025818 0.008991999551653862
v 0.36367601156234741 -0.34145000576972961 0.008991999551653862
v 0.36365300416946411 -0.34171000123023987 0.008991999551653862
v 0.36121198534965515 -0.34259900450706482 0.008991999551653862
v 0.36102700233459473 -0.34241399168968201 0.008991999551653862
v 0.36087700724601746 -0.34220001101493835 0.008991999551653862
v 0.36076599359512329 -0.34093698859214783 0.008991999551653862
v 0.36087700724601746 -0.34070000052452087 0.008991999551653862
v 0.36102700233459473 -0.34048500657081604 0.008991999551653862
v 0.36268898844718933 -0.34285899996757507 0.008991999551653862
v 0.36121198534965515 -0.34030100703239441 0.008991999551653862
v 0.36142599582672119 -0.34015101194381714 0.008991999551653862
v 0.36268898844718933 -0.34003999829292297 0.008991999551653862
v 0.36292600631713867 -0.34015101194381714 0.008991999551653862
v 0.36313998699188232 -0.34030100703239441 0.008991999551653862
v 0.36358499526977539 -0.34196299314498901 0.008991999551653862
v 0.36347499489784241 -0.34220001101493835 0.008991999551653862
v 0.36332499980926514 -0.34241399168968201 0.008991999551653862
v 0.36332499980926514 -0.34048500657081604 0.008991999551653862
v 0.36347499489784241 -0.34070000052452087 0.008991999551653862
v 0.36313998699188232 -0.34259900450706482 0.008991999551653862
v 0.36292600631713867 -0.34274899959564209 0.008991999551653862
v 0.38400000333786011 -0.27173900604248047 0.008991999551653862
v 0.38400000333786011 -0.2611599862575531 0.008991999551653862
v 0.38400000333786011 -0.022724999114871025 0.008991999551653862
v 0.38400000333786011 -0.03433699905872345 0.008991999551653862
v 0.38400000333786011 -0.036150000989437103 0.008991999551653862
v 0.38400000333786011 -0.048562999814748764 0.008991999551653862
v 0.38400000333786011 -0.079700000584125519 0.008991999551653862
v 0.36968100070953369 -0.014750000089406967 0.008991999551653862
v 0.37003099918365479 -0.015250000171363354 0.008991999551653862
v 0.38400000333786011 -0.006750000175088644 0.008991999551653862
v 0.36700001358985901 -0.020500000566244125 0.008991999551653862
v 0.36639198660850525 -0.020447000861167908 0.008991999551653862
v 0.36580300331115723 -0.020289000123739243 0.008991999551653862
v 0.37044700980186462 -0.017607999965548515 0.008991999551653862
v 0.37028899788856506 -0.018197000026702881 0.008991999551653862
v 0.37003099918365479 -0.01875000074505806 0.008991999551653862
v 0.36968100070953369 -0.019249999895691872 0.008991999551653862
v 0.36924999952316284 -0.019680999219417572 0.008991999551653862
v 0.36875000596046448 -0.020030999556183815 0.008991999551653862
v 0.3681969940662384 -0.020289000123739243 0.008991999551653862
v 0.36760801076889038 -0.020447000861167908 0.008991999551653862
v 0.36524999141693115 -0.020030999556183815 0.008991999551653862
v 0.36474999785423279 -0.019680999219417572 0.008991999551653862
v 0.36431899666786194 -0.019249999895691872 0.008991999551653862
v 0.37028899788856506 -0.015802999958395958 0.008991999551653862
v 0.37044700980186462 -0.016392000019550323 0.008991999551653862
v 0.37049999833106995 -0.017000000923871994 0.008991999551653862
v 0.36396899819374084 -0.01875000074505806 0.008991999551653862
v 0.36371099948883057 -0.018197000026702881 0.008991999551653862
v 0.36355298757553101 -0.017607999965548515 0.008991999551653862
v 0.36349999904632568 -0.017000000923871994 0.008991999551653862
v 0.36355298757553101 -0.016392000019550323 0.008991999551653862
v 0.35717600584030151 -0.006750000175088644 0.008991999551653862
v 0.36371099948883057 -0.015802999958395958 0.008991999551653862
v 0.36639198660850525 -0.013553000055253506 0.008991999551653862
v 0.36700001358985901 -0.013500000350177288 0.008991999551653862
v 0.36396899819374084 -0.015250000171363354 0.008991999551653862
v 0.36431899666786194 -0.014750000089406967 0.008991999551653862
v 0.36474999785423279 -0.014318999834358692 0.008991999551653862
v 0.36760801076889038 -0.013553000055253506 0.008991999551653862
v 0.3681969940662384 -0.013710999861359596 0.008991999551653862
v 0.36524999141693115 -0.013969000428915024 0.008991999551653862
v 0.36580300331115723 -0.013710999861359596 0.008991999551653862
v 0.36875000596046448 -0.013969000428915024 0.008991999551653862
v 0.36924999952316284 -0.014318999834358692 0.008991999551653862
v 0.38400000333786011 -0.30375000834465027 0.008991999551653862
v 0.35717600584030151 -0.30375000834465027 0.008991999551653862
v 0.38400000333786011 -0.25914999842643738 0.008991999551653862
v 0.35717600584030151 -0.25914999842643738 0.008991999551653862
v 0.38400000333786011 -0.19435000419616699 0.008991999551653862
v 0.38400000333786011 -0.18854999542236328 0.008991999551653862
v 0.35717600584030151 -0.19435000419616699 0.008991999551653862
v 0.35717600584030151 -0.18854999542236328 0.008991999551653862
v 0.35177901387214661 -0.19435000419616699 0.008991999551653862
v 0.35177901387214661 -0.18854999542236328 0.008991999551653862
v 0.34681099653244019 -0.19351799786090851 0.008991999551653862
v 0.34645798802375793 -0.19342300295829773 0.008991999551653862
v 0.34257298707962036 -0.19435000419616699 0.008991999551653862
v 0.3452019989490509 -0.19216799736022949 0.008991999551653862
v 0.34535700082778931 -0.19249999523162842 0.008991999551653862
v 0.34556698799133301 -0.19279900193214417 0.008991999551653862
v 0.34510800242424011 -0.19181400537490845 0.008991999551653862
v 0.34507599472999573 -0.19144999980926514 0.008991999551653862
v 0.34257298707962036 -0.18854999542236328 0.008991999551653862
v 0.34510800242424011 -0.19108499586582184 0.008991999551653862
v 0.34717598557472229 -0.19355000555515289 0.008991999551653862
v 0.3475399911403656 -0.19351799786090851 0.008991999551653862
v 0.34612599015235901 -0.19326800107955933 0.008991999551653862
v 0.34582599997520447 -0.19305799901485443 0.008991999551653862
v 0.34914898872375488 -0.19073100388050079 0.008991999551653862
v 0.34899398684501648 -0.19040000438690186 0.008991999551653862
v 0.34878399968147278 -0.19009999930858612 0.008991999551653862
v 0.3452019989490509 -0.19073100388050079 0.008991999551653862
v 0.34535700082778931 -0.19040000438690186 0.008991999551653862
v 0.34556698799133301 -0.19009999930858612 0.008991999551653862
v 0.34924399852752686 -0.19108499586582184 0.008991999551653862
v 0.34927600622177124 -0.19144999980926514 0.008991999551653862
v 0.34924399852752686 -0.19181400537490845 0.008991999551653862
v 0.34914898872375488 -0.19216799736022949 0.008991999551653862
v 0.34899398684501648 -0.19249999523162842 0.008991999551653862
v 0.34878399968147278 -0.19279900193214417 0.008991999551653862
v 0.3485260009765625 -0.19305799901485443 0.008991999551653862
v 0.34789401292800903 -0.18947599828243256 0.008991999551653862
v 0.34822601079940796 -0.18963100016117096 0.008991999551653862
v 0.3485260009765625 -0.18984100222587585 0.008991999551653862
v 0.34822601079940796 -0.19326800107955933 0.008991999551653862
v 0.34789401292800903 -0.19342300295829773 0.008991999551653862
v 0.34582599997520447 -0.18984100222587585 0.008991999551653862
v 0.34612599015235901 -0.18963100016117096 0.008991999551653862
v 0.34645798802375793 -0.18947599828243256 0.008991999551653862
v 0.34681099653244019 -0.18938200175762177 0.008991999551653862
v 0.34717598557472229 -0.18934999406337738 0.008991999551653862
v 0.3475399911403656 -0.18938200175762177 0.008991999551653862
v 0.34577301144599915 -0.1203019991517067 0.008991999551653862
v 0.34512600302696228 -0.11999999731779099 0.008991999551653862
v 0.34257298707962036 -0.12449999898672104 0.008991999551653862
v 0.34453999996185303 -0.11958999931812286 0.008991999551653862
v 0.34403499960899353 -0.11908499896526337 0.008991999551653862
v 0.34362500905990601 -0.1185000017285347 0.008991999551653862
v 0.3433229923248291 -0.11785200238227844 0.008991999551653862
v 0.34313800930976868 -0.11716199666261673 0.008991999551653862
v 0.34788799285888672 -0.11241199821233749 0.008991999551653862
v 0.34857800602912903 -0.11259700357913971 0.008991999551653862
v 0.35177901387214661 -0.10840000212192535 0.008991999551653862
v 0.34307599067687988 -0.1164499968290329 0.008991999551653862
v 0.34313800930976868 -0.11573799699544907 0.008991999551653862
v 0.34257298707962036 -0.10840000212192535 0.008991999551653862
v 0.3433229923248291 -0.11504700034856796 0.008991999551653862
v 0.34362500905990601 -0.11439999938011169 0.008991999551653862
v 0.34922599792480469 -0.11289899796247482 0.008991999551653862
v 0.34981098771095276 -0.11330900341272354 0.008991999551653862
v 0.35031700134277344 -0.11381399631500244 0.008991999551653862
v 0.34857800602912903 -0.1203019991517067 0.008991999551653862
v 0.34788799285888672 -0.12048699706792831 0.008991999551653862
v 0.35177901387214661 -0.12449999898672104 0.008991999551653862
v 0.34717598557472229 -0.1205499991774559 0.008991999551653862
v 0.34646400809288025 -0.12048699706792831 0.008991999551653862
v 0.34403499960899353 -0.11381399631500244 0.008991999551653862
v 0.34453999996185303 -0.11330900341272354 0.008991999551653862
v 0.34512600302696228 -0.11289899796247482 0.008991999551653862
v 0.35072600841522217 -0.11439999938011169 0.008991999551653862
v 0.35102799534797668 -0.11504700034856796 0.008991999551653862
v 0.3512130081653595 -0.11573799699544907 0.008991999551653862
v 0.35127601027488708 -0.1164499968290329 0.008991999551653862
v 0.3512130081653595 -0.11716199666261673 0.008991999551653862
v 0.35031700134277344 -0.11908499896526337 0.008991999551653862
v 0.34981098771095276 -0.11958999931812286 0.008991999551653862
v 0.34922599792480469 -0.11999999731779099 0.008991999551653862
v 0.34577301144599915 -0.11259700357913971 0.008991999551653862
v 0.34646400809288025 -0.11241199821233749 0.008991999551653862
v 0.34717598557472229 -0.11235000193119049 0.008991999551653862
v 0.35102799534797668 -0.11785200238227844 0.008991999551653862
v 0.35072600841522217 -0.1185000017285347 0.008991999551653862
v 0.38400000333786011 -0.12449999898672104 0.008991999551653862
v 0.38400000333786011 -0.10840000212192535 0.008991999551653862
v 0.35717600584030151 -0.12449999898672104 0.008991999551653862
v 0.35717600584030151 -0.10840000212192535 0.008991999551653862
v 0.33717599511146545 -0.35672500729560852 0.008991999551653862
v 0.3319149911403656 -0.34292700886726379 0.008991999551653862
v 0.30915099382400513 -0.35672500729560852 0.008991999551653862
v 0.33166301250457764 -0.34285899996757507 0.008991999551653862
v 0.3314259946346283 -0.34274899959564209 0.008991999551653862
v 0.3307659924030304 -0.34196299314498901 0.008991999551653862
v 0.33069899678230286 -0.34171000123023987 0.008991999551653862
v 0.30915099382400513 -0.3364500105381012 0.008991999551653862
v 0.33067598938941956 -0.34145000576972961 0.008991999551653862
v 0.33069899678230286 -0.34118899703025818 0.008991999551653862
v 0.33717599511146545 -0.3364500105381012 0.008991999551653862
v 0.33217599987983704 -0.33994999527931213 0.008991999551653862
v 0.33243599534034729 -0.33997198939323425 0.008991999551653862
v 0.33166301250457764 -0.34003999829292297 0.008991999551653862
v 0.3319149911403656 -0.33997198939323425 0.008991999551653862
v 0.33367601037025452 -0.34145000576972961 0.008991999551653862
v 0.33365300297737122 -0.34118899703025818 0.008991999551653862
v 0.3335849940776825 -0.34093698859214783 0.008991999551653862
v 0.33365300297737122 -0.34171000123023987 0.008991999551653862
v 0.34257298707962036 -0.3364500105381012 0.008991999551653862
v 0.34257298707962036 -0.35672500729560852 0.008991999551653862
v 0.35177901387214661 -0.3364500105381012 0.008991999551653862
v 0.35177901387214661 -0.35672500729560852 0.008991999551653862
v 0.33268898725509644 -0.34285899996757507 0.008991999551653862
v 0.33243599534034729 -0.34292700886726379 0.008991999551653862
v 0.33217599987983704 -0.34294998645782471 0.008991999551653862
v 0.33121201395988464 -0.34259900450706482 0.008991999551653862
v 0.33102700114250183 -0.34241399168968201 0.008991999551653862
v 0.33087700605392456 -0.34220001101493835 0.008991999551653862
v 0.3307659924030304 -0.34093698859214783 0.008991999551653862
v 0.33087700605392456 -0.34070000052452087 0.008991999551653862
v 0.33102700114250183 -0.34048500657081604 0.008991999551653862
v 0.33121201395988464 -0.34030100703239441 0.008991999551653862
v 0.3314259946346283 -0.34015101194381714 0.008991999551653862
v 0.33268898725509644 -0.34003999829292297 0.008991999551653862
v 0.33292600512504578 -0.34015101194381714 0.008991999551653862
v 0.33313998579978943 -0.34030100703239441 0.008991999551653862
v 0.3335849940776825 -0.34196299314498901 0.008991999551653862
v 0.33347499370574951 -0.34220001101493835 0.008991999551653862
v 0.33332499861717224 -0.34241399168968201 0.008991999551653862
v 0.33332499861717224 -0.34048500657081604 0.008991999551653862
v 0.33347499370574951 -0.34070000052452087 0.008991999551653862
v 0.33313998579978943 -0.34259900450706482 0.008991999551653862
v 0.33292600512504578 -0.34274899959564209 0.008991999551653862
v 0.38400000333786011 -0.20877499878406525 0.008991999551653862
v 0.38400000333786011 -0.19602499902248383 0.008991999551653862
v 0.35717600584030151 -0.20877499878406525 0.008991999551653862
v 0.35717600584030151 -0.19602499902248383 0.008991999551653862
v 0.35177901387214661 -0.20877499878406525 0.008991999551653862
v 0.35177901387214661 -0.19602499902248383 0.008991999551653862
v 0.34257298707962036 -0.20877499878406525 0.008991999551653862
v 0.34257298707962036 -0.19602499902248383 0.008991999551653862
v 0.33717599511146545 -0.20877499878406525 0.008991999551653862
v 0.33717599511146545 -0.19602499902248383 0.008991999551653862
v 0.30915099382400513 -0.20877499878406525 0.008991999551653862
v 0.30915099382400513 -0.19602499902248383 0.008991999551653862
v 0.38400000333786011 -0.18754999339580536 0.008991999551653862
v 0.35717600584030151 -0.18754999339580536 0.008991999551653862
v 0.35177901387214661 -0.18754999339580536 0.008991999551653862
v 0.34257298707962036 -0.18754999339580536 0.008991999551653862
v 0.33717599511146545 -0.18854999542236328 0.008991999551653862
v 0.33717599511146545 -0.18754999339580536 0.008991999551653862
v 0.30915099382400513 -0.18854999542236328 0.008991999551653862
v 0.30915099382400513 -0.18754999339580536 0.008991999551653862
v 0.38400000333786011 -0.13480000197887421 0.008991999551653862
v 0.35717600584030151 -0.13480000197887421 0.008991999551653862
v 0.35177901387214661 -0.13480000197887421 0.008991999551653862
v 0.34257298707962036 -0.13480000197887421 0.008991999551653862
v 0.33717599511146545 -0.13480000197887421 0.008991999551653862
v 0.30915099382400513 -0.13480000197887421 0.008991999551653862
v 0.30915099382400513 -0.27173900604248047 0.008991999551653862
v 0.30915099382400513 -0.2611599862575531 0.008991999551653862
v 0.28425100445747375 -0.2611599862575531 0.008991999551653862
v 0.27435100078582764 -0.2611599862575531 0.008991999551653862
v 0.27435100078582764 -0.26238098740577698 0.008991999551653862
v 0.27120101451873779 -0.26237601041793823 0.008991999551653862
v 0.28626200556755066 -0.19937500357627869 0.008991999551653862
v 0.28597599267959595 -0.19939999282360077 0.008991999551653862
v 0.28568899631500244 -0.19937500357627869 0.008991999551653862
v 0.28541100025177002 -0.19930000603199005 0.008991999551653862
v 0.28515100479125977 -0.19917899370193481 0.008991999551653862
v 0.28491500020027161 -0.19901399314403534 0.008991999551653862
v 0.28471198678016663 -0.19880999624729156 0.008991999551653862
v 0.2843259871006012 -0.19775000214576721 0.008991999551653862
v 0.28435099124908447 -0.19746300578117371 0.008991999551653862
v 0.28752601146697998 -0.19718499481678009 0.008991999551653862
v 0.28760099411010742 -0.19746300578117371 0.008991999551653862
v 0.28740501403808594 -0.19857500493526459 0.008991999551653862
v 0.28723999857902527 -0.19880999624729156 0.008991999551653862
v 0.28454700112342834 -0.19857500493526459 0.008991999551653862
v 0.28442499041557312 -0.19831399619579315 0.008991999551653862
v 0.28435099124908447 -0.19803600013256073 0.008991999551653862
v 0.28442499041557312 -0.19718499481678009 0.008991999551653862
v 0.28454700112342834 -0.19692499935626984 0.008991999551653862
v 0.28471198678016663 -0.19668899476528168 0.008991999551653862
v 0.28703600168228149 -0.19648599624633789 0.008991999551653862
v 0.28680101037025452 -0.19632099568843842 0.008991999551653862
v 0.28654000163078308 -0.19619899988174438 0.008991999551653862
v 0.28723999857902527 -0.19668899476528168 0.008991999551653862
v 0.28740501403808594 -0.19692499935626984 0.008991999551653862
v 0.2876259982585907 -0.19775000214576721 0.008991999551653862
v 0.28760099411010742 -0.19803600013256073 0.008991999551653862
v 0.28752601146697998 -0.19831399619579315 0.008991999551653862
v 0.28703600168228149 -0.19901399314403534 0.008991999551653862
v 0.28680101037025452 -0.19917899370193481 0.008991999551653862
v 0.28654000163078308 -0.19930000603199005 0.008991999551653862
v 0.28491500020027161 -0.19648599624633789 0.008991999551653862
v 0.28515100479125977 -0.19632099568843842 0.008991999551653862
v 0.28541100025177002 -0.19619899988174438 0.008991999551653862
v 0.28568899631500244 -0.19612500071525574 0.008991999551653862
v 0.28597599267959595 -0.19609999656677246 0.008991999551653862
v 0.28626200556755066 -0.19612500071525574 0.008991999551653862
v 0.33717599511146545 -0.19435000419616699 0.008991999551653862
v 0.30915099382400513 -0.19435000419616699 0.008991999551653862
v 0.28680101037025452 -0.18657900393009186 0.008991999551653862
v 0.28654000163078308 -0.1867000013589859 0.008991999551653862
v 0.28597599267959595 -0.18680000305175781 0.008991999551653862
v 0.28568899631500244 -0.18677499890327454 0.008991999551653862
v 0.28752601146697998 -0.1857140064239502 0.008991999551653862
v 0.28760099411010742 -0.18543599545955658 0.008991999551653862
v 0.2876259982585907 -0.18514999747276306 0.008991999551653862
v 0.28703600168228149 -0.18641400337219238 0.008991999551653862
v 0.28626200556755066 -0.18677499890327454 0.008991999551653862
v 0.28541100025177002 -0.1867000013589859 0.008991999551653862
v 0.28515100479125977 -0.18657900393009186 0.008991999551653862
v 0.28491500020027161 -0.18641400337219238 0.008991999551653862
v 0.28471198678016663 -0.18621000647544861 0.008991999551653862
v 0.28454700112342834 -0.18597500026226044 0.008991999551653862
v 0.28442499041557312 -0.1857140064239502 0.008991999551653862
v 0.28442499041557312 -0.18458500504493713 0.008991999551653862
v 0.28454700112342834 -0.18432499468326569 0.008991999551653862
v 0.28471198678016663 -0.18408900499343872 0.008991999551653862
v 0.28491500020027161 -0.18388600647449493 0.008991999551653862
v 0.28680101037025452 -0.18372100591659546 0.008991999551653862
v 0.28703600168228149 -0.18388600647449493 0.008991999551653862
v 0.28515100479125977 -0.18372100591659546 0.008991999551653862
v 0.28541100025177002 -0.18359899520874023 0.008991999551653862
v 0.28568899631500244 -0.18352499604225159 0.008991999551653862
v 0.28740501403808594 -0.18432499468326569 0.008991999551653862
v 0.28752601146697998 -0.18458500504493713 0.008991999551653862
v 0.28760099411010742 -0.18486300110816956 0.008991999551653862
v 0.28740501403808594 -0.18597500026226044 0.008991999551653862
v 0.28723999857902527 -0.18621000647544861 0.008991999551653862
v 0.28435099124908447 -0.18543599545955658 0.008991999551653862
v 0.2843259871006012 -0.18514999747276306 0.008991999551653862
v 0.28435099124908447 -0.18486300110816956 0.008991999551653862
v 0.28723999857902527 -0.18408900499343872 0.008991999551653862
v 0.28597599267959595 -0.1835000067949295 0.008991999551653862
v 0.28626200556755066 -0.18352499604225159 0.008991999551653862
v 0.28654000163078308 -0.18359899520874023 0.008991999551653862
v 0.30915099382400513 -0.079700000584125519 0.008991999551653862
v 0.30915099382400513 -0.048562999814748764 0.008991999551653862
v 0.28425100445747375 -0.079700000584125519 0.008991999551653862
v 0.28425100445747375 -0.048562999814748764 0.008991999551653862
v 0.28425100445747375 -0.022724999114871025 0.008991999551653862
v 0.28425100445747375 -0.03433699905872345 0.008991999551653862
v 0.30915099382400513 -0.022724999114871025 0.008991999551653862
v 0.30915099382400513 -0.03433699905872345 0.008991999551653862
v 0.33717599511146545 -0.03433699905872345 0.008991999551653862
v 0.33717599511146545 -0.10840000212192535 0.008991999551653862
v 0.30915099382400513 -0.10840000212192535 0.008991999551653862
v 0.28425100445747375 -0.10840000212192535 0.008991999551653862
v 0.27435100078582764 -0.10840000212192535 0.008991999551653862
v 0.27120101451873779 -0.10840000212192535 0.008991999551653862
v 0.24788899719715118 -0.10840000212192535 0.008991999551653862
v 0.22618900239467621 -0.13135899603366852 0.008991999551653862
v 0.22593599557876587 -0.13142700493335724 0.008991999551653862
v 0.24788899719715118 -0.13480000197887421 0.008991999551653862
v 0.21892599761486053 -0.13480000197887421 0.008991999551653862
v 0.22567600011825562 -0.13144999742507935 0.008991999551653862
v 0.22541500627994537 -0.13142700493335724 0.008991999551653862
v 0.22516299784183502 -0.13135899603366852 0.008991999551653862
v 0.22642600536346436 -0.12865099310874939 0.008991999551653862
v 0.2266400009393692 -0.12880100309848785 0.008991999551653862
v 0.24788899719715118 -0.12449999898672104 0.008991999551653862
v 0.22715300321578979 -0.12968899309635162 0.008991999551653862
v 0.2271759957075119 -0.12995000183582306 0.008991999551653862
v 0.22492599487304688 -0.12865099310874939 0.008991999551653862
v 0.22516299784183502 -0.12853999435901642 0.008991999551653862
v 0.21892599761486053 -0.12449999898672104 0.008991999551653862
v 0.22541500627994537 -0.12847200036048889 0.008991999551653862
v 0.22437700629234314 -0.12919999659061432 0.008991999551653862
v 0.22452700138092041 -0.12898500263690948 0.008991999551653862
v 0.22471199929714203 -0.12880100309848785 0.008991999551653862
v 0.22567600011825562 -0.12845000624656677 0.008991999551653862
v 0.22593599557876587 -0.12847200036048889 0.008991999551653862
v 0.22618900239467621 -0.12853999435901642 0.008991999551653862
v 0.22697499394416809 -0.1307000070810318 0.008991999551653862
v 0.22682499885559082 -0.13091400265693665 0.008991999551653862
v 0.22492599487304688 -0.13124899566173553 0.008991999551653862
v 0.22471199929714203 -0.13109900057315826 0.008991999551653862
v 0.22452700138092041 -0.13091400265693665 0.008991999551653862
v 0.22437700629234314 -0.1307000070810318 0.008991999551653862
v 0.22426599264144897 -0.13046300411224365 0.008991999551653862
v 0.22419899702072144 -0.13020999729633331 0.008991999551653862
v 0.22682499885559082 -0.12898500263690948 0.008991999551653862
v 0.22697499394416809 -0.12919999659061432 0.008991999551653862
v 0.22708499431610107 -0.12943699955940247 0.008991999551653862
v 0.22715300321578979 -0.13020999729633331 0.008991999551653862
v 0.22708499431610107 -0.13046300411224365 0.008991999551653862
v 0.2266400009393692 -0.13109900057315826 0.008991999551653862
v 0.22642600536346436 -0.13124899566173553 0.008991999551653862
v 0.22417600452899933 -0.12995000183582306 0.008991999551653862
v 0.22419899702072144 -0.12968899309635162 0.008991999551653862
v 0.22426599264144897 -0.12943699955940247 0.008991999551653862
v 0.27120101451873779 -0.12449999898672104 0.008991999551653862
v 0.27435100078582764 -0.12449999898672104 0.008991999551653862
v 0.28425100445747375 -0.12449999898672104 0.008991999551653862
v 0.30915099382400513 -0.12449999898672104 0.008991999551653862
v 0.33717599511146545 -0.12449999898672104 0.008991999551653862
v 0.22541500627994537 -0.10442700237035751 0.008991999551653862
v 0.22516299784183502 -0.10435900092124939 0.008991999551653862
v 0.21892599761486053 -0.10840000212192535 0.008991999551653862
v 0.22492599487304688 -0.10424900054931641 0.008991999551653862
v 0.22419899702072144 -0.1026889979839325 0.008991999551653862
v 0.22426599264144897 -0.10243699699640274 0.008991999551653862
v 0.21892599761486053 -0.079700000584125519 0.008991999551653862
v 0.22471199929714203 -0.10180100053548813 0.008991999551653862
v 0.22492599487304688 -0.10165099799633026 0.008991999551653862
v 0.22516299784183502 -0.10153999924659729 0.008991999551653862
v 0.22541500627994537 -0.10147199779748917 0.008991999551653862
v 0.22618900239467621 -0.10153999924659729 0.008991999551653862
v 0.22593599557876587 -0.10147199779748917 0.008991999551653862
v 0.22567600011825562 -0.10145000368356705 0.008991999551653862
v 0.22642600536346436 -0.10165099799633026 0.008991999551653862
v 0.2266400009393692 -0.10180100053548813 0.008991999551653862
v 0.22682499885559082 -0.10198500007390976 0.008991999551653862
v 0.22682499885559082 -0.10391400009393692 0.008991999551653862
v 0.2266400009393692 -0.10409899801015854 0.008991999551653862
v 0.22642600536346436 -0.10424900054931641 0.008991999551653862
v 0.22471199929714203 -0.10409899801015854 0.008991999551653862
v 0.22452700138092041 -0.10391400009393692 0.008991999551653862
v 0.22437700629234314 -0.10369999706745148 0.008991999551653862
v 0.22618900239467621 -0.10435900092124939 0.008991999551653862
v 0.22593599557876587 -0.10442700237035751 0.008991999551653862
v 0.22567600011825562 -0.10445000231266022 0.008991999551653862
v 0.22437700629234314 -0.10220000147819519 0.008991999551653862
v 0.22452700138092041 -0.10198500007390976 0.008991999551653862
v 0.2271759957075119 -0.10294999927282333 0.008991999551653862
v 0.22715300321578979 -0.10321000218391418 0.008991999551653862
v 0.22426599264144897 -0.10346300154924393 0.008991999551653862
v 0.22419899702072144 -0.10321000218391418 0.008991999551653862
v 0.22417600452899933 -0.10294999927282333 0.008991999551653862
v 0.22697499394416809 -0.10220000147819519 0.008991999551653862
v 0.22708499431610107 -0.10243699699640274 0.008991999551653862
v 0.22715300321578979 -0.1026889979839325 0.008991999551653862
v 0.22708499431610107 -0.10346300154924393 0.008991999551653862
v 0.22697499394416809 -0.10369999706745148 0.008991999551653862
v 0.34211501479148865 -0.036150000989437103 0.008991999551653862
v 0.33717599511146545 -0.036150000989437103 0.008991999551653862
v 0.30915099382400513 -0.036150000989437103 0.008991999551653862
v 0.28425100445747375 -0.036150000989437103 0.008991999551653862
v 0.27435100078582764 -0.036150000989437103 0.008991999551653862
v 0.27120101451873779 -0.036150000989437103 0.008991999551653862
v 0.24788899719715118 -0.036150000989437103 0.008991999551653862
v 0.21892599761486053 -0.036150000989437103 0.008991999551653862
v 0.19310399889945984 -0.037381000816822052 0.008991999551653862
v 0.2124360054731369 -0.26497200131416321 0.008991999551653862
v 0.21268899738788605 -0.26504001021385193 0.008991999551653862
v 0.21892599761486053 -0.2611599862575531 0.008991999551653862
v 0.2124360054731369 -0.26792699098587036 0.008991999551653862
v 0.21217599511146545 -0.26794999837875366 0.008991999551653862
v 0.21892599761486053 -0.27173900604248047 0.008991999551653862
v 0.21191500127315521 -0.26792699098587036 0.008991999551653862
v 0.19310399889945984 -0.27173900604248047 0.008991999551653862
v 0.21166299283504486 -0.26785901188850403 0.008991999551653862
v 0.21067599952220917 -0.26644998788833618 0.008991999551653862
v 0.21069900691509247 -0.26618900895118713 0.008991999551653862
v 0.19310399889945984 -0.2611599862575531 0.008991999551653862
v 0.21102699637413025 -0.26548498868942261 0.008991999551653862
v 0.21121199429035187 -0.26530098915100098 0.008991999551653862
v 0.21142600476741791 -0.26515099406242371 0.008991999551653862
v 0.21313999593257904 -0.26759898662567139 0.008991999551653862
v 0.21292600035667419 -0.26774901151657104 0.008991999551653862
v 0.21268899738788605 -0.26785901188850403 0.008991999551653862
v 0.21076600253582001 -0.26593700051307678 0.008991999551653862
v 0.21087700128555298 -0.26570001244544983 0.008991999551653862
v 0.21166299283504486 -0.26504001021385193 0.008991999551653862
v 0.21191500127315521 -0.26497200131416321 0.008991999551653862
v 0.21217599511146545 -0.26495000720024109 0.008991999551653862
v 0.21292600035667419 -0.26515099406242371 0.008991999551653862
v 0.21313999593257904 -0.26530098915100098 0.008991999551653862
v 0.21332499384880066 -0.26548498868942261 0.008991999551653862
v 0.27435100078582764 -0.27052599191665649 0.008991999551653862
v 0.27120101451873779 -0.27052000164985657 0.008991999551653862
v 0.27120101451873779 -0.27173900604248047 0.008991999551653862
v 0.24788899719715118 -0.27173900604248047 0.008991999551653862
v 0.21365299820899963 -0.26618900895118713 0.008991999551653862
v 0.21142600476741791 -0.26774901151657104 0.008991999551653862
v 0.21121199429035187 -0.26759898662567139 0.008991999551653862
v 0.21102699637413025 -0.26741400361061096 0.008991999551653862
v 0.21087700128555298 -0.26719999313354492 0.008991999551653862
v 0.21076600253582001 -0.26696300506591797 0.008991999551653862
v 0.21069900691509247 -0.26671001315116882 0.008991999551653862
v 0.21347500383853912 -0.26570001244544983 0.008991999551653862
v 0.21358500421047211 -0.26593700051307678 0.008991999551653862
v 0.21367600560188293 -0.26644998788833618 0.008991999551653862
v 0.21365299820899963 -0.26671001315116882 0.008991999551653862
v 0.21358500421047211 -0.26696300506591797 0.008991999551653862
v 0.21347500383853912 -0.26719999313354492 0.008991999551653862
v 0.21332499384880066 -0.26741400361061096 0.008991999551653862
v 0.19310399889945984 -0.19435000419616699 0.008991999551653862
v 0.19512100517749786 -0.19350500404834747 0.008991999551653862
v 0.19512100517749786 -0.1893949955701828 0.008991999551653862
v 0.19310399889945984 -0.18854999542236328 0.008991999551653862
v 0.21892599761486053 -0.18854999542236328 0.008991999551653862
v 0.24788899719715118 -0.18854999542236328 0.008991999551653862
v 0.24788899719715118 -0.19435000419616699 0.008991999551653862
v 0.27120101451873779 -0.18854999542236328 0.008991999551653862
v 0.27120101451873779 -0.19435000419616699 0.008991999551653862
v 0.18738099932670593 -0.27173900604248047 0.008991999551653862
v 0.18738099932670593 -0.2611599862575531 0.008991999551653862
v 0.18332499265670776 -0.26741400361061096 0.008991999551653862
v 0.18313999474048615 -0.26759898662567139 0.008991999551653862
v 0.1829259991645813 -0.26774901151657104 0.008991999551653862
v 0.18268899619579315 -0.26785901188850403 0.008991999551653862
v 0.18243600428104401 -0.26792699098587036 0.008991999551653862
v 0.18217599391937256 -0.26794999837875366 0.008991999551653862
v 0.17542600631713867 -0.27173900604248047 0.008991999551653862
v 0.18191500008106232 -0.26792699098587036 0.008991999551653862
v 0.18166300654411316 -0.26785901188850403 0.008991999551653862
v 0.17542600631713867 -0.2611599862575531 0.008991999551653862
v 0.18121199309825897 -0.26530098915100098 0.008991999551653862
v 0.18142600357532501 -0.26515099406242371 0.008991999551653862
v 0.18217599391937256 -0.26495000720024109 0.008991999551653862
v 0.18191500008106232 -0.26497200131416321 0.008991999551653862
v 0.18166300654411316 -0.26504001021385193 0.008991999551653862
v 0.18243600428104401 -0.26497200131416321 0.008991999551653862
v 0.18268899619579315 -0.26504001021385193 0.008991999551653862
v 0.1829259991645813 -0.26515099406242371 0.008991999551653862
v 0.18142600357532501 -0.26774901151657104 0.008991999551653862
v 0.18121199309825897 -0.26759898662567139 0.008991999551653862
v 0.18102699518203735 -0.26741400361061096 0.008991999551653862
v 0.18313999474048615 -0.26530098915100098 0.008991999551653862
v 0.18332499265670776 -0.26548498868942261 0.008991999551653862
v 0.18347500264644623 -0.26570001244544983 0.008991999551653862
v 0.18087700009346008 -0.26719999313354492 0.008991999551653862
v 0.18076600134372711 -0.26696300506591797 0.008991999551653862
v 0.18069900572299957 -0.26671001315116882 0.008991999551653862
v 0.18365299701690674 -0.26671001315116882 0.008991999551653862
v 0.18358500301837921 -0.26696300506591797 0.008991999551653862
v 0.18347500264644623 -0.26719999313354492 0.008991999551653862
v 0.18067599833011627 -0.26644998788833618 0.008991999551653862
v 0.18069900572299957 -0.26618900895118713 0.008991999551653862
v 0.18076600134372711 -0.26593700051307678 0.008991999551653862
v 0.18358500301837921 -0.26593700051307678 0.008991999551653862
v 0.18365299701690674 -0.26618900895118713 0.008991999551653862
v 0.18367600440979004 -0.26644998788833618 0.008991999551653862
v 0.18087700009346008 -0.26570001244544983 0.008991999551653862
v 0.18102699518203735 -0.26548498868942261 0.008991999551653862
v 0.16918900609016418 -0.13135899603366852 0.008991999551653862
v 0.16893599927425385 -0.13142700493335724 0.008991999551653862
v 0.17542600631713867 -0.13480000197887421 0.008991999551653862
v 0.16867600381374359 -0.13144999742507935 0.008991999551653862
v 0.16841499507427216 -0.13142700493335724 0.008991999551653862
v 0.14872600138187408 -0.13480000197887421 0.008991999551653862
v 0.168163001537323 -0.13135899603366852 0.008991999551653862
v 0.17015300691127777 -0.12968899309635162 0.008991999551653862
v 0.17017599940299988 -0.12995000183582306 0.008991999551653862
v 0.16792599856853485 -0.13124899566173553 0.008991999551653862
v 0.16771200299263 -0.13109900057315826 0.008991999551653862
v 0.16752700507640839 -0.13091400265693665 0.008991999551653862
v 0.16737699508666992 -0.1307000070810318 0.008991999551653862
v 0.16726599633693695 -0.13046300411224365 0.008991999551653862
v 0.16719900071620941 -0.13020999729633331 0.008991999551653862
v 0.16737699508666992 -0.12919999659061432 0.008991999551653862
v 0.16752700507640839 -0.12898500263690948 0.008991999551653862
v 0.14872600138187408 -0.12449999898672104 0.008991999551653862
v 0.16771200299263 -0.12880100309848785 0.008991999551653862
v 0.16867600381374359 -0.12845000624656677 0.008991999551653862
v 0.17542600631713867 -0.12449999898672104 0.008991999551653862
v 0.16841499507427216 -0.12847200036048889 0.008991999551653862
v 0.16997499763965607 -0.12919999659061432 0.008991999551653862
v 0.17008499801158905 -0.12943699955940247 0.008991999551653862
v 0.16997499763965607 -0.1307000070810318 0.008991999551653862
v 0.1698250025510788 -0.13091400265693665 0.008991999551653862
v 0.16717599332332611 -0.12995000183582306 0.008991999551653862
v 0.16719900071620941 -0.12968899309635162 0.008991999551653862
v 0.16726599633693695 -0.12943699955940247 0.008991999551653862
v 0.16792599856853485 -0.12865099310874939 0.008991999551653862
v 0.168163001537323 -0.12853999435901642 0.008991999551653862
v 0.16893599927425385 -0.12847200036048889 0.008991999551653862
v 0.16918900609016418 -0.12853999435901642 0.008991999551653862
v 0.16942599415779114 -0.12865099310874939 0.008991999551653862
v 0.17015300691127777 -0.13020999729633331 0.008991999551653862
v 0.17008499801158905 -0.13046300411224365 0.008991999551653862
v 0.16964000463485718 -0.13109900057315826 0.008991999551653862
v 0.16942599415779114 -0.13124899566173553 0.008991999551653862
v 0.16964000463485718 -0.12880100309848785 0.008991999551653862
v 0.1698250025510788 -0.12898500263690948 0.008991999551653862
v 0.18738099932670593 -0.12449999898672104 0.008991999551653862
v 0.18738099932670593 -0.13480000197887421 0.008991999551653862
v 0.19310399889945984 -0.12449999898672104 0.008991999551653862
v 0.19310399889945984 -0.13480000197887421 0.008991999551653862
v 0.16893599927425385 -0.10442700237035751 0.008991999551653862
v 0.16867600381374359 -0.10445000231266022 0.008991999551653862
v 0.17542600631713867 -0.10840000212192535 0.008991999551653862
v 0.16841499507427216 -0.10442700237035751 0.008991999551653862
v 0.14872600138187408 -0.10840000212192535 0.008991999551653862
v 0.168163001537323 -0.10435900092124939 0.008991999551653862
v 0.16792599856853485 -0.10424900054931641 0.008991999551653862
v 0.16771200299263 -0.10409899801015854 0.008991999551653862
v 0.16752700507640839 -0.10391400009393692 0.008991999551653862
v 0.16737699508666992 -0.10369999706745148 0.008991999551653862
v 0.16867600381374359 -0.10145000368356705 0.008991999551653862
v 0.16893599927425385 -0.10147199779748917 0.008991999551653862
v 0.17542600631713867 -0.079700000584125519 0.008991999551653862
v 0.16918900609016418 -0.10153999924659729 0.008991999551653862
v 0.16942599415779114 -0.10165099799633026 0.008991999551653862
v 0.16771200299263 -0.10180100053548813 0.008991999551653862
v 0.16792599856853485 -0.10165099799633026 0.008991999551653862
v 0.14872600138187408 -0.079700000584125519 0.008991999551653862
v 0.168163001537323 -0.10153999924659729 0.008991999551653862
v 0.16841499507427216 -0.10147199779748917 0.008991999551653862
v 0.17008499801158905 -0.10243699699640274 0.008991999551653862
v 0.17015300691127777 -0.1026889979839325 0.008991999551653862
v 0.16964000463485718 -0.10409899801015854 0.008991999551653862
v 0.16942599415779114 -0.10424900054931641 0.008991999551653862
v 0.16918900609016418 -0.10435900092124939 0.008991999551653862
v 0.16726599633693695 -0.10346300154924393 0.008991999551653862
v 0.16719900071620941 -0.10321000218391418 0.008991999551653862
v 0.16717599332332611 -0.10294999927282333 0.008991999551653862
v 0.16719900071620941 -0.1026889979839325 0.008991999551653862
v 0.16726599633693695 -0.10243699699640274 0.008991999551653862
v 0.16737699508666992 -0.10220000147819519 0.008991999551653862
v 0.16752700507640839 -0.10198500007390976 0.008991999551653862
v 0.16964000463485718 -0.10180100053548813 0.008991999551653862
v 0.1698250025510788 -0.10198500007390976 0.008991999551653862
v 0.16997499763965607 -0.10220000147819519 0.008991999551653862
v 0.18738099932670593 -0.079700000584125519 0.008991999551653862
v 0.18738099932670593 -0.10840000212192535 0.008991999551653862
v 0.19310399889945984 -0.079700000584125519 0.008991999551653862
v 0.19310399889945984 -0.10840000212192535 0.008991999551653862
v 0.17017599940299988 -0.10294999927282333 0.008991999551653862
v 0.17015300691127777 -0.10321000218391418 0.008991999551653862
v 0.17008499801158905 -0.10346300154924393 0.008991999551653862
v 0.16997499763965607 -0.10369999706745148 0.008991999551653862
v 0.1698250025510788 -0.10391400009393692 0.008991999551653862
v 0.33717599511146545 -0.30375000834465027 0.008991999551653862
v 0.30915099382400513 -0.30375000834465027 0.008991999551653862
v 0.28425100445747375 -0.30375000834465027 0.008991999551653862
v 0.27435100078582764 -0.30375000834465027 0.008991999551653862
v 0.27120101451873779 -0.30375000834465027 0.008991999551653862
v 0.24788899719715118 -0.30375000834465027 0.008991999551653862
v 0.21892599761486053 -0.30375000834465027 0.008991999551653862
v 0.19310399889945984 -0.30375000834465027 0.008991999551653862
v 0.18738099932670593 -0.30375000834465027 0.008991999551653862
v 0.17542600631713867 -0.30375000834465027 0.008991999551653862
v 0.14872600138187408 -0.30375000834465027 0.008991999551653862
v 0.33717599511146545 -0.25914999842643738 0.008991999551653862
v 0.30915099382400513 -0.25914999842643738 0.008991999551653862
v 0.28425100445747375 -0.25914999842643738 0.008991999551653862
v 0.27435100078582764 -0.25914999842643738 0.008991999551653862
v 0.27120101451873779 -0.25914999842643738 0.008991999551653862
v 0.24788899719715118 -0.25914999842643738 0.008991999551653862
v 0.21892599761486053 -0.25914999842643738 0.008991999551653862
v 0.19310399889945984 -0.25914999842643738 0.008991999551653862
v 0.18738099932670593 -0.25914999842643738 0.008991999551653862
v 0.17542600631713867 -0.25914999842643738 0.008991999551653862
v 0.14872600138187408 -0.25914999842643738 0.008991999551653862
v 0.24788899719715118 -0.20877499878406525 0.008991999551653862
v 0.21892599761486053 -0.20877499878406525 0.008991999551653862
v 0.19310399889945984 -0.20877499878406525 0.008991999551653862
v 0.18738099932670593 -0.20877499878406525 0.008991999551653862
v 0.17542600631713867 -0.20877499878406525 0.008991999551653862
v 0.14872600138187408 -0.20877499878406525 0.008991999551653862
v 0.18738099932670593 -0.19435000419616699 0.008991999551653862
v 0.18738099932670593 -0.18854999542236328 0.008991999551653862
v 0.17542600631713867 -0.19435000419616699 0.008991999551653862
v 0.17542600631713867 -0.18854999542236328 0.008991999551653862
v 0.14872600138187408 -0.19435000419616699 0.008991999551653862
v 0.14872600138187408 -0.18854999542236328 0.008991999551653862
v 0.12927600741386414 -0.19435000419616699 0.008991999551653862
v 0.12927600741386414 -0.18854999542236328 0.008991999551653862
v 0.17542600631713867 -0.048562999814748764 0.008991999551653862
v 0.17542600631713867 -0.036150000989437103 0.008991999551653862
v 0.14872600138187408 -0.048562999814748764 0.008991999551653862
v 0.14872600138187408 -0.036150000989437103 0.008991999551653862
v 0.21892599761486053 -0.03433699905872345 0.008991999551653862
v 0.19310399889945984 -0.03433699905872345 0.008991999551653862
v 0.18738099932670593 -0.03433699905872345 0.008991999551653862
v 0.17542600631713867 -0.03433699905872345 0.008991999551653862
v 0.14872600138187408 -0.03433699905872345 0.008991999551653862
v 0.28425100445747375 -0.35672500729560852 0.008991999551653862
v 0.28425100445747375 -0.3364500105381012 0.008991999551653862
v 0.27435100078582764 -0.35672500729560852 0.008991999551653862
v 0.27435100078582764 -0.3364500105381012 0.008991999551653862
v 0.27120101451873779 -0.35672500729560852 0.008991999551653862
v 0.27120101451873779 -0.3364500105381012 0.008991999551653862
v 0.24788899719715118 -0.35672500729560852 0.008991999551653862
v 0.24788899719715118 -0.3364500105381012 0.008991999551653862
v 0.21892599761486053 -0.35672500729560852 0.008991999551653862
v 0.21892599761486053 -0.3364500105381012 0.008991999551653862
v 0.19310399889945984 -0.35672500729560852 0.008991999551653862
v 0.19310399889945984 -0.3364500105381012 0.008991999551653862
v 0.18738099932670593 -0.35672500729560852 0.008991999551653862
v 0.18738099932670593 -0.3364500105381012 0.008991999551653862
v 0.17542600631713867 -0.35672500729560852 0.008991999551653862
v 0.17542600631713867 -0.3364500105381012 0.008991999551653862
v 0.14872600138187408 -0.35672500729560852 0.008991999551653862
v 0.14872600138187408 -0.3364500105381012 0.008991999551653862
v 0.12927600741386414 -0.35672500729560852 0.008991999551653862
v 0.12927600741386414 -0.3364500105381012 0.008991999551653862
v 0.052639000117778778 -0.33493798971176147 0.008991999551653862
v 0.12001100182533264 -0.19269999861717224 0.008991999551653862
v 0.11982700228691101 -0.19230499863624573 0.008991999551653862
v 0.11507599800825119 -0.19435000419616699 0.008991999551653862
v 0.11971399933099747 -0.19188399612903595 0.008991999551653862
v 0.11967600136995316 -0.19144999980926514 0.008991999551653862
v 0.11507599800825119 -0.18854999542236328 0.008991999551653862
v 0.11971399933099747 -0.19101500511169434 0.008991999551653862
v 0.12434100359678268 -0.19020000100135803 0.008991999551653862
v 0.12452500313520432 -0.19059500098228455 0.008991999551653862
v 0.12132100015878677 -0.19379900395870209 0.008991999551653862
v 0.12092600017786026 -0.19361500442028046 0.008991999551653862
v 0.12463799864053726 -0.19101500511169434 0.008991999551653862
v 0.12467599660158157 -0.19144999980926514 0.008991999551653862
v 0.12463799864053726 -0.19188399612903595 0.008991999551653862
v 0.12452500313520432 -0.19230499863624573 0.008991999551653862
v 0.12434100359678268 -0.19269999861717224 0.008991999551653862
v 0.12217599898576736 -0.19394999742507935 0.008991999551653862
v 0.12174200266599655 -0.19391199946403503 0.008991999551653862
v 0.12056899815797806 -0.19336499273777008 0.008991999551653862
v 0.12026099860668182 -0.19305700063705444 0.008991999551653862
v 0.11982700228691101 -0.19059500098228455 0.008991999551653862
v 0.12001100182533264 -0.19020000100135803 0.008991999551653862
v 0.12026099860668182 -0.18984299898147583 0.008991999551653862
v 0.12409099936485291 -0.19305700063705444 0.008991999551653862
v 0.12378299981355667 -0.19336499273777008 0.008991999551653862
v 0.12342599779367447 -0.19361500442028046 0.008991999551653862
v 0.12303099781274796 -0.1890999972820282 0.008991999551653862
v 0.12342599779367447 -0.18928499519824982 0.008991999551653862
v 0.12303099781274796 -0.19379900395870209 0.008991999551653862
v 0.12261000275611877 -0.19391199946403503 0.008991999551653862
v 0.12378299981355667 -0.18953500688076019 0.008991999551653862
v 0.12409099936485291 -0.18984299898147583 0.008991999551653862
v 0.12056899815797806 -0.18953500688076019 0.008991999551653862
v 0.12092600017786026 -0.18928499519824982 0.008991999551653862
v 0.12132100015878677 -0.1890999972820282 0.008991999551653862
v 0.12174200266599655 -0.18898800015449524 0.008991999551653862
v 0.12217599898576736 -0.18895000219345093 0.008991999551653862
v 0.12261000275611877 -0.18898800015449524 0.008991999551653862
v 0.051075998693704605 -0.25914999842643738 0.008991999551653862
v 0.051075998693704605 -0.20877499878406525 0.008991999551653862
v 0.24788899719715118 -0.19602499902248383 0.008991999551653862
v 0.21892599761486053 -0.19602499902248383 0.008991999551653862
v 0.19310399889945984 -0.19602499902248383 0.008991999551653862
v 0.18738099932670593 -0.19602499902248383 0.008991999551653862
v 0.17542600631713867 -0.19602499902248383 0.008991999551653862
v 0.14872600138187408 -0.19602499902248383 0.008991999551653862
v 0.12927600741386414 -0.19602499902248383 0.008991999551653862
v 0.11507599800825119 -0.19602499902248383 0.008991999551653862
v 0.24788899719715118 -0.18754999339580536 0.008991999551653862
v 0.21892599761486053 -0.18754999339580536 0.008991999551653862
v 0.19310399889945984 -0.18754999339580536 0.008991999551653862
v 0.18738099932670593 -0.18754999339580536 0.008991999551653862
v 0.17542600631713867 -0.18754999339580536 0.008991999551653862
v 0.14872600138187408 -0.18754999339580536 0.008991999551653862
v 0.12927600741386414 -0.18754999339580536 0.008991999551653862
v 0.11507599800825119 -0.18754999339580536 0.008991999551653862
v 0.050276998430490494 -0.22257800400257111 0.008991999551653862
v 0.050034001469612122 -0.22310000658035278 0.008991999551653862
v 0.046603001654148102 -0.22469900548458099 0.008991999551653862
v 0.046046998351812363 -0.2245510071516037 0.008991999551653862
v 0.043276000767946243 -0.25914999842643738 0.008991999551653862
v 0.04552600160241127 -0.22430700063705444 0.008991999551653862
v 0.045054998248815536 -0.22397799789905548 0.008991999551653862
v 0.049704000353813171 -0.21932800114154816 0.008991999551653862
v 0.050034001469612122 -0.21979999542236328 0.008991999551653862
v 0.050276998430490494 -0.22032099962234497 0.008991999551653862
v 0.050425998866558075 -0.22087700664997101 0.008991999551653862
v 0.050475999712944031 -0.22145000100135803 0.008991999551653862
v 0.050425998866558075 -0.22202299535274506 0.008991999551653862
v 0.049704000353813171 -0.22357100248336792 0.008991999551653862
v 0.049297001212835312 -0.22397799789905548 0.008991999551653862
v 0.048826001584529877 -0.22430700063705444 0.008991999551653862
v 0.048303999006748199 -0.2245510071516037 0.008991999551653862
v 0.047749001532793045 -0.22469900548458099 0.008991999551653862
v 0.047175999730825424 -0.22474999725818634 0.008991999551653862
v 0.044647999107837677 -0.22357100248336792 0.008991999551653862
v 0.044318001717329025 -0.22310000658035278 0.008991999551653862
v 0.044075001031160355 -0.22257800400257111 0.008991999551653862
v 0.043926000595092773 -0.22202299535274506 0.008991999551653862
v 0.043875999748706818 -0.22145000100135803 0.008991999551653862
v 0.043276000767946243 -0.20877499878406525 0.008991999551653862
v 0.043926000595092773 -0.22087700664997101 0.008991999551653862
v 0.048303999006748199 -0.21834899485111237 0.008991999551653862
v 0.048826001584529877 -0.21859200298786163 0.008991999551653862
v 0.049297001212835312 -0.21892200410366058 0.008991999551653862
v 0.043276000767946243 -0.27173900604248047 0.008991999551653862
v 0.043276000767946243 -0.2611599862575531 0.008991999551653862
v 0.044075001031160355 -0.22032099962234497 0.008991999551653862
v 0.044318001717329025 -0.21979999542236328 0.008991999551653862
v 0.044647999107837677 -0.21932800114154816 0.008991999551653862
v 0.045054998248815536 -0.21892200410366058 0.008991999551653862
v 0.04552600160241127 -0.21859200298786163 0.008991999551653862
v 0.046046998351812363 -0.21834899485111237 0.008991999551653862
v 0.046603001654148102 -0.21819999814033508 0.008991999551653862
v 0.047175999730825424 -0.21815000474452972 0.008991999551653862
v 0.047749001532793045 -0.21819999814033508 0.008991999551653862
v 0.046046998351812363 -0.14455099403858185 0.008991999551653862
v 0.04552600160241127 -0.14430700242519379 0.008991999551653862
v 0.045054998248815536 -0.14397799968719482 0.008991999551653862
v 0.050475999712944031 -0.14145000278949738 0.008991999551653862
v 0.050425998866558075 -0.1420229971408844 0.008991999551653862
v 0.044647999107837677 -0.14357100427150726 0.008991999551653862
v 0.044318001717329025 -0.14309999346733093 0.008991999551653862
v 0.044075001031160355 -0.14257800579071045 0.008991999551653862
v 0.043926000595092773 -0.1420229971408844 0.008991999551653862
v 0.043875999748706818 -0.14145000278949738 0.008991999551653862
v 0.043276000767946243 -0.13480000197887421 0.008991999551653862
v 0.043926000595092773 -0.14087699353694916 0.008991999551653862
v 0.044075001031160355 -0.14032100141048431 0.008991999551653862
v 0.044318001717329025 -0.13979999721050262 0.008991999551653862
v 0.044647999107837677 -0.1393280029296875 0.008991999551653862
v 0.045054998248815536 -0.13892200589179993 0.008991999551653862
v 0.04552600160241127 -0.13859200477600098 0.008991999551653862
v 0.046046998351812363 -0.13834899663925171 0.008991999551653862
v 0.050276998430490494 -0.14257800579071045 0.008991999551653862
v 0.050034001469612122 -0.14309999346733093 0.008991999551653862
v 0.049704000353813171 -0.14357100427150726 0.008991999551653862
v 0.049297001212835312 -0.14397799968719482 0.008991999551653862
v 0.048826001584529877 -0.14430700242519379 0.008991999551653862
v 0.048303999006748199 -0.14455099403858185 0.008991999551653862
v 0.047749001532793045 -0.14469900727272034 0.008991999551653862
v 0.047175999730825424 -0.14474999904632568 0.008991999551653862
v 0.046603001654148102 -0.14469900727272034 0.008991999551653862
v 0.050276998430490494 -0.14032100141048431 0.008991999551653862
v 0.050425998866558075 -0.14087699353694916 0.008991999551653862
v 0.051075998693704605 -0.13480000197887421 0.008991999551653862
v 0.11507599800825119 -0.13480000197887421 0.008991999551653862
v 0.12927600741386414 -0.13480000197887421 0.008991999551653862
v 0.046603001654148102 -0.13819999992847443 0.008991999551653862
v 0.047175999730825424 -0.13815000653266907 0.008991999551653862
v 0.047749001532793045 -0.13819999992847443 0.008991999551653862
v 0.048303999006748199 -0.13834899663925171 0.008991999551653862
v 0.048826001584529877 -0.13859200477600098 0.008991999551653862
v 0.049297001212835312 -0.13892200589179993 0.008991999551653862
v 0.049704000353813171 -0.1393280029296875 0.008991999551653862
v 0.050034001469612122 -0.13979999721050262 0.008991999551653862
v 0.12927600741386414 -0.12449999898672104 0.008991999551653862
v 0.11507599800825119 -0.12449999898672104 0.008991999551653862
v 0.051075998693704605 -0.12449999898672104 0.008991999551653862
v 0.043276000767946243 -0.12449999898672104 0.008991999551653862
v 0.12927600741386414 -0.10840000212192535 0.008991999551653862
v 0.11507599800825119 -0.10840000212192535 0.008991999551653862
v 0.051075998693704605 -0.10840000212192535 0.008991999551653862
v 0.043276000767946243 -0.10840000212192535 0.008991999551653862
v 0.12927600741386414 -0.079700000584125519 0.008991999551653862
v 0.11507599800825119 -0.079700000584125519 0.008991999551653862
v 0.051075998693704605 -0.079700000584125519 0.008991999551653862
v 0.043276000767946243 -0.079700000584125519 0.008991999551653862
v 0.029588000848889351 -0.079700000584125519 0.008991999551653862
v 0.029588000848889351 -0.10840000212192535 0.008991999551653862
v 0.029588000848889351 -0.12449999898672104 0.008991999551653862
v 0.029588000848889351 -0.13480000197887421 0.008991999551653862
v 0.029588000848889351 -0.18754999339580536 0.008991999551653862
v 0.029588000848889351 -0.18854999542236328 0.008991999551653862
v 0.029588000848889351 -0.19435000419616699 0.008991999551653862
v 0.029588000848889351 -0.19602499902248383 0.008991999551653862
v 0.029588000848889351 -0.20877499878406525 0.008991999551653862
v 0.029588000848889351 -0.25914999842643738 0.008991999551653862
v 0.029588000848889351 -0.2611599862575531 0.008991999551653862
v 0.029588000848889351 -0.27173900604248047 0.008991999551653862
v 0.051075998693704605 -0.03433699905872345 0.008991999551653862
v 0.043276000767946243 -0.03433699905872345 0.008991999551653862
v 0.029588000848889351 -0.03433699905872345 0.008991999551653862
v 0.21892599761486053 -0.022724999114871025 0.008991999551653862
v 0.19310399889945984 -0.022724999114871025 0.008991999551653862
v 0.18738099932670593 -0.022724999114871025 0.008991999551653862
v 0.17542600631713867 -0.022724999114871025 0.008991999551653862
v 0.14872600138187408 -0.022724999114871025 0.008991999551653862
v 0.12927600741386414 -0.022724999114871025 0.008991999551653862
v 0.11507599800825119 -0.022724999114871025 0.008991999551653862
v 0.051075998693704605 -0.022724999114871025 0.008991999551653862
v 0.043276000767946243 -0.022724999114871025 0.008991999551653862
v 0.029588000848889351 -0.022724999114871025 0.008991999551653862
v 0.35177901387214661 -0.006750000175088644 0.008991999551653862
v 0.34257298707962036 -0.006750000175088644 0.008991999551653862
v 0.33717599511146545 -0.006750000175088644 0.008991999551653862
v 0.30915099382400513 -0.006750000175088644 0.008991999551653862
v 0.28425100445747375 -0.006750000175088644 0.008991999551653862
v 0.27435100078582764 -0.006750000175088644 0.008991999551653862
v 0.27120101451873779 -0.006750000175088644 0.008991999551653862
v 0.24788899719715118 -0.006750000175088644 0.008991999551653862
v 0.21892599761486053 -0.006750000175088644 0.008991999551653862
v 0.19310399889945984 -0.006750000175088644 0.008991999551653862
v 0.18738099932670593 -0.006750000175088644 0.008991999551653862
v 0.17542600631713867 -0.006750000175088644 0.008991999551653862
v 0.14872600138187408 -0.006750000175088644 0.008991999551653862
v 0.12927600741386414 -0.006750000175088644 0.008991999551653862
v 0.11507599800825119 -0.006750000175088644 0.008991999551653862
v 0.051075998693704605 -0.006750000175088644 0.008991999551653862
v 0.043276000767946243 -0.006750000175088644 0.008991999551653862
v 0.029588000848889351 -0.006750000175088644 0.008991999551653862
v 0.019680999219417572 -0.36474999785423279 0.008991999551653862
v 0.020030999556183815 -0.36524999141693115 0.008991999551653862
v 0.020289000123739243 -0.36580300331115723 0.008991999551653862
v 0.020447000861167908 -0.36639198660850525 0.008991999551653862
v 0.006750000175088644 -0.38400000333786011 0.008991999551653862
v 0.016392000019550323 -0.37044700980186462 0.008991999551653862
v 0.015802999958395958 -0.37028899788856506 0.008991999551653862
v 0 -0.38400000333786011 0.008991999551653862
v 0.006750000175088644 -0.35672500729560852 0.008991999551653862
v 0.013553000055253506 -0.36760801076889038 0.008991999551653862
v 0.020500000566244125 -0.36700001358985901 0.008991999551653862
v 0.020447000861167908 -0.36760801076889038 0.008991999551653862
v 0.029588000848889351 -0.38400000333786011 0.008991999551653862
v 0.020289000123739243 -0.3681969940662384 0.008991999551653862
v 0.020030999556183815 -0.36875000596046448 0.008991999551653862
v 0.019680999219417572 -0.36924999952316284 0.008991999551653862
v 0.019249999895691872 -0.36968100070953369 0.008991999551653862
v 0.01875000074505806 -0.37003099918365479 0.008991999551653862
v 0.018197000026702881 -0.37028899788856506 0.008991999551653862
v 0.017607999965548515 -0.37044700980186462 0.008991999551653862
v 0.017000000923871994 -0.37049999833106995 0.008991999551653862
v 0.015250000171363354 -0.37003099918365479 0.008991999551653862
v 0.014750000089406967 -0.36968100070953369 0.008991999551653862
v 0.014318999834358692 -0.36924999952316284 0.008991999551653862
v 0.043276000767946243 -0.38400000333786011 0.008991999551653862
v 0.051075998693704605 -0.38400000333786011 0.008991999551653862
v 0.11507599800825119 -0.38400000333786011 0.008991999551653862
v 0.12927600741386414 -0.38400000333786011 0.008991999551653862
v 0.14872600138187408 -0.38400000333786011 0.008991999551653862
v 0.17542600631713867 -0.38400000333786011 0.008991999551653862
v 0.18738099932670593 -0.38400000333786011 0.008991999551653862
v 0.19310399889945984 -0.38400000333786011 0.008991999551653862
v 0.21892599761486053 -0.38400000333786011 0.008991999551653862
v 0.24788899719715118 -0.38400000333786011 0.008991999551653862
v 0.27120101451873779 -0.38400000333786011 0.008991999551653862
v 0.27435100078582764 -0.38400000333786011 0.008991999551653862
v 0.28425100445747375 -0.38400000333786011 0.008991999551653862
v 0.30915099382400513 -0.38400000333786011 0.008991999551653862
v 0.33717599511146545 -0.38400000333786011 0.008991999551653862
v 0.34257298707962036 -0.38400000333786011 0.008991999551653862
v 0.35177901387214661 -0.38400000333786011 0.008991999551653862
v 0.013969000428915024 -0.36875000596046448 0.008991999551653862
v 0.013710999861359596 -0.3681969940662384 0.008991999551653862
v 0.013500000350177288 -0.36700001358985901 0.008991999551653862
v 0.013553000055253506 -0.36639198660850525 0.008991999551653862
v 0.013710999861359596 -0.36580300331115723 0.008991999551653862
v 0.016392000019550323 -0.36355298757553101 0.008991999551653862
v 0.017000000923871994 -0.36349999904632568 0.008991999551653862
v 0.013969000428915024 -0.36524999141693115 0.008991999551653862
v 0.014318999834358692 -0.36474999785423279 0.008991999551653862
v 0.014750000089406967 -0.36431899666786194 0.008991999551653862
v 0.017607999965548515 -0.36355298757553101 0.008991999551653862
v 0.018197000026702881 -0.36371099948883057 0.008991999551653862
v 0.015250000171363354 -0.36396899819374084 0.008991999551653862
v 0.015802999958395958 -0.36371099948883057 0.008991999551653862
v 0.01875000074505806 -0.36396899819374084 0.008991999551653862
v 0.019249999895691872 -0.36431899666786194 0.008991999551653862
v 0.006750000175088644 -0.3364500105381012 0.008991999551653862
v 0.006750000175088644 -0.30375000834465027 0.008991999551653862
v 0.006750000175088644 -0.27173900604248047 0.008991999551653862
v 0.006750000175088644 -0.2611599862575531 0.008991999551653862
v 0.006750000175088644 -0.25914999842643738 0.008991999551653862
v 0.006750000175088644 -0.20877499878406525 0.008991999551653862
v 0.006750000175088644 -0.19602499902248383 0.008991999551653862
v 0.006750000175088644 -0.19435000419616699 0.008991999551653862
v 0.006750000175088644 -0.18854999542236328 0.008991999551653862
v 0.006750000175088644 -0.18754999339580536 0.008991999551653862
v 0.006750000175088644 -0.13480000197887421 0.008991999551653862
v 0.006750000175088644 -0.12449999898672104 0.008991999551653862
v 0.006750000175088644 -0.10840000212192535 0.008991999551653862
v 0.006750000175088644 -0.079700000584125519 0.008991999551653862
v 0.006750000175088644 -0.048562999814748764 0.008991999551653862
v 0.006750000175088644 -0.036150000989437103 0.008991999551653862
v 0.006750000175088644 -0.03433699905872345 0.008991999551653862
v 0.006750000175088644 -0.022724999114871025 0.008991999551653862
v 0.019680999219417572 -0.014750000089406967 0.008991999551653862
v 0.020030999556183815 -0.015250000171363354 0.008991999551653862
v 0.020447000861167908 -0.017607999965548515 0.008991999551653862
v 0.020289000123739243 -0.018197000026702881 0.008991999551653862
v 0.020030999556183815 -0.01875000074505806 0.008991999551653862
v 0.019680999219417572 -0.019249999895691872 0.008991999551653862
v 0.019249999895691872 -0.019680999219417572 0.008991999551653862
v 0.01875000074505806 -0.020030999556183815 0.008991999551653862
v 0.018197000026702881 -0.020289000123739243 0.008991999551653862
v 0.017607999965548515 -0.020447000861167908 0.008991999551653862
v 0.017000000923871994 -0.020500000566244125 0.008991999551653862
v 0.016392000019550323 -0.020447000861167908 0.008991999551653862
v 0.015802999958395958 -0.020289000123739243 0.008991999551653862
v 0.015250000171363354 -0.020030999556183815 0.008991999551653862
v 0.014750000089406967 -0.019680999219417572 0.008991999551653862
v 0.020289000123739243 -0.015802999958395958 0.008991999551653862
v 0.020447000861167908 -0.016392000019550323 0.008991999551653862
v 0.020500000566244125 -0.017000000923871994 0.008991999551653862
v 0.014318999834358692 -0.019249999895691872 0.008991999551653862
v 0.013969000428915024 -0.01875000074505806 0.008991999551653862
v 0.013710999861359596 -0.018197000026702881 0.008991999551653862
v 0.013553000055253506 -0.017607999965548515 0.008991999551653862
v 0.013500000350177288 -0.017000000923871994 0.008991999551653862
v 0.006750000175088644 -0.006750000175088644 0.008991999551653862
v 0.013553000055253506 -0.016392000019550323 0.008991999551653862
v 0.013710999861359596 -0.015802999958395958 0.008991999551653862
v 0.016392000019550323 -0.013553000055253506 0.008991999551653862
v 0.017000000923871994 -0.013500000350177288 0.008991999551653862
v 0.013969000428915024 -0.015250000171363354 0.008991999551653862
v 0.014318999834358692 -0.014750000089406967 0.008991999551653862
v 0.014750000089406967 -0.014318999834358692 0.008991999551653862
v 0.017607999965548515 -0.013553000055253506 0.008991999551653862
v 0.018197000026702881 -0.013710999861359596 0.008991999551653862
v 0.015250000171363354 -0.013969000428915024 0.008991999551653862
v 0.015802999958395958 -0.013710999861359596 0.008991999551653862
v 0.01875000074505806 -0.013969000428915024 0.008991999551653862
v 0.019249999895691872 -0.014318999834358692 0.008991999551653862
v 0 -0.35672500729560852 0.008991999551653862
v 0 -0.3364500105381012 0.008991999551653862
v 0 -0.30375000834465027 0.008991999551653862
v 0 -0.27173900604248047 0.008991999551653862
v 0 -0.2611599862575531 0.008991999551653862
v 0 -0.25914999842643738 0.008991999551653862
v 0 -0.20877499878406525 0.008991999551653862
v 0 -0.19602499902248383 0.008991999551653862
v 0 -0.19435000419616699 0.008991999551653862
v 0 -0.18854999542236328 0.008991999551653862
v 0 -0.18754999339580536 0.008991999551653862
v 0 -0.13480000197887421 0.008991999551653862
v 0 -0.12449999898672104 0.008991999551653862
v 0 -0.10840000212192535 0.008991999551653862
v 0 -0.079700000584125519 0.008991999551653862
v 0 -0.048562999814748764 0.008991999551653862
v 0 -0.036150000989437103 0.008991999551653862
v 0 -0.03433699905872345 0.008991999551653862
v 0 -0.022724999114871025 0.008991999551653862
v 0 -0.006750000175088644 0.008991999551653862
v 0.38400000333786011 0 0.008991999551653862
v 0.35717600584030151 0 0.008991999551653862
v 0.35177901387214661 0 0.008991999551653862
v 0.34257298707962036 0 0.008991999551653862
v 0.33717599511146545 0 0.008991999551653862
v 0.30915099382400513 0 0.008991999551653862
v 0.28425100445747375 0 0.008991999551653862
v 0.27435100078582764 0 0.008991999551653862
v 0.27120101451873779 0 0.008991999551653862
v 0.24788899719715118 0 0.008991999551653862
v 0.21892599761486053 0 0.008991999551653862
v 0.19310399889945984 0 0.008991999551653862
v 0.18738099932670593 0 0.008991999551653862
v 0.17542600631713867 0 0.008991999551653862
v 0.14872600138187408 0 0.008991999551653862
v 0.12927600741386414 0 0.008991999551653862
v 0.11507599800825119 0 0.008991999551653862
v 0.051075998693704605 0 0.008991999551653862
v 0.043276000767946243 0 0.008991999551653862
v 0.029588000848889351 0 0.008991999551653862
v 0.006750000175088644 0 0.008991999551653862
v 0 0 0.008991999551653862
v 0.30915099382400513 -0.18754999339580536 0
v 0.30915099382400513 -0.13480000197887421 0
v 0.33717599511146545 -0.13480000197887421 0
v 0.28425100445747375 -0.18854999542236328 0
v 0.28425100445747375 -0.18754999339580536 0
v 0.21892599761486053 -0.19435000419616699 0
v 0.21892599761486053 -0.18854999542236328 0
v 0.22958800196647644 -0.18854999542236328 0
v 0.12927600741386414 -0.2611599862575531 0
v 0.12927600741386414 -0.25914999842643738 0
v 0.14113800227642059 -0.25914999842643738 0
v 0.051075998693704605 -0.25914999842643738 0
v 0.051075998693704605 -0.20877499878406525 0
v 0.11507599800825119 -0.20877499878406525 0
v 0.006750000175088644 -0.27173900604248047 0
v 0.006750000175088644 -0.2611599862575531 0
v 0.029588000848889351 -0.2611599862575531 0
v 0 -0.006750000175088644 0
v 0 0 0
v 0.006750000175088644 0 0
v 0 -0.10840000212192535 0
v 0 -0.079700000584125519 0
v 0.006750000175088644 -0.079700000584125519 0
v 0 -0.12449999898672104 0
v 0.006750000175088644 -0.10840000212192535 0
v 0 -0.13480000197887421 0
v 0.006750000175088644 -0.12449999898672104 0
v 0 -0.18754999339580536 0
v 0.006750000175088644 -0.13480000197887421 0
v 0 -0.25914999842643738 0
v 0 -0.20877499878406525 0
v 0.006750000175088644 -0.20877499878406525 0
v 0.23199999332427979 -0.37599998712539673 0
v 0.23199999332427979 -0.35672500729560852 0
v 0.26963898539543152 -0.35672500729560852 0
v 0.15199999511241913 -0.29600000381469727 0
v 0.15199999511241913 -0.3364500105381012 0
v 0.14113800227642059 -0.3364500105381012 0
v 0.044268999248743057 -0.33346199989318848 0
v 0.043276000767946243 -0.33392500877380371 0
v 0.043276000767946243 -0.28527501225471497 0
v 0.12622599303722382 -0.25943499803543091 0
v 0.12561400234699249 -0.25914999842643738 0
v 0.11696899682283401 -0.26024499535560608 0
v 0.11605300009250641 -0.2611599862575531 0
v 0.11507599800825119 -0.2611599862575531 0
v 0.35215499997138977 -0.26227098703384399 0
v 0.35177901387214661 -0.26189500093460083 0
v 0.35177901387214661 -0.2611599862575531 0
v 0.34299799799919128 -0.27142900228500366 0
v 0.34343999624252319 -0.27173900604248047 0
v 0.34257298707962036 -0.27173900604248047 0
v 0.12522600591182709 -0.036166999489068985 0
v 0.12518900632858276 -0.036150000989437103 0
v 0.12927600741386414 -0.036150000989437103 0
v 0.28192600607872009 -0.18755200505256653 0
v 0.28191998600959778 -0.18754999339580536 0
v 0.045616000890731812 -0.19435000419616699 0
v 0.046046998351812363 -0.1945510059595108 0
v 0.043276000767946243 -0.19602499902248383 0
v 0.046603001654148102 -0.1946990042924881 0
v 0.047175999730825424 -0.19474999606609344 0
v 0.051075998693704605 -0.19602499902248383 0
v 0.047749001532793045 -0.1946990042924881 0
v 0.048303999006748199 -0.1945510059595108 0
v 0.046046998351812363 -0.18834899365901947 0
v 0.045616000890731812 -0.18854999542236328 0
v 0.043276000767946243 -0.18854999542236328 0
v 0.04552600160241127 -0.18859200179576874 0
v 0.045054998248815536 -0.18892200291156769 0
v 0.044647999107837677 -0.18932799994945526 0
v 0.044318001717329025 -0.18979999423027039 0
v 0.043875999748706818 -0.19144999980926514 0
v 0.043926000595092773 -0.19202299416065216 0
v 0.043276000767946243 -0.19435000419616699 0
v 0.044647999107837677 -0.19357100129127502 0
v 0.045054998248815536 -0.19397799670696259 0
v 0.04552600160241127 -0.19430699944496155 0
v 0.044075001031160355 -0.19032099843025208 0
v 0.043926000595092773 -0.19087700545787811 0
v 0.044075001031160355 -0.19257800281047821 0
v 0.044318001717329025 -0.19310000538825989 0
v 0.048303999006748199 -0.18834899365901947 0
v 0.047749001532793045 -0.18819999694824219 0
v 0.051075998693704605 -0.18754999339580536 0
v 0.047175999730825424 -0.18815000355243683 0
v 0.043276000767946243 -0.18754999339580536 0
v 0.046603001654148102 -0.18819999694824219 0
v 0.051075998693704605 -0.19435000419616699 0
v 0.048735000193119049 -0.19435000419616699 0
v 0.048826001584529877 -0.19430699944496155 0
v 0.049704000353813171 -0.18932799994945526 0
v 0.049297001212835312 -0.18892200291156769 0
v 0.051075998693704605 -0.18854999542236328 0
v 0.048826001584529877 -0.18859200179576874 0
v 0.048735000193119049 -0.18854999542236328 0
v 0.050475999712944031 -0.19144999980926514 0
v 0.050425998866558075 -0.19087700545787811 0
v 0.049297001212835312 -0.19397799670696259 0
v 0.049704000353813171 -0.19357100129127502 0
v 0.050034001469612122 -0.19310000538825989 0
v 0.050276998430490494 -0.19257800281047821 0
v 0.050425998866558075 -0.19202299416065216 0
v 0.050276998430490494 -0.19032099843025208 0
v 0.050034001469612122 -0.18979999423027039 0
v 0.27623599767684937 -0.19435000419616699 0
v 0.27678298950195312 -0.19489699602127075 0
v 0.27435100078582764 -0.19602499902248383 0
v 0.27742600440979004 -0.19534699618816376 0
v 0.27813699841499329 -0.1956779956817627 0
v 0.28121501207351685 -0.1956779956817627 0
v 0.28192600607872009 -0.19534699618816376 0
v 0.28425100445747375 -0.19602499902248383 0
v 0.27889400720596313 -0.19588099420070648 0
v 0.27967599034309387 -0.19595000147819519 0
v 0.28045699000358582 -0.19588099420070648 0
v 0.27517598867416382 -0.19144999980926514 0
v 0.27524399757385254 -0.19223099946975708 0
v 0.27435100078582764 -0.19435000419616699 0
v 0.27622899413108826 -0.18855699896812439 0
v 0.27577900886535645 -0.18919999897480011 0
v 0.27435100078582764 -0.18854999542236328 0
v 0.27544701099395752 -0.18991099298000336 0
v 0.27524399757385254 -0.19066800177097321 0
v 0.27544701099395752 -0.19298900663852692 0
v 0.27577900886535645 -0.19370000064373016 0
v 0.27622899413108826 -0.1943420022726059 0
v 0.27435100078582764 -0.18754999339580536 0
v 0.27743199467658997 -0.18754999339580536 0
v 0.27742600440979004 -0.18755200505256653 0
v 0.27678298950195312 -0.18800200521945953 0
v 0.27623599767684937 -0.18854999542236328 0
v 0.27500098943710327 -0.18543599545955658 0
v 0.27502599358558655 -0.18514999747276306 0
v 0.27500098943710327 -0.18486300110816956 0
v 0.27492600679397583 -0.18458500504493713 0
v 0.27480500936508179 -0.18432499468326569 0
v 0.28425100445747375 -0.13480000197887421 0
v 0.27492600679397583 -0.1857140064239502 0
v 0.27813699841499329 -0.18722100555896759 0
v 0.27480500936508179 -0.18597500026226044 0
v 0.27463999390602112 -0.18621000647544861 0
v 0.28121501207351685 -0.18722100555896759 0
v 0.28045699000358582 -0.1870180070400238 0
v 0.27967599034309387 -0.18694999814033508 0
v 0.27889400720596313 -0.1870180070400238 0
v 0.28256800770759583 -0.19489699602127075 0
v 0.28311601281166077 -0.19435000419616699 0
v 0.28425100445747375 -0.19435000419616699 0
v 0.28312298655509949 -0.1943420022726059 0
v 0.28357300162315369 -0.19370000064373016 0
v 0.28390398621559143 -0.19298900663852692 0
v 0.28410699963569641 -0.19223099946975708 0
v 0.28417599201202393 -0.19144999980926514 0
v 0.28410699963569641 -0.19066800177097321 0
v 0.28390398621559143 -0.18991099298000336 0
v 0.28357300162315369 -0.18919999897480011 0
v 0.28312298655509949 -0.18855699896812439 0
v 0.28311601281166077 -0.18854999542236328 0
v 0.28256800770759583 -0.18800200521945953 0
v 0.27231499552726746 -0.18641400337219238 0
v 0.27255100011825562 -0.18657900393009186 0
v 0.27120101451873779 -0.18754999339580536 0
v 0.27255100011825562 -0.18372100591659546 0
v 0.27231499552726746 -0.18388600647449493 0
v 0.27120101451873779 -0.13480000197887421 0
v 0.27366200089454651 -0.18677499890327454 0
v 0.27393999695777893 -0.1867000013589859 0
v 0.27182498574256897 -0.18458500504493713 0
v 0.27175098657608032 -0.18486300110816956 0
v 0.27420100569725037 -0.18657900393009186 0
v 0.27435100078582764 -0.18647399544715881 0
v 0.27443599700927734 -0.18641400337219238 0
v 0.27420100569725037 -0.18372100591659546 0
v 0.27393999695777893 -0.18359899520874023 0
v 0.27435100078582764 -0.13480000197887421 0
v 0.27281099557876587 -0.18359899520874023 0
v 0.27211201190948486 -0.18408900499343872 0
v 0.27194699645042419 -0.18432499468326569 0
v 0.27172601222991943 -0.18514999747276306 0
v 0.27175098657608032 -0.18543599545955658 0
v 0.27182498574256897 -0.1857140064239502 0
v 0.27194699645042419 -0.18597500026226044 0
v 0.27211201190948486 -0.18621000647544861 0
v 0.27463999390602112 -0.18408900499343872 0
v 0.27443599700927734 -0.18388600647449493 0
v 0.27435100078582764 -0.18382599949836731 0
v 0.27281099557876587 -0.1867000013589859 0
v 0.27308899164199829 -0.18677499890327454 0
v 0.2733759880065918 -0.18680000305175781 0
v 0.27366200089454651 -0.18352499604225159 0
v 0.2733759880065918 -0.1835000067949295 0
v 0.27308899164199829 -0.18352499604225159 0
v 0.27211201190948486 -0.19880999624729156 0
v 0.27231499552726746 -0.19901399314403534 0
v 0.27120101451873779 -0.20877499878406525 0
v 0.27435100078582764 -0.20877499878406525 0
v 0.2733759880065918 -0.19939999282360077 0
v 0.27366200089454651 -0.19937500357627869 0
v 0.27393999695777893 -0.19930000603199005 0
v 0.27420100569725037 -0.19917899370193481 0
v 0.27435100078582764 -0.19907400012016296 0
v 0.27435100078582764 -0.19642600417137146 0
v 0.27420100569725037 -0.19632099568843842 0
v 0.27194699645042419 -0.19692499935626984 0
v 0.27120101451873779 -0.19602499902248383 0
v 0.27211201190948486 -0.19668899476528168 0
v 0.27231499552726746 -0.19648599624633789 0
v 0.27182498574256897 -0.19718499481678009 0
v 0.27175098657608032 -0.19746300578117371 0
v 0.27172601222991943 -0.19775000214576721 0
v 0.27175098657608032 -0.19803600013256073 0
v 0.27182498574256897 -0.19831399619579315 0
v 0.27194699645042419 -0.19857500493526459 0
v 0.27255100011825562 -0.19917899370193481 0
v 0.27281099557876587 -0.19930000603199005 0
v 0.27308899164199829 -0.19937500357627869 0
v 0.27393999695777893 -0.19619899988174438 0
v 0.27366200089454651 -0.19612500071525574 0
v 0.2733759880065918 -0.19609999656677246 0
v 0.27308899164199829 -0.19612500071525574 0
v 0.27281099557876587 -0.19619899988174438 0
v 0.27255100011825562 -0.19632099568843842 0
v 0.28425100445747375 -0.20877499878406525 0
v 0.27443599700927734 -0.19901399314403534 0
v 0.27463999390602112 -0.19880999624729156 0
v 0.27502599358558655 -0.19775000214576721 0
v 0.27500098943710327 -0.19746300578117371 0
v 0.27443599700927734 -0.19648599624633789 0
v 0.27463999390602112 -0.19668899476528168 0
v 0.27492600679397583 -0.19718499481678009 0
v 0.27480500936508179 -0.19692499935626984 0
v 0.27480500936508179 -0.19857500493526459 0
v 0.27492600679397583 -0.19831399619579315 0
v 0.27500098943710327 -0.19803600013256073 0
v 0.27121201157569885 -0.057599000632762909 0
v 0.2714259922504425 -0.057748999446630478 0
v 0.27120101451873779 -0.079700000584125519 0
v 0.27435100078582764 -0.079700000584125519 0
v 0.27217599749565125 -0.057950001209974289 0
v 0.27166301012039185 -0.057858999818563461 0
v 0.27191498875617981 -0.057927001267671585 0
v 0.2724359929561615 -0.057927001267671585 0
v 0.27268901467323303 -0.057858999818563461 0
v 0.27292600274085999 -0.057748999446630478 0
v 0.2735849916934967 -0.055936999619007111 0
v 0.27347499132156372 -0.055700000375509262 0
v 0.27435100078582764 -0.048562999814748764 0
v 0.27217599749565125 -0.05494999885559082 0
v 0.27120101451873779 -0.048562999814748764 0
v 0.2724359929561615 -0.054972000420093536 0
v 0.27268901467323303 -0.055039998143911362 0
v 0.27292600274085999 -0.055151000618934631 0
v 0.27191498875617981 -0.054972000420093536 0
v 0.27166301012039185 -0.055039998143911362 0
v 0.2714259922504425 -0.055151000618934631 0
v 0.27365300059318542 -0.056189000606536865 0
v 0.27332499623298645 -0.055484998971223831 0
v 0.27314001321792603 -0.0553009994328022 0
v 0.27314001321792603 -0.057599000632762909 0
v 0.27332499623298645 -0.057413998991250992 0
v 0.27347499132156372 -0.057199999690055847 0
v 0.2735849916934967 -0.056963000446557999 0
v 0.27365300059318542 -0.056710001081228256 0
v 0.27367600798606873 -0.056449998170137405 0
v 0.27069899439811707 -0.056710001081228256 0
v 0.2707659900188446 -0.056963000446557999 0
v 0.26963898539543152 -0.079700000584125519 0
v 0.27121201157569885 -0.0553009994328022 0
v 0.27120101451873779 -0.055311001837253571 0
v 0.26963898539543152 -0.048562999814748764 0
v 0.27102699875831604 -0.055484998971223831 0
v 0.27087700366973877 -0.055700000375509262 0
v 0.2707659900188446 -0.055936999619007111 0
v 0.27069899439811707 -0.056189000606536865 0
v 0.27067598700523376 -0.056449998170137405 0
v 0.27087700366973877 -0.057199999690055847 0
v 0.27102699875831604 -0.057413998991250992 0
v 0.27120101451873779 -0.057587999850511551 0
v 0.2714259922504425 -0.027749000117182732 0
v 0.27166301012039185 -0.027859000489115715 0
v 0.27120101451873779 -0.03433699905872345 0
v 0.27121201157569885 -0.027598999440670013 0
v 0.27435100078582764 -0.03433699905872345 0
v 0.27268901467323303 -0.027859000489115715 0
v 0.27292600274085999 -0.027749000117182732 0
v 0.27191498875617981 -0.024971999228000641 0
v 0.27166301012039185 -0.025040000677108765 0
v 0.27120101451873779 -0.022724999114871025 0
v 0.2714259922504425 -0.025150999426841736 0
v 0.27191498875617981 -0.02792700007557869 0
v 0.27217599749565125 -0.027950000017881393 0
v 0.2724359929561615 -0.02792700007557869 0
v 0.27314001321792603 -0.027598999440670013 0
v 0.27332499623298645 -0.027413999661803246 0
v 0.27347499132156372 -0.027200000360608101 0
v 0.2735849916934967 -0.026962999254465103 0
v 0.27365300059318542 -0.026709999889135361 0
v 0.27367600798606873 -0.026450000703334808 0
v 0.27365300059318542 -0.02618899941444397 0
v 0.2735849916934967 -0.025937000289559364 0
v 0.27435100078582764 -0.022724999114871025 0
v 0.27347499132156372 -0.025699999183416367 0
v 0.27332499623298645 -0.025484999641776085 0
v 0.27314001321792603 -0.025301000103354454 0
v 0.27292600274085999 -0.025150999426841736 0
v 0.27268901467323303 -0.025040000677108765 0
v 0.2724359929561615 -0.024971999228000641 0
v 0.27217599749565125 -0.024949999526143074 0
v 0.27069899439811707 -0.026709999889135361 0
v 0.2707659900188446 -0.026962999254465103 0
v 0.26963898539543152 -0.03433699905872345 0
v 0.27121201157569885 -0.025301000103354454 0
v 0.27120101451873779 -0.025311000645160675 0
v 0.26963898539543152 -0.022724999114871025 0
v 0.27102699875831604 -0.025484999641776085 0
v 0.27087700366973877 -0.025699999183416367 0
v 0.2707659900188446 -0.025937000289559364 0
v 0.27069899439811707 -0.02618899941444397 0
v 0.27067598700523376 -0.026450000703334808 0
v 0.27087700366973877 -0.027200000360608101 0
v 0.27102699875831604 -0.027413999661803246 0
v 0.27120101451873779 -0.027588000521063805 0
v 0.12008900195360184 -0.03571699932217598 0
v 0.11916299909353256 -0.036150000989437103 0
v 0.11507599800825119 -0.036150000989437103 0
v 0.11912599951028824 -0.036166999489068985 0
v 0.11825499683618546 -0.03677700087428093 0
v 0.11750300228595734 -0.037528999149799347 0
v 0.11689300090074539 -0.03840000182390213 0
v 0.11644399911165237 -0.03936300054192543 0
v 0.11689300090074539 -0.044500000774860382 0
v 0.11750300228595734 -0.045370999723672867 0
v 0.11507599800825119 -0.048562999814748764 0
v 0.1242619976401329 -0.047182001173496246 0
v 0.12522600591182709 -0.046732001006603241 0
v 0.12927600741386414 -0.048562999814748764 0
v 0.11644399911165237 -0.043535999953746796 0
v 0.12609699368476868 -0.046121999621391296 0
v 0.12684899568557739 -0.045370999723672867 0
v 0.12745900452136993 -0.044500000774860382 0
v 0.12790800631046295 -0.043535999953746796 0
v 0.12818300724029541 -0.04250900074839592 0
v 0.12827600538730621 -0.041450001299381256 0
v 0.11616799980401993 -0.040389999747276306 0
v 0.11607600003480911 -0.041450001299381256 0
v 0.11616799980401993 -0.04250900074839592 0
v 0.11825499683618546 -0.046121999621391296 0
v 0.11912599951028824 -0.046732001006603241 0
v 0.12008900195360184 -0.047182001173496246 0
v 0.12745900452136993 -0.03840000182390213 0
v 0.12790800631046295 -0.03936300054192543 0
v 0.12818300724029541 -0.040389999747276306 0
v 0.12684899568557739 -0.037528999149799347 0
v 0.12609699368476868 -0.03677700087428093 0
v 0.121117003262043 -0.047456998378038406 0
v 0.12217599898576736 -0.047550000250339508 0
v 0.12323500216007233 -0.047456998378038406 0
v 0.1242619976401329 -0.03571699932217598 0
v 0.12323500216007233 -0.035441998392343521 0
v 0.12927600741386414 -0.03433699905872345 0
v 0.12217599898576736 -0.035349998623132706 0
v 0.11507599800825119 -0.03433699905872345 0
v 0.121117003262043 -0.035441998392343521 0
v 0.35177901387214661 -0.049573998898267746 0
v 0.35222700238227844 -0.04957599937915802 0
v 0.35717600584030151 -0.079700000584125519 0
v 0.35717600584030151 -0.048562999814748764 0
v 0.33717599511146545 -0.048562999814748764 0
v 0.342072993516922 -0.048562999814748764 0
v 0.34207001328468323 -0.049541998654603958 0
v 0.34257298707962036 -0.079700000584125519 0
v 0.33717599511146545 -0.079700000584125519 0
v 0.33717599511146545 -0.036150000989437103 0
v 0.34211501479148865 -0.036150000989437103 0
v 0.34212398529052734 -0.033323001116514206 0
v 0.34212100505828857 -0.03433699905872345 0
v 0.33717599511146545 -0.03433699905872345 0
v 0.34257298707962036 -0.03332500159740448 0
v 0.33717599511146545 -0.022724999114871025 0
v 0.34257298707962036 -0.022724999114871025 0
v 0.35177901387214661 -0.022724999114871025 0
v 0.35177901387214661 -0.033355999737977982 0
v 0.35228198766708374 -0.033358000218868256 0
v 0.35717600584030151 -0.022724999114871025 0
v 0.35227799415588379 -0.03433699905872345 0
v 0.35223099589347839 -0.048562999814748764 0
v 0.35227200388908386 -0.036150000989437103 0
v 0.35717600584030151 -0.036150000989437103 0
v 0.35717600584030151 -0.03433699905872345 0
v 0.34392601251602173 -0.2720789909362793 0
v 0.34257298707962036 -0.28527501225471497 0
v 0.34495300054550171 -0.27255800366401672 0
v 0.34604701399803162 -0.27285099029541016 0
v 0.35177901387214661 -0.28527501225471497 0
v 0.34717598557472229 -0.27294999361038208 0
v 0.34830400347709656 -0.27285099029541016 0
v 0.3407750129699707 -0.26757800579071045 0
v 0.34106799960136414 -0.26867300271987915 0
v 0.33717599511146545 -0.27173900604248047 0
v 0.34154701232910156 -0.26969999074935913 0
v 0.34219598770141602 -0.27062800526618958 0
v 0.34257298707962036 -0.27100399136543274 0
v 0.34257298707962036 -0.26189500093460083 0
v 0.34219598770141602 -0.26227098703384399 0
v 0.33717599511146545 -0.2611599862575531 0
v 0.34154701232910156 -0.26320001482963562 0
v 0.34106799960136414 -0.26422598958015442 0
v 0.3407750129699707 -0.26532098650932312 0
v 0.34067600965499878 -0.26644998788833618 0
v 0.35177901387214661 -0.25914999842643738 0
v 0.34939900040626526 -0.26034200191497803 0
v 0.34830400347709656 -0.26004800200462341 0
v 0.34717598557472229 -0.25995001196861267 0
v 0.34604701399803162 -0.26004800200462341 0
v 0.34257298707962036 -0.25914999842643738 0
v 0.34495300054550171 -0.26034200191497803 0
v 0.34392601251602173 -0.26082000136375427 0
v 0.34257298707962036 -0.2611599862575531 0
v 0.34343999624252319 -0.2611599862575531 0
v 0.34299799799919128 -0.26146999001502991 0
v 0.35135400295257568 -0.26146999001502991 0
v 0.35091099143028259 -0.2611599862575531 0
v 0.35042598843574524 -0.26082000136375427 0
v 0.35177901387214661 -0.27100399136543274 0
v 0.35215499997138977 -0.27062800526618958 0
v 0.35717600584030151 -0.27173900604248047 0
v 0.35280498862266541 -0.26969999074935913 0
v 0.35328400135040283 -0.26867300271987915 0
v 0.35357698798179626 -0.26757800579071045 0
v 0.35367599129676819 -0.26644998788833618 0
v 0.35717600584030151 -0.2611599862575531 0
v 0.35357698798179626 -0.26532098650932312 0
v 0.35328400135040283 -0.26422598958015442 0
v 0.35280498862266541 -0.26320001482963562 0
v 0.34939900040626526 -0.27255800366401672 0
v 0.35042598843574524 -0.2720789909362793 0
v 0.35177901387214661 -0.27173900604248047 0
v 0.35091099143028259 -0.27173900604248047 0
v 0.35135400295257568 -0.27142900228500366 0
v 0.047956999391317368 -0.0458809994161129 0
v 0.048714999109506607 -0.045678000897169113 0
v 0.051075998693704605 -0.048562999814748764 0
v 0.049426000565290451 -0.045347001403570175 0
v 0.050067998468875885 -0.04489700123667717 0
v 0.050622999668121338 -0.044342000037431717 0
v 0.043278999626636505 -0.043699998408555984 0
v 0.04372899979352951 -0.044342000037431717 0
v 0.043276000767946243 -0.048562999814748764 0
v 0.044282998889684677 -0.04489700123667717 0
v 0.044925998896360397 -0.045347001403570175 0
v 0.045637000352144241 -0.045678000897169113 0
v 0.046394001692533493 -0.0458809994161129 0
v 0.047175999730825424 -0.045949999243021011 0
v 0.042743999511003494 -0.040667999535799026 0
v 0.042676001787185669 -0.041450001299381256 0
v 0.029588000848889351 -0.036150000989437103 0
v 0.042743999511003494 -0.042231000959873199 0
v 0.029588000848889351 -0.048562999814748764 0
v 0.042947001755237579 -0.042989000678062439 0
v 0.043276000767946243 -0.043692998588085175 0
v 0.043276000767946243 -0.036150000989437103 0
v 0.043276000767946243 -0.039205998182296753 0
v 0.042947001755237579 -0.039910998195409775 0
v 0.050622999668121338 -0.038557000458240509 0
v 0.051075998693704605 -0.036150000989437103 0
v 0.051072999835014343 -0.039200000464916229 0
v 0.051075998693704605 -0.039205998182296753 0
v 0.045637000352144241 -0.037220999598503113 0
v 0.044925998896360397 -0.037551999092102051 0
v 0.044282998889684677 -0.038001999258995056 0
v 0.050067998468875885 -0.038001999258995056 0
v 0.049426000565290451 -0.037551999092102051 0
v 0.048714999109506607 -0.037220999598503113 0
v 0.047956999391317368 -0.037018001079559326 0
v 0.047175999730825424 -0.036949999630451202 0
v 0.046394001692533493 -0.037018001079559326 0
v 0.04372899979352951 -0.038557000458240509 0
v 0.043278999626636505 -0.039200000464916229 0
v 0.051072999835014343 -0.043699998408555984 0
v 0.051075998693704605 -0.043692998588085175 0
v 0.051403999328613281 -0.039910998195409775 0
v 0.051607001572847366 -0.040667999535799026 0
v 0.051403999328613281 -0.042989000678062439 0
v 0.051607001572847366 -0.042231000959873199 0
v 0.051676001399755478 -0.041450001299381256 0
v 0.11696899682283401 -0.27265501022338867 0
v 0.11812599748373032 -0.27346399426460266 0
v 0.11507599800825119 -0.28527501225471497 0
v 0.12358199805021286 -0.27442699670791626 0
v 0.1249459981918335 -0.27406099438667297 0
v 0.12927600741386414 -0.28527501225471497 0
v 0.12622599303722382 -0.27346399426460266 0
v 0.12738199532032013 -0.27265501022338867 0
v 0.11940500140190125 -0.27406099438667297 0
v 0.12076900154352188 -0.27442699670791626 0
v 0.12217599898576736 -0.27454999089241028 0
v 0.11507599800825119 -0.27031698822975159 0
v 0.11516100168228149 -0.27050000429153442 0
v 0.11507599800825119 -0.27173900604248047 0
v 0.11597099900245667 -0.27165600657463074 0
v 0.11605300009250641 -0.27173900604248047 0
v 0.11456400156021118 -0.26367899775505066 0
v 0.11419899761676788 -0.2650429904460907 0
v 0.051075998693704605 -0.2611599862575531 0
v 0.11407600343227386 -0.26644998788833618 0
v 0.11456400156021118 -0.26921999454498291 0
v 0.051075998693704605 -0.27173900604248047 0
v 0.11419899761676788 -0.26785600185394287 0
v 0.11597099900245667 -0.26124298572540283 0
v 0.11516100168228149 -0.26240000128746033 0
v 0.11507599800825119 -0.26258200407028198 0
v 0.11940500140190125 -0.2588379979133606 0
v 0.11873699724674225 -0.25914999842643738 0
v 0.11507599800825119 -0.25914999842643738 0
v 0.11812599748373032 -0.25943499803543091 0
v 0.12076900154352188 -0.25847300887107849 0
v 0.12217599898576736 -0.25835001468658447 0
v 0.12927600741386414 -0.20877499878406525 0
v 0.12358199805021286 -0.25847300887107849 0
v 0.1249459981918335 -0.2588379979133606 0
v 0.12927600741386414 -0.26258200407028198 0
v 0.12919099628925323 -0.26240000128746033 0
v 0.12838099896907806 -0.26124298572540283 0
v 0.12829799950122833 -0.2611599862575531 0
v 0.12738199532032013 -0.26024499535560608 0
v 0.13015300035476685 -0.26785600185394287 0
v 0.13027599453926086 -0.26644998788833618 0
v 0.14113800227642059 -0.2611599862575531 0
v 0.13015300035476685 -0.2650429904460907 0
v 0.12978699803352356 -0.26367899775505066 0
v 0.12927600741386414 -0.27173900604248047 0
v 0.12829799950122833 -0.27173900604248047 0
v 0.12838099896907806 -0.27165600657463074 0
v 0.12978699803352356 -0.26921999454498291 0
v 0.14113800227642059 -0.27173900604248047 0
v 0.12927600741386414 -0.27031698822975159 0
v 0.12919099628925323 -0.27050000429153442 0
v 0.044268999248743057 -0.34943699836730957 0
v 0.045699998736381531 -0.34981998801231384 0
v 0.043276000767946243 -0.35672500729560852 0
v 0.047175999730825424 -0.34994998574256897 0
v 0.051075998693704605 -0.35672500729560852 0
v 0.048652000725269318 -0.34981998801231384 0
v 0.050083000212907791 -0.34943699836730957 0
v 0.040663998574018478 -0.33598598837852478 0
v 0.04033999890089035 -0.3364500105381012 0
v 0.029588000848889351 -0.3364500105381012 0
v 0.03981500118970871 -0.33719998598098755 0
v 0.039188001304864883 -0.33854201436042786 0
v 0.038805000483989716 -0.33997398614883423 0
v 0.038676001131534576 -0.34145000576972961 0
v 0.038805000483989716 -0.34292599558830261 0
v 0.039188001304864883 -0.34435701370239258 0
v 0.029588000848889351 -0.35672500729560852 0
v 0.03981500118970871 -0.34569999575614929 0
v 0.040663998574018478 -0.34691300988197327 0
v 0.041712000966072083 -0.34796100854873657 0
v 0.042925998568534851 -0.34881100058555603 0
v 0.043276000767946243 -0.34897398948669434 0
v 0.029588000848889351 -0.28527501225471497 0
v 0.042925998568534851 -0.33408799767494202 0
v 0.041712000966072083 -0.33493798971176147 0
v 0.050083000212907791 -0.33346199989318848 0
v 0.048652000725269318 -0.3330790102481842 0
v 0.051075998693704605 -0.28527501225471497 0
v 0.047175999730825424 -0.33294999599456787 0
v 0.045699998736381531 -0.3330790102481842 0
v 0.053686998784542084 -0.33598598837852478 0
v 0.052639000117778778 -0.33493798971176147 0
v 0.051426000893115997 -0.33408799767494202 0
v 0.051075998693704605 -0.33392500877380371 0
v 0.055675998330116272 -0.34145000576972961 0
v 0.055546998977661133 -0.33997398614883423 0
v 0.11507599800825119 -0.3364500105381012 0
v 0.053686998784542084 -0.34691300988197327 0
v 0.054536998271942139 -0.34569999575614929 0
v 0.11507599800825119 -0.35672500729560852 0
v 0.055162999778985977 -0.34435701370239258 0
v 0.055546998977661133 -0.34292599558830261 0
v 0.051075998693704605 -0.34897398948669434 0
v 0.051426000893115997 -0.34881100058555603 0
v 0.052639000117778778 -0.34796100854873657 0
v 0.055162999778985977 -0.33854201436042786 0
v 0.054536998271942139 -0.33719998598098755 0
v 0.054012000560760498 -0.3364500105381012 0
v 0.19108699262142181 -0.037381000816822052 0
v 0.19108699262142181 -0.045517999678850174 0
v 0.18738099932670593 -0.048562999814748764 0
v 0.2032649964094162 -0.045517999678850174 0
v 0.21892599761486053 -0.048562999814748764 0
v 0.19310399889945984 -0.048562999814748764 0
v 0.19310399889945984 -0.045517999678850174 0
v 0.18738099932670593 -0.036150000989437103 0
v 0.19310399889945984 -0.037381000816822052 0
v 0.19310399889945984 -0.036150000989437103 0
v 0.2032649964094162 -0.037381000816822052 0
v 0.21892599761486053 -0.036150000989437103 0
v 0.28425100445747375 -0.2611599862575531 0
v 0.28425100445747375 -0.27173900604248047 0
v 0.275736004114151 -0.27052798867225647 0
v 0.27435100078582764 -0.27173900604248047 0
v 0.27435100078582764 -0.27052599191665649 0
v 0.27120101451873779 -0.27173900604248047 0
v 0.27120101451873779 -0.27052000164985657 0
v 0.26963898539543152 -0.27173900604248047 0
v 0.26963898539543152 -0.27051699161529541 0
v 0.26963898539543152 -0.2611599862575531 0
v 0.26963898539543152 -0.26237300038337708 0
v 0.26861599087715149 -0.2623710036277771 0
v 0.27120101451873779 -0.2611599862575531 0
v 0.27120101451873779 -0.26237601041793823 0
v 0.27575001120567322 -0.26238399744033813 0
v 0.27435100078582764 -0.26238098740577698 0
v 0.27435100078582764 -0.2611599862575531 0
v 0.17542600631713867 -0.29600000381469727 0
v 0.14113800227642059 -0.28527501225471497 0
v 0.17542600631713867 -0.28527501225471497 0
v 0.18738099932670593 -0.28527501225471497 0
v 0.18738099932670593 -0.29600000381469727 0
v 0.19310399889945984 -0.28527501225471497 0
v 0.19310399889945984 -0.29600000381469727 0
v 0.21892599761486053 -0.28527501225471497 0
v 0.21892599761486053 -0.29600000381469727 0
v 0.22958800196647644 -0.28527501225471497 0
v 0.22958800196647644 -0.29600000381469727 0
v 0.23199999332427979 -0.29600000381469727 0
v 0.26963898539543152 -0.28527501225471497 0
v 0.23199999332427979 -0.3364500105381012 0
v 0.26963898539543152 -0.38400000333786011 0
v 0.22958800196647644 -0.38400000333786011 0
v 0.22958800196647644 -0.37599998712539673 0
v 0.21892599761486053 -0.38400000333786011 0
v 0.21892599761486053 -0.37599998712539673 0
v 0.19310399889945984 -0.38400000333786011 0
v 0.19310399889945984 -0.37599998712539673 0
v 0.18738099932670593 -0.38400000333786011 0
v 0.18738099932670593 -0.37599998712539673 0
v 0.17542600631713867 -0.38400000333786011 0
v 0.17542600631713867 -0.37599998712539673 0
v 0.15199999511241913 -0.37599998712539673 0
v 0.14113800227642059 -0.38400000333786011 0
v 0.15199999511241913 -0.35672500729560852 0
v 0.14113800227642059 -0.35672500729560852 0
v 0.006750000175088644 -0.35672500729560852 0
v 0.006750000175088644 -0.38400000333786011 0
v 0 -0.38400000333786011 0
v 0 -0.2611599862575531 0
v 0 -0.27173900604248047 0
v 0 -0.28527501225471497 0
v 0.017000000923871994 -0.36349999904632568 0
v 0.016392000019550323 -0.36355298757553101 0
v 0.029588000848889351 -0.38400000333786011 0
v 0.019249999895691872 -0.36968100070953369 0
v 0.019680999219417572 -0.36924999952316284 0
v 0.020030999556183815 -0.36875000596046448 0
v 0.020289000123739243 -0.3681969940662384 0
v 0.020447000861167908 -0.36760801076889038 0
v 0.015802999958395958 -0.36371099948883057 0
v 0.015250000171363354 -0.36396899819374084 0
v 0.014750000089406967 -0.36431899666786194 0
v 0.020500000566244125 -0.36700001358985901 0
v 0.020447000861167908 -0.36639198660850525 0
v 0.020289000123739243 -0.36580300331115723 0
v 0.020030999556183815 -0.36524999141693115 0
v 0.019680999219417572 -0.36474999785423279 0
v 0.019249999895691872 -0.36431899666786194 0
v 0.014318999834358692 -0.36474999785423279 0
v 0.013969000428915024 -0.36524999141693115 0
v 0.013710999861359596 -0.36580300331115723 0
v 0.013553000055253506 -0.36639198660850525 0
v 0.013500000350177288 -0.36700001358985901 0
v 0.013553000055253506 -0.36760801076889038 0
v 0.013710999861359596 -0.3681969940662384 0
v 0.017607999965548515 -0.37044700980186462 0
v 0.018197000026702881 -0.37028899788856506 0
v 0.01875000074505806 -0.37003099918365479 0
v 0.01875000074505806 -0.36396899819374084 0
v 0.018197000026702881 -0.36371099948883057 0
v 0.017607999965548515 -0.36355298757553101 0
v 0.013969000428915024 -0.36875000596046448 0
v 0.014318999834358692 -0.36924999952316284 0
v 0.014750000089406967 -0.36968100070953369 0
v 0.017000000923871994 -0.37049999833106995 0
v 0.016392000019550323 -0.37044700980186462 0
v 0.015250000171363354 -0.37003099918365479 0
v 0.015802999958395958 -0.37028899788856506 0
v 0 -0.35672500729560852 0
v 0.006750000175088644 -0.3364500105381012 0
v 0.043276000767946243 -0.25914999842643738 0
v 0.029588000848889351 -0.25914999842643738 0
v 0.006750000175088644 -0.25914999842643738 0
v 0.006750000175088644 -0.048562999814748764 0
v 0.006750000175088644 -0.036150000989437103 0
v 0 -0.048562999814748764 0
v 0 -0.036150000989437103 0
v 0.020030999556183815 -0.01875000074505806 0
v 0.029588000848889351 -0.022724999114871025 0
v 0.019680999219417572 -0.019249999895691872 0
v 0.019249999895691872 -0.019680999219417572 0
v 0.006750000175088644 -0.006750000175088644 0
v 0.016392000019550323 -0.013553000055253506 0
v 0.015802999958395958 -0.013710999861359596 0
v 0.013553000055253506 -0.016392000019550323 0
v 0.006750000175088644 -0.022724999114871025 0
v 0 -0.022724999114871025 0
v 0.029588000848889351 -0.006750000175088644 0
v 0.017607999965548515 -0.013553000055253506 0
v 0.017000000923871994 -0.013500000350177288 0
v 0.015250000171363354 -0.013969000428915024 0
v 0.014750000089406967 -0.014318999834358692 0
v 0.014318999834358692 -0.014750000089406967 0
v 0.020289000123739243 -0.018197000026702881 0
v 0.020447000861167908 -0.017607999965548515 0
v 0.020500000566244125 -0.017000000923871994 0
v 0.020447000861167908 -0.016392000019550323 0
v 0.020289000123739243 -0.015802999958395958 0
v 0.020030999556183815 -0.015250000171363354 0
v 0.019680999219417572 -0.014750000089406967 0
v 0.019249999895691872 -0.014318999834358692 0
v 0.013969000428915024 -0.015250000171363354 0
v 0.013710999861359596 -0.015802999958395958 0
v 0.013500000350177288 -0.017000000923871994 0
v 0.013553000055253506 -0.017607999965548515 0
v 0.013710999861359596 -0.018197000026702881 0
v 0.017607999965548515 -0.020447000861167908 0
v 0.018197000026702881 -0.020289000123739243 0
v 0.01875000074505806 -0.020030999556183815 0
v 0.01875000074505806 -0.013969000428915024 0
v 0.018197000026702881 -0.013710999861359596 0
v 0.013969000428915024 -0.01875000074505806 0
v 0.014318999834358692 -0.019249999895691872 0
v 0.014750000089406967 -0.019680999219417572 0
v 0.017000000923871994 -0.020500000566244125 0
v 0.016392000019550323 -0.020447000861167908 0
v 0.015250000171363354 -0.020030999556183815 0
v 0.015802999958395958 -0.020289000123739243 0
v 0.029588000848889351 -0.20877499878406525 0
v 0.043276000767946243 -0.20877499878406525 0
v 0.029588000848889351 -0.19602499902248383 0
v 0.029588000848889351 -0.19435000419616699 0
v 0.006750000175088644 -0.19602499902248383 0
v 0.006750000175088644 -0.19435000419616699 0
v 0 -0.19602499902248383 0
v 0 -0.19435000419616699 0
v 0.029588000848889351 -0.18854999542236328 0
v 0.006750000175088644 -0.18854999542236328 0
v 0 -0.18854999542236328 0
v 0.029588000848889351 -0.18754999339580536 0
v 0.006750000175088644 -0.18754999339580536 0
v 0.043276000767946243 -0.27173900604248047 0
v 0.050276998430490494 -0.22032099962234497 0
v 0.050034001469612122 -0.21979999542236328 0
v 0.049704000353813171 -0.21932800114154816 0
v 0.049297001212835312 -0.21892200410366058 0
v 0.048826001584529877 -0.21859200298786163 0
v 0.048303999006748199 -0.21834899485111237 0
v 0.047749001532793045 -0.21819999814033508 0
v 0.047175999730825424 -0.21815000474452972 0
v 0.046603001654148102 -0.21819999814033508 0
v 0.046046998351812363 -0.21834899485111237 0
v 0.04552600160241127 -0.21859200298786163 0
v 0.045054998248815536 -0.21892200410366058 0
v 0.044075001031160355 -0.22257800400257111 0
v 0.044318001717329025 -0.22310000658035278 0
v 0.049704000353813171 -0.22357100248336792 0
v 0.050034001469612122 -0.22310000658035278 0
v 0.050276998430490494 -0.22257800400257111 0
v 0.050425998866558075 -0.22202299535274506 0
v 0.050475999712944031 -0.22145000100135803 0
v 0.050425998866558075 -0.22087700664997101 0
v 0.044647999107837677 -0.21932800114154816 0
v 0.044318001717329025 -0.21979999542236328 0
v 0.044075001031160355 -0.22032099962234497 0
v 0.043926000595092773 -0.22087700664997101 0
v 0.043875999748706818 -0.22145000100135803 0
v 0.043926000595092773 -0.22202299535274506 0
v 0.047749001532793045 -0.22469900548458099 0
v 0.048303999006748199 -0.2245510071516037 0
v 0.048826001584529877 -0.22430700063705444 0
v 0.049297001212835312 -0.22397799789905548 0
v 0.044647999107837677 -0.22357100248336792 0
v 0.045054998248815536 -0.22397799789905548 0
v 0.04552600160241127 -0.22430700063705444 0
v 0.046046998351812363 -0.2245510071516037 0
v 0.046603001654148102 -0.22469900548458099 0
v 0.047175999730825424 -0.22474999725818634 0
v 0 -0.3364500105381012 0
v 0.006750000175088644 -0.28527501225471497 0
v 0.029588000848889351 -0.27173900604248047 0
v 0.043276000767946243 -0.2611599862575531 0
v 0.049704000353813171 -0.14357100427150726 0
v 0.050034001469612122 -0.14309999346733093 0
v 0.050276998430490494 -0.14257800579071045 0
v 0.050425998866558075 -0.1420229971408844 0
v 0.050475999712944031 -0.14145000278949738 0
v 0.043276000767946243 -0.13480000197887421 0
v 0.046046998351812363 -0.13834899663925171 0
v 0.04552600160241127 -0.13859200477600098 0
v 0.045054998248815536 -0.13892200589179993 0
v 0.044647999107837677 -0.1393280029296875 0
v 0.044318001717329025 -0.13979999721050262 0
v 0.044075001031160355 -0.14032100141048431 0
v 0.043926000595092773 -0.14087699353694916 0
v 0.043875999748706818 -0.14145000278949738 0
v 0.029588000848889351 -0.13480000197887421 0
v 0.043926000595092773 -0.1420229971408844 0
v 0.044075001031160355 -0.14257800579071045 0
v 0.044318001717329025 -0.14309999346733093 0
v 0.044647999107837677 -0.14357100427150726 0
v 0.048303999006748199 -0.14455099403858185 0
v 0.048826001584529877 -0.14430700242519379 0
v 0.049297001212835312 -0.14397799968719482 0
v 0.050425998866558075 -0.14087699353694916 0
v 0.050276998430490494 -0.14032100141048431 0
v 0.051075998693704605 -0.13480000197887421 0
v 0.050034001469612122 -0.13979999721050262 0
v 0.049704000353813171 -0.1393280029296875 0
v 0.045054998248815536 -0.14397799968719482 0
v 0.04552600160241127 -0.14430700242519379 0
v 0.046046998351812363 -0.14455099403858185 0
v 0.046603001654148102 -0.14469900727272034 0
v 0.047175999730825424 -0.14474999904632568 0
v 0.047749001532793045 -0.14469900727272034 0
v 0.049297001212835312 -0.13892200589179993 0
v 0.048826001584529877 -0.13859200477600098 0
v 0.048303999006748199 -0.13834899663925171 0
v 0.047749001532793045 -0.13819999992847443 0
v 0.047175999730825424 -0.13815000653266907 0
v 0.046603001654148102 -0.13819999992847443 0
v 0.051075998693704605 -0.03433699905872345 0
v 0.043276000767946243 -0.03433699905872345 0
v 0.029588000848889351 -0.03433699905872345 0
v 0.006750000175088644 -0.03433699905872345 0
v 0 -0.03433699905872345 0
v 0.12001100182533264 -0.19020000100135803 0
v 0.11982700228691101 -0.19059500098228455 0
v 0.11507599800825119 -0.18854999542236328 0
v 0.11971399933099747 -0.19101500511169434 0
v 0.11967600136995316 -0.19144999980926514 0
v 0.12132100015878677 -0.1890999972820282 0
v 0.12092600017786026 -0.18928499519824982 0
v 0.12463799864053726 -0.19188399612903595 0
v 0.12467599660158157 -0.19144999980926514 0
v 0.12927600741386414 -0.18854999542236328 0
v 0.12463799864053726 -0.19101500511169434 0
v 0.12056899815797806 -0.18953500688076019 0
v 0.12026099860668182 -0.18984299898147583 0
v 0.11507599800825119 -0.19435000419616699 0
v 0.11971399933099747 -0.19188399612903595 0
v 0.12434100359678268 -0.19269999861717224 0
v 0.12452500313520432 -0.19230499863624573 0
v 0.12927600741386414 -0.19435000419616699 0
v 0.12452500313520432 -0.19059500098228455 0
v 0.12434100359678268 -0.19020000100135803 0
v 0.12409099936485291 -0.18984299898147583 0
v 0.11982700228691101 -0.19230499863624573 0
v 0.12001100182533264 -0.19269999861717224 0
v 0.12026099860668182 -0.19305700063705444 0
v 0.12378299981355667 -0.18953500688076019 0
v 0.12342599779367447 -0.18928499519824982 0
v 0.12303099781274796 -0.1890999972820282 0
v 0.12303099781274796 -0.19379900395870209 0
v 0.12342599779367447 -0.19361500442028046 0
v 0.12378299981355667 -0.19336499273777008 0
v 0.12409099936485291 -0.19305700063705444 0
v 0.12261000275611877 -0.18898800015449524 0
v 0.12217599898576736 -0.18895000219345093 0
v 0.12174200266599655 -0.18898800015449524 0
v 0.12056899815797806 -0.19336499273777008 0
v 0.12092600017786026 -0.19361500442028046 0
v 0.12132100015878677 -0.19379900395870209 0
v 0.12174200266599655 -0.19391199946403503 0
v 0.12217599898576736 -0.19394999742507935 0
v 0.12261000275611877 -0.19391199946403503 0
v 0.12927600741386414 -0.38400000333786011 0
v 0.12927600741386414 -0.35672500729560852 0
v 0.11507599800825119 -0.38400000333786011 0
v 0.051075998693704605 -0.38400000333786011 0
v 0.043276000767946243 -0.38400000333786011 0
v 0.12927600741386414 -0.3364500105381012 0
v 0.17542600631713867 -0.20877499878406525 0
v 0.14113800227642059 -0.20877499878406525 0
v 0.17542600631713867 -0.2611599862575531 0
v 0.17542600631713867 -0.27173900604248047 0
v 0.18738099932670593 -0.19602499902248383 0
v 0.17542600631713867 -0.19602499902248383 0
v 0.14113800227642059 -0.19602499902248383 0
v 0.12927600741386414 -0.19602499902248383 0
v 0.11507599800825119 -0.19602499902248383 0
v 0.16867600381374359 -0.13144999742507935 0
v 0.17542600631713867 -0.13480000197887421 0
v 0.16841499507427216 -0.13142700493335724 0
v 0.14113800227642059 -0.13480000197887421 0
v 0.168163001537323 -0.13135899603366852 0
v 0.17542600631713867 -0.12449999898672104 0
v 0.16918900609016418 -0.12853999435901642 0
v 0.16893599927425385 -0.12847200036048889 0
v 0.16771200299263 -0.12880100309848785 0
v 0.16752700507640839 -0.12898500263690948 0
v 0.14113800227642059 -0.12449999898672104 0
v 0.16737699508666992 -0.1307000070810318 0
v 0.16752700507640839 -0.13091400265693665 0
v 0.16893599927425385 -0.13142700493335724 0
v 0.16918900609016418 -0.13135899603366852 0
v 0.16942599415779114 -0.13124899566173553 0
v 0.16792599856853485 -0.12865099310874939 0
v 0.16737699508666992 -0.12919999659061432 0
v 0.16726599633693695 -0.12943699955940247 0
v 0.16719900071620941 -0.12968899309635162 0
v 0.16717599332332611 -0.12995000183582306 0
v 0.16719900071620941 -0.13020999729633331 0
v 0.16726599633693695 -0.13046300411224365 0
v 0.16771200299263 -0.13109900057315826 0
v 0.16792599856853485 -0.13124899566173553 0
v 0.16867600381374359 -0.12845000624656677 0
v 0.16841499507427216 -0.12847200036048889 0
v 0.168163001537323 -0.12853999435901642 0
v 0.029588000848889351 -0.12449999898672104 0
v 0.043276000767946243 -0.12449999898672104 0
v 0.051075998693704605 -0.12449999898672104 0
v 0.11507599800825119 -0.12449999898672104 0
v 0.11507599800825119 -0.13480000197887421 0
v 0.12927600741386414 -0.12449999898672104 0
v 0.12927600741386414 -0.13480000197887421 0
v 0.16997499763965607 -0.12919999659061432 0
v 0.1698250025510788 -0.12898500263690948 0
v 0.16964000463485718 -0.13109900057315826 0
v 0.1698250025510788 -0.13091400265693665 0
v 0.16997499763965607 -0.1307000070810318 0
v 0.17008499801158905 -0.13046300411224365 0
v 0.17015300691127777 -0.13020999729633331 0
v 0.17017599940299988 -0.12995000183582306 0
v 0.17015300691127777 -0.12968899309635162 0
v 0.17008499801158905 -0.12943699955940247 0
v 0.16964000463485718 -0.12880100309848785 0
v 0.16942599415779114 -0.12865099310874939 0
v 0.16893599927425385 -0.10442700237035751 0
v 0.16918900609016418 -0.10435900092124939 0
v 0.17542600631713867 -0.10840000212192535 0
v 0.16792599856853485 -0.10165099799633026 0
v 0.16771200299263 -0.10180100053548813 0
v 0.14113800227642059 -0.079700000584125519 0
v 0.16752700507640839 -0.10391400009393692 0
v 0.16771200299263 -0.10409899801015854 0
v 0.14113800227642059 -0.10840000212192535 0
v 0.16792599856853485 -0.10424900054931641 0
v 0.168163001537323 -0.10435900092124939 0
v 0.16841499507427216 -0.10442700237035751 0
v 0.16867600381374359 -0.10445000231266022 0
v 0.16893599927425385 -0.10147199779748917 0
v 0.16867600381374359 -0.10145000368356705 0
v 0.17542600631713867 -0.079700000584125519 0
v 0.16841499507427216 -0.10147199779748917 0
v 0.168163001537323 -0.10153999924659729 0
v 0.16964000463485718 -0.10180100053548813 0
v 0.16942599415779114 -0.10165099799633026 0
v 0.16918900609016418 -0.10153999924659729 0
v 0.16719900071620941 -0.10321000218391418 0
v 0.16717599332332611 -0.10294999927282333 0
v 0.16719900071620941 -0.1026889979839325 0
v 0.16726599633693695 -0.10346300154924393 0
v 0.16737699508666992 -0.10369999706745148 0
v 0.16942599415779114 -0.10424900054931641 0
v 0.16964000463485718 -0.10409899801015854 0
v 0.1698250025510788 -0.10391400009393692 0
v 0.16752700507640839 -0.10198500007390976 0
v 0.16737699508666992 -0.10220000147819519 0
v 0.16726599633693695 -0.10243699699640274 0
v 0.029588000848889351 -0.079700000584125519 0
v 0.029588000848889351 -0.10840000212192535 0
v 0.043276000767946243 -0.079700000584125519 0
v 0.043276000767946243 -0.10840000212192535 0
v 0.051075998693704605 -0.079700000584125519 0
v 0.051075998693704605 -0.10840000212192535 0
v 0.11507599800825119 -0.079700000584125519 0
v 0.11507599800825119 -0.10840000212192535 0
v 0.12927600741386414 -0.079700000584125519 0
v 0.12927600741386414 -0.10840000212192535 0
v 0.17015300691127777 -0.1026889979839325 0
v 0.17017599940299988 -0.10294999927282333 0
v 0.17015300691127777 -0.10321000218391418 0
v 0.16997499763965607 -0.10369999706745148 0
v 0.17008499801158905 -0.10346300154924393 0
v 0.17008499801158905 -0.10243699699640274 0
v 0.16997499763965607 -0.10220000147819519 0
v 0.1698250025510788 -0.10198500007390976 0
v 0.18243600428104401 -0.26792699098587036 0
v 0.18268899619579315 -0.26785901188850403 0
v 0.18738099932670593 -0.27173900604248047 0
v 0.18102699518203735 -0.26741400361061096 0
v 0.18121199309825897 -0.26759898662567139 0
v 0.18142600357532501 -0.26774901151657104 0
v 0.18217599391937256 -0.26495000720024109 0
v 0.18191500008106232 -0.26497200131416321 0
v 0.18166300654411316 -0.26504001021385193 0
v 0.18142600357532501 -0.26515099406242371 0
v 0.18166300654411316 -0.26785901188850403 0
v 0.18191500008106232 -0.26792699098587036 0
v 0.18217599391937256 -0.26794999837875366 0
v 0.1829259991645813 -0.26774901151657104 0
v 0.18313999474048615 -0.26759898662567139 0
v 0.18332499265670776 -0.26741400361061096 0
v 0.18332499265670776 -0.26548498868942261 0
v 0.18313999474048615 -0.26530098915100098 0
v 0.18738099932670593 -0.2611599862575531 0
v 0.1829259991645813 -0.26515099406242371 0
v 0.18268899619579315 -0.26504001021385193 0
v 0.18243600428104401 -0.26497200131416321 0
v 0.18367600440979004 -0.26644998788833618 0
v 0.18365299701690674 -0.26618900895118713 0
v 0.18358500301837921 -0.26593700051307678 0
v 0.18347500264644623 -0.26570001244544983 0
v 0.18069900572299957 -0.26671001315116882 0
v 0.18076600134372711 -0.26696300506591797 0
v 0.18087700009346008 -0.26719999313354492 0
v 0.18121199309825897 -0.26530098915100098 0
v 0.18102699518203735 -0.26548498868942261 0
v 0.18087700009346008 -0.26570001244544983 0
v 0.18076600134372711 -0.26593700051307678 0
v 0.18069900572299957 -0.26618900895118713 0
v 0.18067599833011627 -0.26644998788833618 0
v 0.18347500264644623 -0.26719999313354492 0
v 0.18358500301837921 -0.26696300506591797 0
v 0.18365299701690674 -0.26671001315116882 0
v 0.19310399889945984 -0.19435000419616699 0
v 0.18738099932670593 -0.19435000419616699 0
v 0.17542600631713867 -0.19435000419616699 0
v 0.14113800227642059 -0.19435000419616699 0
v 0.17542600631713867 -0.048562999814748764 0
v 0.17542600631713867 -0.036150000989437103 0
v 0.14113800227642059 -0.048562999814748764 0
v 0.14113800227642059 -0.036150000989437103 0
v 0.19310399889945984 -0.2611599862575531 0
v 0.19310399889945984 -0.27173900604248047 0
v 0.14113800227642059 -0.18854999542236328 0
v 0.17542600631713867 -0.18854999542236328 0
v 0.18738099932670593 -0.18854999542236328 0
v 0.19310399889945984 -0.18854999542236328 0
v 0.2124360054731369 -0.26792699098587036 0
v 0.21268899738788605 -0.26785901188850403 0
v 0.21892599761486053 -0.27173900604248047 0
v 0.21166299283504486 -0.26504001021385193 0
v 0.21142600476741791 -0.26515099406242371 0
v 0.21121199429035187 -0.26530098915100098 0
v 0.21102699637413025 -0.26548498868942261 0
v 0.21087700128555298 -0.26570001244544983 0
v 0.21142600476741791 -0.26774901151657104 0
v 0.21166299283504486 -0.26785901188850403 0
v 0.21191500127315521 -0.26792699098587036 0
v 0.21217599511146545 -0.26794999837875366 0
v 0.21292600035667419 -0.26774901151657104 0
v 0.21313999593257904 -0.26759898662567139 0
v 0.21332499384880066 -0.26741400361061096 0
v 0.21268899738788605 -0.26504001021385193 0
v 0.21892599761486053 -0.2611599862575531 0
v 0.21292600035667419 -0.26515099406242371 0
v 0.21313999593257904 -0.26530098915100098 0
v 0.2124360054731369 -0.26497200131416321 0
v 0.21217599511146545 -0.26495000720024109 0
v 0.21191500127315521 -0.26497200131416321 0
v 0.21069900691509247 -0.26671001315116882 0
v 0.21076600253582001 -0.26696300506591797 0
v 0.21087700128555298 -0.26719999313354492 0
v 0.21076600253582001 -0.26593700051307678 0
v 0.21069900691509247 -0.26618900895118713 0
v 0.21067599952220917 -0.26644998788833618 0
v 0.21102699637413025 -0.26741400361061096 0
v 0.21121199429035187 -0.26759898662567139 0
v 0.21347500383853912 -0.26719999313354492 0
v 0.21358500421047211 -0.26696300506591797 0
v 0.21365299820899963 -0.26671001315116882 0
v 0.21367600560188293 -0.26644998788833618 0
v 0.21365299820899963 -0.26618900895118713 0
v 0.21358500421047211 -0.26593700051307678 0
v 0.21347500383853912 -0.26570001244544983 0
v 0.21332499384880066 -0.26548498868942261 0
v 0.19512100517749786 -0.19350500404834747 0
v 0.19923099875450134 -0.19350500404834747 0
v 0.19512100517749786 -0.1893949955701828 0
v 0.19923099875450134 -0.1893949955701828 0
v 0.19310399889945984 -0.19602499902248383 0
v 0.18738099932670593 -0.20877499878406525 0
v 0.17542600631713867 -0.25914999842643738 0
v 0.18738099932670593 -0.079700000584125519 0
v 0.18738099932670593 -0.10840000212192535 0
v 0.19310399889945984 -0.079700000584125519 0
v 0.19310399889945984 -0.10840000212192535 0
v 0.21892599761486053 -0.079700000584125519 0
v 0.21892599761486053 -0.10840000212192535 0
v 0.22958800196647644 -0.2611599862575531 0
v 0.22958800196647644 -0.27173900604248047 0
v 0.18738099932670593 -0.25914999842643738 0
v 0.19310399889945984 -0.20877499878406525 0
v 0.21892599761486053 -0.19602499902248383 0
v 0.22958800196647644 -0.19435000419616699 0
v 0.26963898539543152 -0.18854999542236328 0
v 0.22567600011825562 -0.13144999742507935 0
v 0.22958800196647644 -0.13480000197887421 0
v 0.22541500627994537 -0.13142700493335724 0
v 0.21892599761486053 -0.13480000197887421 0
v 0.22516299784183502 -0.13135899603366852 0
v 0.22593599557876587 -0.13142700493335724 0
v 0.22618900239467621 -0.13135899603366852 0
v 0.22642600536346436 -0.13124899566173553 0
v 0.22516299784183502 -0.12853999435901642 0
v 0.22492599487304688 -0.12865099310874939 0
v 0.21892599761486053 -0.12449999898672104 0
v 0.22471199929714203 -0.12880100309848785 0
v 0.22452700138092041 -0.12898500263690948 0
v 0.22437700629234314 -0.1307000070810318 0
v 0.22452700138092041 -0.13091400265693665 0
v 0.22618900239467621 -0.12853999435901642 0
v 0.22958800196647644 -0.12449999898672104 0
v 0.22642600536346436 -0.12865099310874939 0
v 0.2266400009393692 -0.12880100309848785 0
v 0.22593599557876587 -0.12847200036048889 0
v 0.22567600011825562 -0.12845000624656677 0
v 0.22541500627994537 -0.12847200036048889 0
v 0.22437700629234314 -0.12919999659061432 0
v 0.22426599264144897 -0.12943699955940247 0
v 0.22419899702072144 -0.12968899309635162 0
v 0.22417600452899933 -0.12995000183582306 0
v 0.22419899702072144 -0.13020999729633331 0
v 0.22426599264144897 -0.13046300411224365 0
v 0.22471199929714203 -0.13109900057315826 0
v 0.22492599487304688 -0.13124899566173553 0
v 0.22715300321578979 -0.12968899309635162 0
v 0.22708499431610107 -0.12943699955940247 0
v 0.18738099932670593 -0.12449999898672104 0
v 0.18738099932670593 -0.13480000197887421 0
v 0.19310399889945984 -0.12449999898672104 0
v 0.19310399889945984 -0.13480000197887421 0
v 0.2266400009393692 -0.13109900057315826 0
v 0.22682499885559082 -0.13091400265693665 0
v 0.22697499394416809 -0.1307000070810318 0
v 0.22708499431610107 -0.13046300411224365 0
v 0.22715300321578979 -0.13020999729633331 0
v 0.2271759957075119 -0.12995000183582306 0
v 0.22697499394416809 -0.12919999659061432 0
v 0.22682499885559082 -0.12898500263690948 0
v 0.22593599557876587 -0.10442700237035751 0
v 0.22618900239467621 -0.10435900092124939 0
v 0.22958800196647644 -0.10840000212192535 0
v 0.22642600536346436 -0.10424900054931641 0
v 0.2266400009393692 -0.10409899801015854 0
v 0.22516299784183502 -0.10153999924659729 0
v 0.22492599487304688 -0.10165099799633026 0
v 0.22471199929714203 -0.10180100053548813 0
v 0.22452700138092041 -0.10198500007390976 0
v 0.22419899702072144 -0.10321000218391418 0
v 0.22426599264144897 -0.10346300154924393 0
v 0.22471199929714203 -0.10409899801015854 0
v 0.22492599487304688 -0.10424900054931641 0
v 0.22682499885559082 -0.10198500007390976 0
v 0.2266400009393692 -0.10180100053548813 0
v 0.22958800196647644 -0.079700000584125519 0
v 0.22642600536346436 -0.10165099799633026 0
v 0.22618900239467621 -0.10153999924659729 0
v 0.22593599557876587 -0.10147199779748917 0
v 0.22567600011825562 -0.10145000368356705 0
v 0.22541500627994537 -0.10147199779748917 0
v 0.22516299784183502 -0.10435900092124939 0
v 0.22541500627994537 -0.10442700237035751 0
v 0.22567600011825562 -0.10445000231266022 0
v 0.22417600452899933 -0.10294999927282333 0
v 0.22437700629234314 -0.10369999706745148 0
v 0.22452700138092041 -0.10391400009393692 0
v 0.22682499885559082 -0.10391400009393692 0
v 0.22697499394416809 -0.10369999706745148 0
v 0.22708499431610107 -0.10346300154924393 0
v 0.22437700629234314 -0.10220000147819519 0
v 0.22426599264144897 -0.10243699699640274 0
v 0.22419899702072144 -0.1026889979839325 0
v 0.22715300321578979 -0.1026889979839325 0
v 0.22708499431610107 -0.10243699699640274 0
v 0.22697499394416809 -0.10220000147819519 0
v 0.22715300321578979 -0.10321000218391418 0
v 0.2271759957075119 -0.10294999927282333 0
v 0.19310399889945984 -0.25914999842643738 0
v 0.21892599761486053 -0.20877499878406525 0
v 0.22958800196647644 -0.19602499902248383 0
v 0.26963898539543152 -0.19435000419616699 0
v 0.27120101451873779 -0.18854999542236328 0
v 0.22958800196647644 -0.048562999814748764 0
v 0.22958800196647644 -0.03433699905872345 0
v 0.22958800196647644 -0.022724999114871025 0
v 0.21892599761486053 -0.03433699905872345 0
v 0.21892599761486053 -0.022724999114871025 0
v 0.19310399889945984 -0.03433699905872345 0
v 0.19310399889945984 -0.022724999114871025 0
v 0.18738099932670593 -0.03433699905872345 0
v 0.18738099932670593 -0.022724999114871025 0
v 0.17542600631713867 -0.03433699905872345 0
v 0.17542600631713867 -0.022724999114871025 0
v 0.14113800227642059 -0.03433699905872345 0
v 0.14113800227642059 -0.022724999114871025 0
v 0.12927600741386414 -0.022724999114871025 0
v 0.11507599800825119 -0.022724999114871025 0
v 0.051075998693704605 -0.022724999114871025 0
v 0.043276000767946243 -0.022724999114871025 0
v 0.26860201358795166 -0.27051499485969543 0
v 0.26963898539543152 -0.25914999842643738 0
v 0.27120101451873779 -0.25914999842643738 0
v 0.22958800196647644 -0.25914999842643738 0
v 0.26963898539543152 -0.20877499878406525 0
v 0.21892599761486053 -0.25914999842643738 0
v 0.22958800196647644 -0.20877499878406525 0
v 0.26963898539543152 -0.19602499902248383 0
v 0.27120101451873779 -0.19435000419616699 0
v 0.26963898539543152 -0.18754999339580536 0
v 0.26963898539543152 -0.13480000197887421 0
v 0.22958800196647644 -0.18754999339580536 0
v 0.21892599761486053 -0.18754999339580536 0
v 0.19310399889945984 -0.18754999339580536 0
v 0.18738099932670593 -0.18754999339580536 0
v 0.17542600631713867 -0.18754999339580536 0
v 0.14113800227642059 -0.18754999339580536 0
v 0.12927600741386414 -0.18754999339580536 0
v 0.11507599800825119 -0.18754999339580536 0
v 0.27435100078582764 -0.25914999842643738 0
v 0.28425100445747375 -0.25914999842643738 0
v 0.30915099382400513 -0.27173900604248047 0
v 0.30915099382400513 -0.2611599862575531 0
v 0.30915099382400513 -0.25914999842643738 0
v 0.30915099382400513 -0.20877499878406525 0
v 0.28442499041557312 -0.19831399619579315 0
v 0.28454700112342834 -0.19857500493526459 0
v 0.28471198678016663 -0.19880999624729156 0
v 0.28491500020027161 -0.19901399314403534 0
v 0.28568899631500244 -0.19612500071525574 0
v 0.28541100025177002 -0.19619899988174438 0
v 0.28515100479125977 -0.19632099568843842 0
v 0.28491500020027161 -0.19648599624633789 0
v 0.28471198678016663 -0.19668899476528168 0
v 0.28454700112342834 -0.19692499935626984 0
v 0.28442499041557312 -0.19718499481678009 0
v 0.28435099124908447 -0.19746300578117371 0
v 0.2843259871006012 -0.19775000214576721 0
v 0.28435099124908447 -0.19803600013256073 0
v 0.28680101037025452 -0.19917899370193481 0
v 0.28703600168228149 -0.19901399314403534 0
v 0.28723999857902527 -0.19880999624729156 0
v 0.2876259982585907 -0.19775000214576721 0
v 0.28760099411010742 -0.19746300578117371 0
v 0.30915099382400513 -0.19602499902248383 0
v 0.28752601146697998 -0.19718499481678009 0
v 0.28740501403808594 -0.19692499935626984 0
v 0.28723999857902527 -0.19668899476528168 0
v 0.28703600168228149 -0.19648599624633789 0
v 0.28680101037025452 -0.19632099568843842 0
v 0.28654000163078308 -0.19619899988174438 0
v 0.28626200556755066 -0.19612500071525574 0
v 0.28597599267959595 -0.19609999656677246 0
v 0.28515100479125977 -0.19917899370193481 0
v 0.28541100025177002 -0.19930000603199005 0
v 0.28568899631500244 -0.19937500357627869 0
v 0.28740501403808594 -0.19857500493526459 0
v 0.28752601146697998 -0.19831399619579315 0
v 0.28760099411010742 -0.19803600013256073 0
v 0.28654000163078308 -0.19930000603199005 0
v 0.28597599267959595 -0.19939999282360077 0
v 0.28626200556755066 -0.19937500357627869 0
v 0.28760099411010742 -0.18543599545955658 0
v 0.2876259982585907 -0.18514999747276306 0
v 0.28723999857902527 -0.18408900499343872 0
v 0.28703600168228149 -0.18388600647449493 0
v 0.28515100479125977 -0.18372100591659546 0
v 0.28491500020027161 -0.18388600647449493 0
v 0.28760099411010742 -0.18486300110816956 0
v 0.28752601146697998 -0.18458500504493713 0
v 0.28740501403808594 -0.18432499468326569 0
v 0.28680101037025452 -0.18372100591659546 0
v 0.28654000163078308 -0.18359899520874023 0
v 0.28626200556755066 -0.18352499604225159 0
v 0.28597599267959595 -0.1835000067949295 0
v 0.28471198678016663 -0.18408900499343872 0
v 0.28454700112342834 -0.18432499468326569 0
v 0.28442499041557312 -0.18458500504493713 0
v 0.28435099124908447 -0.18486300110816956 0
v 0.2843259871006012 -0.18514999747276306 0
v 0.28435099124908447 -0.18543599545955658 0
v 0.28442499041557312 -0.1857140064239502 0
v 0.28454700112342834 -0.18597500026226044 0
v 0.28471198678016663 -0.18621000647544861 0
v 0.28491500020027161 -0.18641400337219238 0
v 0.28568899631500244 -0.18352499604225159 0
v 0.28541100025177002 -0.18359899520874023 0
v 0.28515100479125977 -0.18657900393009186 0
v 0.28541100025177002 -0.1867000013589859 0
v 0.28568899631500244 -0.18677499890327454 0
v 0.28680101037025452 -0.18657900393009186 0
v 0.28703600168228149 -0.18641400337219238 0
v 0.28723999857902527 -0.18621000647544861 0
v 0.28740501403808594 -0.18597500026226044 0
v 0.28752601146697998 -0.1857140064239502 0
v 0.28597599267959595 -0.18680000305175781 0
v 0.28626200556755066 -0.18677499890327454 0
v 0.28654000163078308 -0.1867000013589859 0
v 0.33717599511146545 -0.35672500729560852 0
v 0.33217599987983704 -0.34294998645782471 0
v 0.33243599534034729 -0.34292700886726379 0
v 0.33365300297737122 -0.34171000123023987 0
v 0.33367601037025452 -0.34145000576972961 0
v 0.33717599511146545 -0.3364500105381012 0
v 0.33365300297737122 -0.34118899703025818 0
v 0.30915099382400513 -0.3364500105381012 0
v 0.3319149911403656 -0.33997198939323425 0
v 0.3307659924030304 -0.34093698859214783 0
v 0.33069899678230286 -0.34118899703025818 0
v 0.33067598938941956 -0.34145000576972961 0
v 0.33069899678230286 -0.34171000123023987 0
v 0.30915099382400513 -0.35672500729560852 0
v 0.28425100445747375 -0.35672500729560852 0
v 0.28425100445747375 -0.3364500105381012 0
v 0.27435100078582764 -0.35672500729560852 0
v 0.27435100078582764 -0.3364500105381012 0
v 0.27120101451873779 -0.35672500729560852 0
v 0.27120101451873779 -0.3364500105381012 0
v 0.26963898539543152 -0.3364500105381012 0
v 0.33268898725509644 -0.34003999829292297 0
v 0.33243599534034729 -0.33997198939323425 0
v 0.33217599987983704 -0.33994999527931213 0
v 0.33166301250457764 -0.34285899996757507 0
v 0.3319149911403656 -0.34292700886726379 0
v 0.33166301250457764 -0.34003999829292297 0
v 0.3314259946346283 -0.34015101194381714 0
v 0.33121201395988464 -0.34030100703239441 0
v 0.3307659924030304 -0.34196299314498901 0
v 0.33087700605392456 -0.34220001101493835 0
v 0.33102700114250183 -0.34241399168968201 0
v 0.33268898725509644 -0.34285899996757507 0
v 0.33292600512504578 -0.34274899959564209 0
v 0.33313998579978943 -0.34259900450706482 0
v 0.3335849940776825 -0.34093698859214783 0
v 0.33347499370574951 -0.34070000052452087 0
v 0.33332499861717224 -0.34048500657081604 0
v 0.33102700114250183 -0.34048500657081604 0
v 0.33087700605392456 -0.34070000052452087 0
v 0.33121201395988464 -0.34259900450706482 0
v 0.3314259946346283 -0.34274899959564209 0
v 0.33332499861717224 -0.34241399168968201 0
v 0.33347499370574951 -0.34220001101493835 0
v 0.3335849940776825 -0.34196299314498901 0
v 0.33313998579978943 -0.34030100703239441 0
v 0.33292600512504578 -0.34015101194381714 0
v 0.33717599511146545 -0.25914999842643738 0
v 0.33717599511146545 -0.20877499878406525 0
v 0.33717599511146545 -0.19602499902248383 0
v 0.33717599511146545 -0.19435000419616699 0
v 0.34257298707962036 -0.12449999898672104 0
v 0.33717599511146545 -0.12449999898672104 0
v 0.30915099382400513 -0.12449999898672104 0
v 0.28425100445747375 -0.12449999898672104 0
v 0.27435100078582764 -0.12449999898672104 0
v 0.27120101451873779 -0.12449999898672104 0
v 0.26963898539543152 -0.12449999898672104 0
v 0.30915099382400513 -0.079700000584125519 0
v 0.30915099382400513 -0.048562999814748764 0
v 0.28425100445747375 -0.079700000584125519 0
v 0.28425100445747375 -0.048562999814748764 0
v 0.30915099382400513 -0.036150000989437103 0
v 0.28425100445747375 -0.036150000989437103 0
v 0.27435100078582764 -0.036150000989437103 0
v 0.27120101451873779 -0.036150000989437103 0
v 0.26963898539543152 -0.036150000989437103 0
v 0.22958800196647644 -0.036150000989437103 0
v 0.30915099382400513 -0.03433699905872345 0
v 0.28425100445747375 -0.03433699905872345 0
v 0.30915099382400513 -0.022724999114871025 0
v 0.28425100445747375 -0.022724999114871025 0
v 0.33717599511146545 -0.28527501225471497 0
v 0.30915099382400513 -0.28527501225471497 0
v 0.28425100445747375 -0.28527501225471497 0
v 0.27435100078582764 -0.28527501225471497 0
v 0.27120101451873779 -0.28527501225471497 0
v 0.34257298707962036 -0.20877499878406525 0
v 0.34257298707962036 -0.19602499902248383 0
v 0.34257298707962036 -0.19435000419616699 0
v 0.34257298707962036 -0.18854999542236328 0
v 0.34257298707962036 -0.3364500105381012 0
v 0.35177901387214661 -0.3364500105381012 0
v 0.34681099653244019 -0.18938200175762177 0
v 0.34645798802375793 -0.18947599828243256 0
v 0.3452019989490509 -0.19073100388050079 0
v 0.34535700082778931 -0.19040000438690186 0
v 0.34556698799133301 -0.19009999930858612 0
v 0.34924399852752686 -0.19108499586582184 0
v 0.34914898872375488 -0.19073100388050079 0
v 0.35177901387214661 -0.18854999542236328 0
v 0.34717598557472229 -0.18934999406337738 0
v 0.34612599015235901 -0.18963100016117096 0
v 0.34582599997520447 -0.18984100222587585 0
v 0.34510800242424011 -0.19108499586582184 0
v 0.34507599472999573 -0.19144999980926514 0
v 0.34510800242424011 -0.19181400537490845 0
v 0.3452019989490509 -0.19216799736022949 0
v 0.34899398684501648 -0.19040000438690186 0
v 0.34878399968147278 -0.19009999930858612 0
v 0.3485260009765625 -0.18984100222587585 0
v 0.34899398684501648 -0.19249999523162842 0
v 0.34914898872375488 -0.19216799736022949 0
v 0.35177901387214661 -0.19435000419616699 0
v 0.34924399852752686 -0.19181400537490845 0
v 0.34927600622177124 -0.19144999980926514 0
v 0.34822601079940796 -0.18963100016117096 0
v 0.34789401292800903 -0.18947599828243256 0
v 0.3475399911403656 -0.18938200175762177 0
v 0.34822601079940796 -0.19326800107955933 0
v 0.3485260009765625 -0.19305799901485443 0
v 0.34878399968147278 -0.19279900193214417 0
v 0.34535700082778931 -0.19249999523162842 0
v 0.34556698799133301 -0.19279900193214417 0
v 0.34582599997520447 -0.19305799901485443 0
v 0.34612599015235901 -0.19326800107955933 0
v 0.34645798802375793 -0.19342300295829773 0
v 0.34681099653244019 -0.19351799786090851 0
v 0.34717598557472229 -0.19355000555515289 0
v 0.3475399911403656 -0.19351799786090851 0
v 0.34789401292800903 -0.19342300295829773 0
v 0.35177901387214661 -0.20877499878406525 0
v 0.35177901387214661 -0.19602499902248383 0
v 0.35177901387214661 -0.18754999339580536 0
v 0.35177901387214661 -0.13480000197887421 0
v 0.34257298707962036 -0.18754999339580536 0
v 0.33717599511146545 -0.18854999542236328 0
v 0.30915099382400513 -0.19435000419616699 0
v 0.30915099382400513 -0.18854999542236328 0
v 0.33717599511146545 -0.18754999339580536 0
v 0.34257298707962036 -0.13480000197887421 0
v 0.35177901387214661 -0.12449999898672104 0
v 0.34577301144599915 -0.11259700357913971 0
v 0.34512600302696228 -0.11289899796247482 0
v 0.34257298707962036 -0.10840000212192535 0
v 0.34453999996185303 -0.11330900341272354 0
v 0.34403499960899353 -0.11381399631500244 0
v 0.34362500905990601 -0.11439999938011169 0
v 0.34313800930976868 -0.11716199666261673 0
v 0.3433229923248291 -0.11785200238227844 0
v 0.35072600841522217 -0.11439999938011169 0
v 0.35031700134277344 -0.11381399631500244 0
v 0.35177901387214661 -0.10840000212192535 0
v 0.3433229923248291 -0.11504700034856796 0
v 0.34313800930976868 -0.11573799699544907 0
v 0.34307599067687988 -0.1164499968290329 0
v 0.26963898539543152 -0.10840000212192535 0
v 0.27120101451873779 -0.10840000212192535 0
v 0.27435100078582764 -0.10840000212192535 0
v 0.28425100445747375 -0.10840000212192535 0
v 0.30915099382400513 -0.10840000212192535 0
v 0.33717599511146545 -0.10840000212192535 0
v 0.34362500905990601 -0.1185000017285347 0
v 0.34403499960899353 -0.11908499896526337 0
v 0.34453999996185303 -0.11958999931812286 0
v 0.35102799534797668 -0.11504700034856796 0
v 0.34857800602912903 -0.11259700357913971 0
v 0.34788799285888672 -0.11241199821233749 0
v 0.34717598557472229 -0.11235000193119049 0
v 0.34646400809288025 -0.11241199821233749 0
v 0.34512600302696228 -0.11999999731779099 0
v 0.34577301144599915 -0.1203019991517067 0
v 0.34646400809288025 -0.12048699706792831 0
v 0.34717598557472229 -0.1205499991774559 0
v 0.34788799285888672 -0.12048699706792831 0
v 0.34857800602912903 -0.1203019991517067 0
v 0.34922599792480469 -0.11999999731779099 0
v 0.34981098771095276 -0.11958999931812286 0
v 0.34981098771095276 -0.11330900341272354 0
v 0.34922599792480469 -0.11289899796247482 0
v 0.35031700134277344 -0.11908499896526337 0
v 0.35072600841522217 -0.1185000017285347 0
v 0.35102799534797668 -0.11785200238227844 0
v 0.3512130081653595 -0.11716199666261673 0
v 0.35127601027488708 -0.1164499968290329 0
v 0.3512130081653595 -0.11573799699544907 0
v 0.35177901387214661 -0.079700000584125519 0
v 0.27120101451873779 -0.38400000333786011 0
v 0.27435100078582764 -0.38400000333786011 0
v 0.28425100445747375 -0.38400000333786011 0
v 0.30915099382400513 -0.38400000333786011 0
v 0.33717599511146545 -0.38400000333786011 0
v 0.34257298707962036 -0.35672500729560852 0
v 0.34257298707962036 -0.38400000333786011 0
v 0.35177901387214661 -0.35672500729560852 0
v 0.35177901387214661 -0.38400000333786011 0
v 0.35717600584030151 -0.35672500729560852 0
v 0.35717600584030151 -0.38400000333786011 0
v 0.35717600584030151 -0.28527501225471497 0
v 0.35717600584030151 -0.3364500105381012 0
v 0.34257298707962036 -0.049543000757694244 0
v 0.35717600584030151 -0.10840000212192535 0
v 0.35717600584030151 -0.12449999898672104 0
v 0.35717600584030151 -0.13480000197887421 0
v 0.35717600584030151 -0.18754999339580536 0
v 0.35717600584030151 -0.18854999542236328 0
v 0.35717600584030151 -0.19435000419616699 0
v 0.35717600584030151 -0.19602499902248383 0
v 0.35717600584030151 -0.20877499878406525 0
v 0.35717600584030151 -0.25914999842643738 0
v 0.36760801076889038 -0.36355298757553101 0
v 0.36700001358985901 -0.36349999904632568 0
v 0.36639198660850525 -0.36355298757553101 0
v 0.37003099918365479 -0.36875000596046448 0
v 0.38400000333786011 -0.38400000333786011 0
v 0.36968100070953369 -0.36924999952316284 0
v 0.36924999952316284 -0.36968100070953369 0
v 0.36580300331115723 -0.36371099948883057 0
v 0.36524999141693115 -0.36396899819374084 0
v 0.36474999785423279 -0.36431899666786194 0
v 0.37044700980186462 -0.36639198660850525 0
v 0.37028899788856506 -0.36580300331115723 0
v 0.38400000333786011 -0.35672500729560852 0
v 0.37003099918365479 -0.36524999141693115 0
v 0.36968100070953369 -0.36474999785423279 0
v 0.36431899666786194 -0.36474999785423279 0
v 0.36396899819374084 -0.36524999141693115 0
v 0.36371099948883057 -0.36580300331115723 0
v 0.36355298757553101 -0.36639198660850525 0
v 0.36349999904632568 -0.36700001358985901 0
v 0.36355298757553101 -0.36760801076889038 0
v 0.36371099948883057 -0.3681969940662384 0
v 0.36760801076889038 -0.37044700980186462 0
v 0.3681969940662384 -0.37028899788856506 0
v 0.36875000596046448 -0.37003099918365479 0
v 0.37028899788856506 -0.3681969940662384 0
v 0.37044700980186462 -0.36760801076889038 0
v 0.37049999833106995 -0.36700001358985901 0
v 0.36924999952316284 -0.36431899666786194 0
v 0.36875000596046448 -0.36396899819374084 0
v 0.3681969940662384 -0.36371099948883057 0
v 0.36396899819374084 -0.36875000596046448 0
v 0.36431899666786194 -0.36924999952316284 0
v 0.36474999785423279 -0.36968100070953369 0
v 0.36700001358985901 -0.37049999833106995 0
v 0.36639198660850525 -0.37044700980186462 0
v 0.36524999141693115 -0.37003099918365479 0
v 0.36580300331115723 -0.37028899788856506 0
v 0.36076599359512329 -0.34093698859214783 0
v 0.36069899797439575 -0.34118899703025818 0
v 0.36067599058151245 -0.34145000576972961 0
v 0.36069899797439575 -0.34171000123023987 0
v 0.36217600107192993 -0.34294998645782471 0
v 0.3619149923324585 -0.34292700886726379 0
v 0.36166301369667053 -0.34285899996757507 0
v 0.36243599653244019 -0.34292700886726379 0
v 0.36367601156234741 -0.34145000576972961 0
v 0.36365300416946411 -0.34118899703025818 0
v 0.38400000333786011 -0.3364500105381012 0
v 0.36358499526977539 -0.34093698859214783 0
v 0.36347499489784241 -0.34070000052452087 0
v 0.36358499526977539 -0.34196299314498901 0
v 0.36365300416946411 -0.34171000123023987 0
v 0.36268898844718933 -0.34003999829292297 0
v 0.36243599653244019 -0.33997198939323425 0
v 0.36217600107192993 -0.33994999527931213 0
v 0.3619149923324585 -0.33997198939323425 0
v 0.36166301369667053 -0.34003999829292297 0
v 0.36142599582672119 -0.34015101194381714 0
v 0.36121198534965515 -0.34030100703239441 0
v 0.36076599359512329 -0.34196299314498901 0
v 0.36087700724601746 -0.34220001101493835 0
v 0.36102700233459473 -0.34241399168968201 0
v 0.36268898844718933 -0.34285899996757507 0
v 0.36292600631713867 -0.34274899959564209 0
v 0.36313998699188232 -0.34259900450706482 0
v 0.36102700233459473 -0.34048500657081604 0
v 0.36087700724601746 -0.34070000052452087 0
v 0.36121198534965515 -0.34259900450706482 0
v 0.36142599582672119 -0.34274899959564209 0
v 0.36332499980926514 -0.34241399168968201 0
v 0.36347499489784241 -0.34220001101493835 0
v 0.36332499980926514 -0.34048500657081604 0
v 0.36313998699188232 -0.34030100703239441 0
v 0.36292600631713867 -0.34015101194381714 0
v 0.35717600584030151 -0.006750000175088644 0
v 0.36639198660850525 -0.013553000055253506 0
v 0.36580300331115723 -0.013710999861359596 0
v 0.36355298757553101 -0.016392000019550323 0
v 0.35177901387214661 -0.006750000175088644 0
v 0.34257298707962036 -0.006750000175088644 0
v 0.33717599511146545 -0.006750000175088644 0
v 0.30915099382400513 -0.006750000175088644 0
v 0.28425100445747375 -0.006750000175088644 0
v 0.27435100078582764 -0.006750000175088644 0
v 0.27120101451873779 -0.006750000175088644 0
v 0.26963898539543152 -0.006750000175088644 0
v 0.22958800196647644 -0.006750000175088644 0
v 0.21892599761486053 -0.006750000175088644 0
v 0.19310399889945984 -0.006750000175088644 0
v 0.18738099932670593 -0.006750000175088644 0
v 0.17542600631713867 -0.006750000175088644 0
v 0.14113800227642059 -0.006750000175088644 0
v 0.12927600741386414 -0.006750000175088644 0
v 0.11507599800825119 -0.006750000175088644 0
v 0.051075998693704605 -0.006750000175088644 0
v 0.043276000767946243 -0.006750000175088644 0
v 0.36924999952316284 -0.019680999219417572 0
v 0.36968100070953369 -0.019249999895691872 0
v 0.38400000333786011 -0.022724999114871025 0
v 0.37003099918365479 -0.01875000074505806 0
v 0.37028899788856506 -0.018197000026702881 0
v 0.38400000333786011 -0.006750000175088644 0
v 0.36760801076889038 -0.013553000055253506 0
v 0.36700001358985901 -0.013500000350177288 0
v 0.36524999141693115 -0.013969000428915024 0
v 0.36474999785423279 -0.014318999834358692 0
v 0.36431899666786194 -0.014750000089406967 0
v 0.36700001358985901 -0.020500000566244125 0
v 0.36760801076889038 -0.020447000861167908 0
v 0.37028899788856506 -0.015802999958395958 0
v 0.37003099918365479 -0.015250000171363354 0
v 0.36968100070953369 -0.014750000089406967 0
v 0.36924999952316284 -0.014318999834358692 0
v 0.36396899819374084 -0.015250000171363354 0
v 0.36371099948883057 -0.015802999958395958 0
v 0.36349999904632568 -0.017000000923871994 0
v 0.36355298757553101 -0.017607999965548515 0
v 0.36371099948883057 -0.018197000026702881 0
v 0.3681969940662384 -0.020289000123739243 0
v 0.36875000596046448 -0.020030999556183815 0
v 0.37044700980186462 -0.017607999965548515 0
v 0.37049999833106995 -0.017000000923871994 0
v 0.37044700980186462 -0.016392000019550323 0
v 0.36875000596046448 -0.013969000428915024 0
v 0.3681969940662384 -0.013710999861359596 0
v 0.36396899819374084 -0.01875000074505806 0
v 0.36431899666786194 -0.019249999895691872 0
v 0.36474999785423279 -0.019680999219417572 0
v 0.36639198660850525 -0.020447000861167908 0
v 0.38400000333786011 -0.03433699905872345 0
v 0.38400000333786011 -0.036150000989437103 0
v 0.38400000333786011 -0.048562999814748764 0
v 0.38400000333786011 -0.079700000584125519 0
v 0.38400000333786011 -0.10840000212192535 0
v 0.38400000333786011 -0.12449999898672104 0
v 0.38400000333786011 -0.13480000197887421 0
v 0.38400000333786011 -0.18754999339580536 0
v 0.38400000333786011 -0.18854999542236328 0
v 0.38400000333786011 -0.19435000419616699 0
v 0.38400000333786011 -0.19602499902248383 0
v 0.38400000333786011 -0.20877499878406525 0
v 0.38400000333786011 -0.25914999842643738 0
v 0.38400000333786011 -0.2611599862575531 0
v 0.38400000333786011 -0.27173900604248047 0
v 0.38400000333786011 -0.28527501225471497 0
v 0.36524999141693115 -0.020030999556183815 0
v 0.36580300331115723 -0.020289000123739243 0
v 0.029588000848889351 0 0
v 0.043276000767946243 0 0
v 0.051075998693704605 0 0
v 0.11507599800825119 0 0
v 0.12927600741386414 0 0
v 0.14113800227642059 0 0
v 0.17542600631713867 0 0
v 0.18738099932670593 0 0
v 0.19310399889945984 0 0
v 0.21892599761486053 0 0
v 0.22958800196647644 0 0
v 0.26963898539543152 0 0
v 0.27120101451873779 0 0
v 0.27435100078582764 0 0
v 0.28425100445747375 0 0
v 0.30915099382400513 0 0
v 0.33717599511146545 0 0
v 0.34257298707962036 0 0
v 0.35177901387214661 0 0
v 0.35717600584030151 0 0
v 0.38400000333786011 0 0
v 0.15199999511241913 -0.37599998712539673 0.00050000002374872565
v 0.23199999332427979 -0.37599998712539673 0.00050000002374872565
v 0.23199999332427979 -0.29600000381469727 0.00050000002374872565
v 0.15199999511241913 -0.29600000381469727 0.00050000002374872565
vn 0 0 1
vn 0 0 1
vn 0 0 1
vn 0 0 1
vn 0 0 1
vn 0 0 1
vn 0 0 1
vn 0 0 1
vn 0 0 1
vn 0 0 1
vn 0 0 1
vn 0 0 1
vn 0 0 1
vn 0 0 1
vn 0 0 1
vn 0 0 1
vn 0 0 1
vn 0 0 1
vn 0 0 1
vn 0 0 1
vn 0 0 1
vn 0 0 1
vn 0 0 1
vn 0 0 1
vn 0 0 1
vn 0 0 1
vn 0 0 1
vn 0 0 1
vn 0 0 1
vn 0 0 1
vn 0 0 1
vn 0 0 1
vn 0 0 1
vn 0 0 1
vn 0 0 1
vn 0 0 1
vn 0 0 1
vn 0 0 1
vn 0 0 1
vn 0 0 1
vn 0 0 1
vn 0 0 1
vn 0 0 1
vn 0 0 1
vn 0 0 1
vn 0 0 1
vn 0 0 1
vn 0 0 1
vn 0 0 1
vn 0 0 1
vn 0 0 1
vn 0 0 1
vn 0 0 1
vn 0 0 1
vn 0 0 1
vn 0 0 1
vn 0 0 1
vn 0 0 1
vn 0 0 1
vn 0 0 1
vn 0 0 1
vn 0 0 1
vn 0 0 1
vn 0 0 1
vn 0 0 1
vn 0 0 1
vn 0 0 1
vn 0 0 1
vn 0 0 1
vn 0 0 1
vn 0 0 1
vn 0 0 1
vn 0 0 1
vn 0 0 1
vn 0 0 1
vn 0 0 1
vn 0 0 1
vn 0 0 1
vn 0 0 1
vn 0 0 1
vn 0 0 1
vn 0 0 1
vn 0 0 1
vn 0 0 1
vn 0 0 1
vn 0 0 1
vn 0 0 1
vn 0 0 1
vn 0 0 1
vn 0 0 1
vn 0 0 1
vn 0 0 1
vn 0 0 1
vn 0 0 1
vn 0 0 1
vn 0 0 1
vn 0 0 1
vn 0 0 1
vn 0 0 1
vn 0 0 1
vn 0 0 1
vn 0 0 1
vn 0 0 1
vn 0 0 1
vn 0 0 1
vn 0 0 1
vn 0 0 1
vn 0 0 1
vn 0 0 1
vn 0 0 1
vn 0 0 1
vn 0 0 1
vn 0 0 1
vn 0 0 1
vn 0 0 1
vn 0 0 1
vn 0 0 1
vn 0 0 1
vn 0 0 1
vn 0 0 1
vn 0 0 1
vn 0 0 1
vn 0 0 1
vn 0 0 1
vn 0 0 1
vn 0 0 1
vn 0 0 1
vn 0 0 1
vn 0 0 1
vn 0 0 1
vn 0 0 1
vn 0 0 1
vn 0 0 1
vn 0 0 1
vn 0 0 1
vn 0 0 1
vn 0 0 1
vn 0 0 1
vn 0 0 1
vn 0 0 1
vn 0 0 1
vn 0 0 1
vn 0 0 1
vn 0 0 1
vn 0 0 1
vn 0 0 1
vn 0 0 1
vn 0 0 1
vn 0 0 1
vn 0 0 1
vn 0 0 1
vn 0 0 1
vn 0 0 1
vn 0 0 1
vn 0 0 1
vn 0 0 1
vn 0 0 1
vn 0 0 1
vn 0 0 1
vn 0 0 1
vn 0 0 1
vn 0 0 1
vn 0 0 1
vn 0 0 1
vn 0 0 1
vn 0 0 1
vn 0 0 1
vn 0 0 1
vn 0 0 1
vn 0 0 1
vn 0 0 1
vn 0 0 1
vn 0 0 1
vn 0 0 1
vn 0 0 1
vn 0 0 1
vn 0 0 1
vn 0 0 1
vn 0 0 1
vn 0 0 1
vn 0 0 1
vn 0 0 1
vn 0 0 1
vn 0 0 1
vn 0 0 1
vn 0 0 1
vn 0 0 1
vn 0 0 1
vn 0 0 1
vn 0 0 1
vn 0 0 1
vn 0 0 1
vn 0 0 1
vn 0 0 1
vn 0 0 1
vn 0 0 1
vn 0 0 1
vn 0 0 1
vn 0 0 1
vn 0 0 1
vn 0 0 1
vn 0 0 1
vn 0 0 1
vn 0 0 1
vn 0 0 1
vn 0 0 1
vn 0 0 1
vn 0 0 1
vn 0 0 1
vn 0 0 1
vn 0 0 1
vn 0 0 1
vn 0 0 1
vn 0 0 1
vn 0 0 1
vn 0 0 1
vn 0 0 1
vn 0 0 1
vn 0 0 1
vn 0 0 1
vn 0 0 1
vn 0 0 1
vn 0 0 1
vn 0 0 1
vn 0 0 1
vn 0 0 1
vn 0 0 1
vn 0 0 1
vn 0 0 1
vn 0 0 1
vn 0 0 1
vn 0 0 1
vn 0 0 1
vn 0 0 1
vn 0 0 1
vn 0 0 1
vn 0 0 1
vn 0 0 1
vn 0 0 1
vn 0 0 1
vn 0 0 1
vn 0 0 1
vn 0 0 1
vn 0 0 1
vn 0 0 1
vn 0 0 1
vn 0 0 1
vn 0 0 1
vn 0 0 1
vn 0 0 1
vn 0 0 1
vn 0 0 1
vn 0 0 1
vn 0 0 1
vn 0 0 1
vn 0 0 1
vn 0 0 1
vn 0 0 1
vn 0 0 1
vn 0 0 1
vn 0 0 1
vn 0 0 1
vn 0 0 1
vn 0 0 1
vn 0 0 1
vn 0 0 1
vn 0 0 1
vn 0 0 1
vn 0 0 1
vn 0 0 1
vn 0 0 1
vn 0 0 1
vn 0 0 1
vn 0 0 1
vn 0 0 1
vn 0 0 1
vn 0 0 1
vn 0 0 1
vn 0 0 1
vn 0 0 1
vn 0 0 1
vn 0 0 1
vn 0 0 1
vn 0 0 1
vn 0 0 1
vn 0 0 1
vn 0 0 1
vn 0 0 1
vn 0 0 1
vn 0 0 1
vn 0 0 1
vn 0 0 1
vn 0 0 1
vn 0 0 1
vn 0 0 1
vn 0 0 1
vn 0 0 1
vn 0 0 1
vn 0 0 1
vn 0 0 1
vn 0 0 1
vn 0 0 1
vn 0 0 1
vn 0 0 1
vn 0 0 1
vn 0 0 1
vn 0 0 1
vn 0 0 1
vn 0 0 1
vn 0 0 1
vn 0 0 1
vn 0 0 1
vn 0 0 1
vn 0 0 1
vn 0 0 1
vn 0 0 1
vn 0 0 1
vn 0 0 1
vn 0 0 1
vn 0 0 1
vn 0 0 1
vn 0 0 1
vn 0 0 1
vn 0 0 1
vn 0 0 1
vn 0 0 1
vn 0 0 1
vn 0 0 1
vn 0 0 1
vn 0 0 1
vn 0 0 1
vn 0 0 1
vn 0 0 1
vn 0 0 1
vn 0 0 1
vn 0 0 1
vn 0 0 1
vn 0 0 1
vn 0 0 1
vn 0 0 1
vn 0 0 1
vn 0 0 1
vn 0 0 1
vn 0 0 1
vn 0 0 1
vn 0 0 1
vn 0 0 1
vn 0 0 1
vn 0 0 1
vn 0 0 1
vn 0 0 1
vn 0 0 1
vn 0 0 1
vn 0 0 1
vn 0 0 1
vn 0 0 1
vn 0 0 1
vn 0 0 1
vn 0 0 1
vn 0 0 1
vn 0 0 1
vn 0 0 1
vn 0 0 1
vn 0 0 1
vn 0 0 1
vn 0 0 1
vn 0 0 1
vn 0 0 1
vn 0 0 1
vn 0 0 1
vn 0 0 1
vn 0 0 1
vn 0 0 1
vn 0 0 1
vn 0 0 1
vn 0 0 1
vn 0 0 1
vn 0 0 1
vn 0 0 1
vn 0 0 1
vn 0 0 1
vn 0 0 1
vn 0 0 1
vn 0 0 1
vn 0 0 1
vn 0 0 1
vn 0 0 1
vn 0 0 1
vn 0 0 1
vn 0 0 1
vn 0 0 1
vn 0 0 1
vn 0 0 1
vn 0 0 1
vn 0 0 1
vn 0 0 1
vn 0 0 1
vn 0 0 1
vn 0 0 1
vn 0 0 1
vn 0 0 1
vn 0 0 1
vn 0 0 1
vn 0 0 1
vn 0 0 1
vn 0 0 1
vn 0 0 1
vn 0 0 1
vn 0 0 1
vn 0 0 1
vn 0 0 1
vn 0 0 1
vn 0 0 1
vn 0 0 1
vn 0 0 1
vn 0 0 1
vn 0 0 1
vn 0 0 1
vn 0 0 1
vn 0 0 1
vn 0 0 1
vn 0 0 1
vn 0 0 1
vn 0 0 1
vn 0 0 1
vn 0 0 1
vn 0 0 1
vn 0 0 1
vn 0 0 1
vn 0 0 1
vn 0 0 1
vn 0 0 1
vn 0 0 1
vn 0 0 1
vn 0 0 1
vn 0 0 1
vn 0 0 1
vn 0 0 1
vn 0 0 1
vn 0 0 1
vn 0 0 1
vn 0 0 1
vn 0 0 1
vn 0 0 1
vn 0 0 1
vn 0 0 1
vn 0 0 1
vn 0 0 1
vn 0 0 1
vn 0 0 1
vn 0 0 1
vn 0 0 1
vn 0 0 1
vn 0 0 1
vn 0 0 1
vn 0 0 1
vn 0 0 1
vn 0 0 1
vn 0 0 1
vn 0 0 1
vn 0 0 1
vn 0 0 1
vn 0 0 1
vn 0 0 1
vn 0 0 1
vn 0 0 1
vn 0 0 1
vn 0 0 1
vn 0 0 1
vn 0 0 1
vn 0 0 1
vn 0 0 1
vn 0 0 1
vn 0 0 1
vn 0 0 1
vn 0 0 1
vn 0 0 1
vn 0 0 1
vn 0 0 1
vn 0 0 1
vn 0 0 1
vn 0 0 1
vn 0 0 1
vn 0 0 1
vn 0 0 1
vn 0 0 1
vn 0 0 1
vn 0 0 1
vn 0 0 1
vn 0 0 1
vn 0 0 1
vn 0 0 1
vn 0 0 1
vn 0 0 1
vn 0 0 1
vn 0 0 1
vn 0 0 1
vn 0 0 1
vn 0 0 1
vn 0 0 1
vn 0 0 1
vn 0 0 1
vn 0 0 1
vn 0 0 1
vn 0 0 1
vn 0 0 1
vn 0 0 1
vn 0 0 1
vn 0 0 1
vn 0 0 1
vn 0 0 1
vn 0 0 1
vn 0 0 1
vn 0 0 1
vn 0 0 1
vn 0 0 1
vn 0 0 1
vn 0 0 1
vn 0 0 1
vn 0 0 1
vn 0 0 1
vn 0 0 1
vn 0 0 1
vn 0 0 1
vn 0 0 1
vn 0 0 1
vn 0 0 1
vn 0 0 1
vn 0 0 1
vn 0 0 1
vn 0 0 1
vn 0 0 1
vn 0 0 1
vn 0 0 1
vn 0 0 1
vn 0 0 1
vn 0 0 1
vn 0 0 1
vn 0 0 1
vn 0 0 1
vn 0 0 1
vn 0 0 1
vn 0 0 1
vn 0 0 1
vn 0 0 1
vn 0 0 1
vn 0 0 1
vn 0 0 1
vn 0 0 1
vn 0 0 1
vn 0 0 1
vn 0 0 1
vn 0 0 1
vn 0 0 1
vn 0 0 1
vn 0 0 1
vn 0 0 1
vn 0 0 1
vn 0 0 1
vn 0 0 1
vn 0 0 1
vn 0 0 1
vn 0 0 1
vn 0 0 1
vn 0 0 1
vn 0 0 1
vn 0 0 1
vn 0 0 1
vn 0 0 1
vn 0 0 1
vn 0 0 1
vn 0 0 1
vn 0 0 1
vn 0 0 1
vn 0 0 1
vn 0 0 1
vn 0 0 1
vn 0 0 1
vn 0 0 1
vn 0 0 1
vn 0 0 1
vn 0 0 1
vn 0 0 1
vn 0 0 1
vn 0 0 1
vn 0 0 1
vn 0 0 1
vn 0 0 1
vn 0 0 1
vn 0 0 1
vn 0 0 1
vn 0 0 1
vn 0 0 1
vn 0 0 1
vn 0 0 1
vn 0 0 1
vn 0 0 1
vn 0 0 1
vn 0 0 1
vn 0 0 1
vn 0 0 1
vn 0 0 1
vn 0 0 1
vn 0 0 1
vn 0 0 1
vn 0 0 1
vn 0 0 1
vn 0 0 1
vn 0 0 1
vn 0 0 1
vn 0 0 1
vn 0 0 1
vn 0 0 1
vn 0 0 1
vn 0 0 1
vn 0 0 1
vn 0 0 1
vn 0 0 1
vn 0 0 1
vn 0 0 1
vn 0 0 1
vn 0 0 1
vn 0 0 1
vn 0 0 1
vn 0 0 1
vn 0 0 1
vn 0 0 1
vn 0 0 1
vn 0 0 1
vn 0 0 1
vn 0 0 1
vn 0 0 1
vn 0 0 1
vn 0 0 1
vn 0 0 1
vn 0 0 1
vn 0 0 1
vn 0 0 1
vn 0 0 1
vn 0 0 1
vn 0 0 1
vn 0 0 1
vn 0 0 1
vn 0 0 1
vn 0 0 1
vn 0 0 1
vn 0 0 1
vn 0 0 1
vn 0 0 1
vn 0 0 1
vn 0 0 1
vn 0 0 1
vn 0 0 1
vn 0 0 1
vn 0 0 1
vn 0 0 1
vn 0 0 1
vn 0 0 1
vn 0 0 1
vn 0 0 1
vn 0 0 1
vn 0 0 1
vn 0 0 1
vn 0 0 1
vn 0 0 1
vn 0 0 1
vn 0 0 1
vn 0 0 1
vn 0 0 1
vn 0 0 1
vn 0 0 1
vn 0 0 1
vn 0 0 1
vn 0 0 1
vn 0 0 1
vn 0 0 1
vn 0 0 1
vn 0 0 1
vn 0 0 1
vn 0 0 1
vn 0 0 1
vn 0 0 1
vn 0 0 1
vn 0 0 1
vn 0 0 1
vn 0 0 1
vn 0 0 1
vn 0 0 1
vn 0 0 1
vn 0 0 1
vn 0 0 1
vn 0 0 1
vn 0 0 1
vn 0 0 1
vn 0 0 1
vn 0 0 1
vn 0 0 1
vn 0 0 1
vn 0 0 1
vn 0 0 1
vn 0 0 1
vn 0 0 1
vn 0 0 1
vn 0 0 1
vn 0 0 1
vn 0 0 1
vn 0 0 1
vn 0 0 1
vn 0 0 1
vn 0 0 1
vn 0 0 1
vn 0 0 1
vn 0 0 1
vn 0 0 1
vn 0 0 1
vn 0 0 1
vn 0 0 1
vn 0 0 1
vn 0 0 1
vn 0 0 1
vn 0 0 1
vn 0 0 1
vn 0 0 1
vn 0 0 1
vn 0 0 1
vn 0 0 1
vn 0 0 1
vn 0 0 1
vn 0 0 1
vn 0 0 1
vn 0 0 1
vn 0 0 1
vn 0 0 1
vn 0 0 1
vn 0 0 1
vn 0 0 1
vn 0 0 1
vn 0 0 1
vn 0 0 1
vn 0 0 1
vn 0 0 1
vn 0 0 1
vn 0 0 1
vn 0 0 1
vn 0 0 1
vn 0 0 1
vn 0 0 1
vn 0 0 1
vn 0 0 1
vn 0 0 1
vn 0 0 1
vn 0 0 1
vn 0 0 1
vn 0 0 1
vn 0 0 1
vn 0 0 1
vn 0 0 1
vn 0 0 1
vn 0 0 1
vn 0 0 1
vn 0 0 1
vn 0 0 1
vn 0 0 1
vn 0 0 1
vn 0 0 1
vn 0 0 1
vn 0 0 1
vn 0 0 1
vn 0 0 1
vn 0 0 1
vn 0 0 1
vn 0 0 1
vn 0 0 1
vn 0 0 1
vn 0 0 1
vn 0 0 1
vn 0 0 1
vn 0 0 1
vn 0 0 1
vn 0 0 1
vn 0 0 1
vn 0 0 1
vn 0 0 1
vn 0 0 1
vn 0 0 1
vn 0 0 1
vn 0 0 1
vn 0 0 1
vn 0 0 1
vn 0 0 1
vn 0 0 1
vn 0 0 1
vn 0 0 1
vn 0 0 1
vn 0 0 1
vn 0 0 1
vn 0 0 1
vn 0 0 1
vn 0 0 1
vn 0 0 1
vn 0 0 1
vn 0 0 1
vn 0 0 1
vn 0 0 1
vn 0 0 1
vn 0 0 1
vn 0 0 1
vn 0 0 1
vn 0 0 1
vn 0 0 1
vn 0 0 1
vn 0 0 1
vn 0 0 1
vn 0 0 1
vn 0 0 1
vn 0 0 1
vn 0 0 1
vn 0 0 1
vn 0 0 1
vn 0 0 1
vn 0 0 1
vn 0 0 1
vn 0 0 1
vn 0 0 1
vn 0 0 1
vn 0 0 1
vn 0 0 1
vn 0 0 1
vn 0 0 1
vn 0 0 1
vn 0 0 1
vn 0 0 1
vn 0 0 1
vn 0 0 1
vn 0 0 1
vn 0 0 1
vn 0 0 1
vn 0 0 1
vn 0 0 1
vn 0 0 1
vn 0 0 1
vn 0 0 1
vn 0 0 1
vn 0 0 1
vn 0 0 1
vn 0 0 1
vn 0 0 1
vn 0 0 1
vn 0 0 1
vn 0 0 1
vn 0 0 1
vn 0 0 1
vn 0 0 1
vn 0 0 1
vn 0 0 1
vn 0 0 1
vn 0 0 1
vn 0 0 1
vn 0 0 1
vn 0 0 1
vn 0 0 1
vn 0 0 1
vn 0 0 1
vn 0 0 1
vn 0 0 1
vn 0 0 1
vn 0 0 1
vn 0 0 1
vn 0 0 1
vn 0 0 1
vn 0 0 1
vn 0 0 1
vn 0 0 1
vn 0 0 1
vn 0 0 1
vn 0 0 1
vn 0 0 1
vn 0 0 1
vn 0 0 1
vn 0 0 1
vn 0 0 1
vn 0 0 1
vn 0 0 1
vn 0 0 1
vn 0 0 1
vn 0 0 1
vn 0 0 1
vn 0 0 1
vn 0 0 1
vn 0 0 1
vn 0 0 1
vn 0 0 1
vn 0 0 1
vn 0 0 1
vn 0 0 1
vn 0 0 1
vn 0 0 1
vn 0 0 1
vn 0 0 1
vn 0 0 1
vn 0 0 1
vn 0 0 1
vn 0 0 1
vn 0 0 1
vn 0 0 1
vn 0 0 1
vn 0 0 1
vn 0 0 1
vn 0 0 1
vn 0 0 1
vn 0 0 1
vn 0 0 1
vn 0 0 1
vn 0 0 1
vn 0 0 1
vn 0 0 1
vn 0 0 1
vn 0 0 1
vn 0 0 1
vn 0 0 1
vn 0 0 1
vn 0 0 1
vn 0 0 1
vn 0 0 1
vn 0 0 1
vn 0 0 1
vn 0 0 1
vn 0 0 1
vn 0 0 1
vn 0 0 1
vn 0 0 1
vn 0 0 1
vn 0 0 1
vn 0 0 1
vn 0 0 1
vn 0 0 1
vn 0 0 1
vn 0 0 1
vn 0 0 1
vn 0 0 1
vn 0 0 1
vn 0 0 1
vn 0 0 1
vn 0 0 1
vn 0 0 1
vn 0 0 1
vn 0 0 1
vn 0 0 1
vn 0 0 1
vn 0 0 1
vn 0 0 1
vn 0 0 1
vn 0 0 1
vn 0 0 1
vn 0 0 1
vn 0 0 1
vn 0 0 1
vn 0 0 1
vn 0 0 1
vn 0 0 1
vn 0 0 1
vn 0 0 1
vn 0 0 1
vn 0 0 1
vn 0 0 1
vn 0 0 1
vn 0 0 1
vn 0 0 1
vn 0 0 1
vn 0 0 1
vn 0 0 1
vn 0 0 1
vn 0 0 1
vn 0 0 1
vn 0 0 1
vn 0 0 1
vn 0 0 1
vn 0 0 1
vn 0 0 1
vn 0 0 1
vn 0 0 1
vn 0 0 1
vn 0 0 1
vn 0 0 1
vn 0 0 1
vn 0 0 1
vn 0 0 1
vn 0 0 1
vn 0 0 1
vn 0 0 1
vn 0 0 1
vn 0 0 1
vn 0 0 1
vn 0 0 1
vn 0 0 1
vn 0 0 1
vn 0 0 1
vn 0 0 1
vn 0 0 1
vn 0 0 1
vn 0 0 1
vn 0 0 1
vn 0 0 1
vn 0 0 1
vn 0 0 1
vn 0 0 1
vn 0 0 1
vn 0 0 1
vn 0 0 1
vn 0 0 1
vn 0 0 1
vn 0 0 1
vn 0 0 1
vn 0 0 1
vn 0 0 1
vn 0 0 1
vn 0 0 1
vn 0 0 1
vn 0 0 1
vn 0 0 1
vn 0 0 1
vn 0 0 1
vn 0 0 1
vn 0 0 1
vn 0 0 1
vn 0 0 1
vn 0 0 1
vn 0 0 1
vn 0 0 1
vn 0 0 1
vn 0 0 1
vn 0 0 1
vn 0 0 1
vn 0 0 1
vn 0 0 1
vn 0 0 1
vn 0 0 1
vn 0 0 1
vn 0 0 1
vn 0 0 1
vn 0 0 1
vn 0 0 1
vn 0 0 1
vn 0 0 1
vn 0 0 1
vn 0 0 1
vn 0 0 1
vn 0 0 1
vn 0 0 1
vn 0 0 1
vn 0 0 1
vn 0 0 1
vn 0 0 1
vn 0 0 1
vn 0 0 1
vn 0 0 1
vn 0 0 1
vn 0 0 1
vn 0 0 1
vn 0 0 1
vn 0 0 1
vn 0 0 1
vn 0 0 1
vn 0 0 1
vn 0 0 1
vn 0 0 1
vn 0 0 1
vn 0 0 1
vn 0 0 1
vn 0 0 1
vn 0 0 1
vn 0 0 1
vn 0 0 1
vn 0 0 1
vn 0 0 1
vn 0 0 1
vn 0 0 1
vn 0 0 1
vn 0 0 1
vn 0 0 1
vn 0 0 1
vn 0 0 1
vn 0 0 1
vn 0 0 1
vn 0 0 1
vn 0 0 1
vn 0 0 1
vn 0 0 1
vn 0 0 1
vn 0 0 1
vn 0 0 1
vn 0 0 1
vn 0 0 1
vn 0 0 1
vn 0 0 1
vn 0 0 1
vn 0 0 1
vn 0 0 1
vn 0 0 1
vn 0 0 1
vn 0 0 1
vn 0 0 1
vn 0 0 1
vn 0 0 1
vn 0 0 1
vn 0 0 1
vn 0 0 1
vn 0 0 1
vn 0 0 1
vn 0 0 1
vn 0 0 1
vn 0 0 1
vn 0 0 1
vn 0 0 1
vn 0 0 1
vn 0 0 1
vn 0 0 1
vn 0 0 1
vn 0 0 1
vn 0 0 1
vn 0 0 1
vn 0 0 1
vn 0 0 1
vn 0 0 1
vn 0 0 1
vn 0 0 1
vn 0 0 1
vn 0 0 1
vn 0 0 1
vn 0 0 1
vn 0 0 1
vn 0 0 1
vn 0 0 1
vn 0 0 1
vn 0 0 1
vn 0 0 1
vn 0 0 1
vn 0 0 1
vn 0 0 1
vn 0 0 1
vn 0 0 1
vn 0 0 1
vn 0 0 1
vn 0 0 1
vn 0 0 1
vn 0 0 1
vn 0 0 1
vn 0 0 1
vn 0 0 1
vn 0 0 1
vn 0 0 1
vn 0 0 1
vn 0 0 1
vn 0 0 1
vn 0 0 1
vn 0 0 1
vn 0 0 1
vn 0 0 1
vn 0 0 1
vn 0 0 1
vn 0 0 1
vn 0 0 1
vn 0 0 1
vn 0 0 1
vn 0 0 1
vn 0 0 1
vn 0 0 1
vn 0 0 1
vn 0 0 1
vn 0 0 1
vn 0 0 1
vn 0 0 1
vn 0 0 1
vn 0 0 1
vn 0 0 1
vn 0 0 1
vn 0 0 1
vn 0 0 1
vn 0 0 1
vn 0 0 1
vn 0 0 1
vn 0 0 1
vn 0 0 1
vn 0 0 1
vn 0 0 1
vn 0 0 1
vn 0 0 1
vn 0 0 1
vn 0 0 1
vn 0 0 1
vn 0 0 1
vn 0 0 1
vn 0 0 1
vn 0 0 1
vn 0 0 1
vn 0 0 1
vn 0 0 1
vn 0 0 1
vn 0 0 1
vn 0 0 1
vn 0 0 1
vn 0 0 1
vn 0 0 1
vn 0 0 1
vn 0 0 1
vn 0 0 1
vn 0 0 1
vn 0 0 1
vn 0 0 1
vn 0 0 1
vn 0 0 1
vn 0 0 1
vn 0 0 1
vn 0 0 1
vn 0 0 1
vn 0 0 1
vn 0 0 1
vn 0 0 1
vn 0 0 1
vn 0 0 1
vn 0 0 1
vn 0 0 1
vn 0 0 1
vn 0 0 1
vn 0 0 1
vn 0 0 1
vn 0 0 1
vn 0 0 1
vn 0 0 1
vn 0 0 1
vn 0 0 1
vn 0 0 1
vn 0 0 1
vn 0 0 1
vn 0 0 1
vn 0 0 1
vn 0 0 1
vn 0 0 1
vn 0 0 1
vn 0 0 1
vn 0 0 1
vn 0 0 1
vn 0 0 1
vn 0 0 1
vn 0 0 1
vn 0 0 1
vn 0 0 1
vn 0 0 1
vn 0 0 1
vn 0 0 1
vn 0 0 1
vn 0 0 1
vn 0 0 1
vn 0 0 1
vn 0 0 1
vn 0 0 1
vn 0 0 1
vn 0 0 1
vn 0 0 1
vn 0 0 1
vn 0 0 1
vn 0 0 1
vn 0 0 1
vn 0 0 1
vn 0 0 1
vn 0 0 1
vn 0 0 1
vn 0 0 1
vn 0 0 1
vn 0 0 1
vn 0 0 1
vn 0 0 1
vn 0 0 1
vn 0 0 1
vn 0 0 1
vn 0 0 1
vn 0 0 1
vn 0 0 1
vn 0 0 1
vn 0 0 1
vn 0 0 1
vn 0 0 1
vn 0 0 1
vn 0 0 1
vn 0 0 1
vn 0 0 1
vn 0 0 1
vn 0 0 1
vn 0 0 1
vn 0 0 1
vn 0 0 1
vn 0 0 1
vn 0 0 1
vn 0 0 1
vn 0 0 1
vn 0 0 1
vn 0 0 1
vn 0 0 1
vn 0 0 1
vn 0 0 1
vn 0 0 1
vn 0 0 1
vn 0 0 1
vn 0 0 1
vn 0 0 1
vn 0 0 1
vn 0 0 1
vn 0 0 1
vn 0 0 1
vn 0 0 1
vn 0 0 1
vn 0 0 1
vn 0 0 1
vn 0 0 1
vn 0 0 1
vn 0 0 1
vn 0 0 1
vn 0 0 1
vn 0 0 1
vn 0 0 1
vn 0 -9.9999996973787559e-05 0.99999999500000025
vn 0 -9.9999996973787559e-05 0.99999999500000025
vn 0 -9.9999996973787559e-05 0.99999999500000025
vn 0 0 1
vn 0 0 1
vn 0 0 1
vn 0 0 1
vn 0 0 1
vn 0 0 1
vn 0 0 1
vn 0 0 1
vn 0 0 1
vn 0 -9.9999996973787559e-05 0.99999999500000025
vn 0 -9.9999996973787559e-05 0.99999999500000025
vn 0 -9.9999996973787559e-05 0.99999999500000025
vn 0 0 1
vn 0 0 1
vn 0 0 1
vn 0 -0.00019999999094757546 0.99999998000000168
vn 0 -0.00019999999094757546 0.99999998000000168
vn 0 -0.00019999999094757546 0.99999998000000168
vn 0 0 1
vn 0 0 1
vn 0 0 1
vn 0 0 1
vn 0 0 1
vn 0 0 1
vn 0 0 1
vn 0 0 1
vn 0 0 1
vn 0 0 1
vn 0 0 1
vn 0 0 1
vn 0 0 1
vn 0 0 1
vn 0 0 1
vn 0 0 1
vn 0 0 1
vn 0 0 1
vn 0 0 1
vn 0 0 1
vn 0 0 1
vn 0 0 1
vn 0 0 1
vn 0 0 1
vn 0 0 1
vn 0 0 1
vn 0 0 1
vn 0 0 1
vn 0 0 1
vn 0 0 1
vn 0 0 1
vn 0 0 1
vn 0 0 1
vn 0 0 1
vn 0 0 1
vn 0 0 1
vn 0 0 1
vn 0 0 1
vn 0 0 1
vn 0 0 1
vn 0 0 1
vn 0 0 1
vn 0 0 1
vn 0 0 1
vn 0 0 1
vn 0 0 1
vn 0 0 1
vn 0 0 1
vn 0 0 1
vn 0 0 1
vn 0 0 1
vn 0 0 1
vn 0 0 1
vn 0 0 1
vn 0 0 1
vn 0 0 1
vn 0 0 1
vn 0 0 1
vn 0 0 1
vn 0 0 1
vn 0 0 1
vn 0 0 1
vn 0 0 1
vn 0 0 1
vn 0 0 1
vn 0 0 1
vn 0 0 1
vn 0 0 1
vn 0 0 1
vn 0 0 1
vn 0 0 1
vn 0 0 1
vn 0 0 1
vn 0 0 1
vn 0 0 1
vn 0 0 1
vn 0 0 1
vn 0 0 1
vn 0 0 1
vn 0 0 1
vn 0 0 1
vn 0 0 1
vn 0 0 1
vn 0 0 1
vn 0 0 1
vn 0 0 1
vn 0 0 1
vn 0 0 1
vn 0 0 1
vn 0 0 1
vn 0 0 1
vn 0 0 1
vn 0 0 1
vn 0 0 1
vn 0 0 1
vn 0 0 1
vn 0 0 1
vn 0 0 1
vn 0 0 1
vn 0 0 1
vn 0 0 1
vn 0 0 1
vn 0 0 1
vn 0 0 1
vn 0 0 1
vn 0 0 1
vn 0 0 1
vn 0 0 1
vn 0 0 1
vn 0 0 1
vn 0 0 1
vn 0 0 1
vn 0 0 1
vn 0 0 1
vn 0 0 1
vn 0 0 1
vn 0 0 1
vn 0 0 1
vn 0 0 1
vn 0 0 1
vn 0 0 1
vn 0 0 1
vn 0 0 1
vn 0 0 1
vn 0 0 1
vn 0 0 1
vn 0 0 1
vn 0 0 1
vn 0 0 1
vn 0 0 1
vn 0 0 1
vn 0 0 1
vn 0 0 1
vn 0 0 1
vn 0 0 1
vn 0 0 1
vn 0 0 1
vn 0 0 1
vn 0 0 1
vn 0 0 1
vn 0 0 1
vn 0 0 1
vn 0 0 1
vn 0 0 1
vn 0 0 1
vn 0 0 1
vn 0 0 1
vn 0 0 1
vn 0 0 1
vn 0 0 1
vn 0 0 1
vn 0 0 1
vn 0 0 1
vn 0 0 1
vn 0 0 1
vn 0 0 1
vn 0 0 1
vn 0 0 1
vn 0 0 1
vn 0 0 1
vn 0 0 1
vn 0 0 1
vn 0 0 1
vn 0 0 1
vn 0 0 1
vn 0 0 1
vn 0 0 1
vn 0 0 1
vn 0 0 1
vn 0 0 1
vn 0 0 1
vn 0 0 1
vn 0 0 1
vn 0 0 1
vn 0 0 1
vn 0 0 1
vn 0 0 1
vn 0 0 1
vn 0 0 1
vn 0 0 1
vn 0 0 1
vn 0 0 1
vn 0 0 1
vn 0 0 1
vn 0 0 1
vn 0 0 1
vn 0 0 1
vn 0 0 1
vn 0 0 1
vn 0 0 1
vn 0 0 1
vn 0 0 1
vn 0 0 1
vn 0 0 1
vn 0 0 1
vn 0 0 1
vn 0 0 1
vn 0 0 1
vn 0 0 1
vn 0 0 1
vn 0 0 1
vn 0 0 1
vn 0 0 1
vn 0 0 1
vn 0 0 1
vn 0 0 1
vn 0 0 1
vn 0 0 1
vn 0 0 1
vn 0 0 1
vn 0 0 1
vn 0 0 1
vn 0 0 1
vn 0 0 1
vn 0 0 1
vn 0 0 1
vn 0 0 1
vn 0 0 1
vn 0 0 1
vn 0 0 1
vn 0 0 1
vn 0 0 1
vn 0 0 1
vn 0 0 1
vn 0 0 1
vn 0 0 1
vn 0 0 1
vn 0 0 1
vn 0 0 1
vn 0 0 1
vn 0 0 1
vn 0 0 1
vn 0 0 1
vn 0 0 1
vn 0 0 1
vn 0 0 1
vn 0 0 1
vn 0 0 1
vn 0 0 1
vn 0 0 1
vn 0 0 1
vn 0 0 1
vn 0 0 1
vn 0 0 1
vn 0 0 1
vn 0 0 1
vn 0 0 1
vn 0 0 1
vn 0 0 1
vn 0 0 1
vn 0 0 1
vn 0 0 1
vn 0 0 1
vn 0 0 1
vn 0 0 1
vn 0 0 1
vn 0 0 1
vn 0 0 1
vn 0 0 1
vn 0 0 1
vn 0 0 1
vn 0 0 1
vn 0 0 1
vn 0 0 1
vn 0 0 1
vn 0 0 1
vn 0 0 1
vn 0 0 1
vn 0 0 1
vn 0 0 1
vn 0 0 1
vn 0 0 1
vn 0 0 1
vn 0 0 1
vn 0 0 1
vn 0 0 1
vn 0 0 1
vn 0 0 1
vn 0 0 1
vn 0 0 1
vn 0 0 1
vn 0 0 1
vn 0 0 1
vn 0 0 1
vn 0 0 1
vn 0 0 1
vn 0 0 1
vn 0 0 1
vn 0 0 1
vn 0 0 1
vn 0 0 1
vn 0 0 1
vn 0 0 1
vn 0 0 1
vn 0 0 1
vn 0 0 1
vn 0 0 1
vn 0 0 1
vn 0 0 1
vn 0 0 1
vn 0 0 1
vn 0 0 1
vn 0 0 1
vn 0 0 1
vn 0 0 1
vn 0 0 1
vn 0 0 1
vn 0 0 1
vn 0 0 1
vn 0 0 1
vn 0 0 1
vn 0 0 1
vn 0 0 1
vn 0 0 1
vn 0 0 1
vn 0 0 1
vn 0 0 1
vn 0 0 1
vn 0 0 1
vn 0 0 1
vn 0 0 1
vn 0 0 1
vn 0 0 1
vn 0 0 1
vn 0 0 1
vn 0 0 1
vn 0 0 1
vn 0 0 1
vn 0 0 1
vn 0 0 1
vn 0 0 1
vn 0 0 1
vn 0 0 1
vn 0 0 1
vn 0 0 1
vn 0 0 1
vn 0 0 1
vn 0 0 1
vn 0 0 1
vn 0 0 1
vn 0 0 1
vn 0 0 1
vn 0 0 1
vn 0 0 1
vn 0 0 1
vn 0 0 1
vn 0 0 1
vn 0 0 1
vn 0 0 1
vn 0 0 1
vn 0 0 1
vn 0 0 1
vn 0 0 1
vn 0 0 1
vn 0 0 1
vn 0 0 1
vn 0 0 1
vn 0 0 1
vn 0 0 1
vn 0 0 1
vn 0 0 1
vn 0 0 1
vn 0 0 1
vn 0 0 1
vn 0 0 1
vn 0 0 1
vn 0 0 1
vn 0 0 1
vn 0 0 1
vn 0 0 1
vn 0 0 1
vn 0 0 1
vn 0 0 1
vn 0 0 1
vn 0 0 1
vn 0 0 1
vn 0 0 1
vn 0 0 1
vn 0 0 1
vn 0 0 1
vn 0 0 1
vn 0 0 1
vn 0 0 1
vn 0 0 1
vn 0 0 1
vn 0 0 1
vn 0 0 1
vn 0 0 1
vn 0 0 1
vn 0 0 1
vn 0 0 1
vn 0 0 1
vn 0 0 1
vn 0 0 1
vn 0 0 1
vn 0 0 1
vn 0 0 1
vn 0 0 1
vn 0 0 1
vn 0 0 1
vn 0 0 1
vn 0 0 1
vn 0 0 1
vn 0 0 1
vn 0 0 1
vn 0 0 1
vn 0 0 1
vn 0 0 1
vn 0 0 1
vn 0 0 1
vn 0 0 1
vn 0 0 1
vn 0 0 1
vn 0 0 1
vn 0 0 1
vn 0 0 1
vn 0 0 1
vn 0 0 1
vn 0 0 1
vn 0 0 1
vn 0 0 1
vn 0 0 1
vn 0 0 1
vn 0 0 1
vn 0 0 1
vn 0 0 1
vn 0 0 1
vn 0 0 1
vn 0 0 1
vn 0 0 1
vn 0 0 1
vn 0 0 1
vn 0 0 1
vn 0 0 1
vn 0 0 1
vn 0 0 1
vn 0 0 1
vn 0 0 1
vn 0 0 1
vn 0 0 1
vn 0 0 1
vn 0 0 1
vn 0 0 1
vn 0 0 1
vn 0 0 1
vn 0 0 1
vn 0 0 1
vn 0 0 1
vn 0 0 1
vn 0 0 1
vn 0 0 1
vn 0 0 1
vn 0 0 1
vn 0 0 1
vn 0 0 1
vn 0 0 1
vn 0 0 1
vn 0 0 1
vn 0 0 1
vn 0 0 1
vn 0 0 1
vn 0 0 1
vn 0 0 1
vn 0 0 1
vn 0 0 1
vn 0 0 1
vn 0 0 1
vn 0 0 1
vn 0 0 1
vn 0 0 1
vn 0 0 1
vn 0 0 1
vn 0 0 1
vn 0 0 1
vn 0 0 1
vn 0 0 1
vn 0 0 1
vn 0 0 1
vn 0 0 1
vn 0 0 1
vn 0 0 1
vn 0 0 1
vn 0 0 1
vn 0 0 1
vn 0 0 1
vn 0 0 1
vn 0 0 1
vn 0 0 1
vn 0 0 1
vn 0 0 1
vn 0 0 1
vn 0 0 1
vn 0 0 1
vn 0 0 1
vn 0 0 1
vn 0 0 1
vn 0 0 1
vn 0 0 1
vn 0 0 1
vn 0 0 1
vn 0 0 1
vn 0 0 1
vn 0 0 1
vn 0 0 1
vn 0 0 1
vn 0 0 1
vn 0 0 1
vn 0 0 1
vn 0 0 1
vn 0 0 1
vn 0 0 1
vn 0 0 1
vn 0 0 1
vn 0 0 1
vn 0 0 1
vn 0 0 1
vn 0 0 1
vn 0 0 1
vn 0 0 1
vn 0 0 1
vn 0 0 1
vn 0 0 1
vn 0 0 1
vn 0 0 1
vn 0 0 1
vn 0 0 1
vn 0 0 1
vn 0 0 1
vn 0 0 1
vn 0 0 1
vn 0 0 1
vn 0 0 1
vn 0 0 1
vn 0 0 1
vn 0 0 1
vn 0 0 1
vn 0 0 1
vn 0 0 1
vn 0 0 1
vn 0 0 1
vn 0 0 1
vn 0 0 1
vn 0 0 1
vn 0 0 1
vn 0 0 1
vn 0 0 1
vn 0 0 1
vn 0 0 1
vn 0 0 1
vn 0 0 1
vn 0 0 1
vn 0 0 1
vn 0 0 1
vn 0 0 1
vn 0 0 1
vn 0 0 1
vn 0 0 1
vn 0 0 1
vn 0 0 1
vn 0 0 1
vn 0 0 1
vn 0 0 1
vn 0 0 1
vn 0 0 1
vn 0 0 1
vn 0 0 1
vn 0 0 1
vn 0 0 1
vn 0 0 1
vn 0 0 1
vn 0 0 1
vn 0 0 1
vn 0 0 1
vn 0 0 1
vn 0 0 1
vn 0 0 1
vn 0 0 1
vn 0 0 1
vn 0 0 1
vn 0 0 1
vn 0 0 1
vn 0 0 1
vn 0 0 1
vn 0 0 1
vn 0 0 1
vn 0 0 1
vn 0 0 1
vn 0 0 1
vn 0 0 1
vn 0 0 1
vn 0 0 1
vn 0 0 1
vn 0 0 1
vn 0 0 1
vn 0 0 1
vn 0 0 1
vn 0 0 1
vn 0 0 1
vn 0 0 1
vn 0 0 1
vn 0 0 1
vn 0 0 1
vn 0 0 1
vn 0 0 1
vn 0 0 1
vn 0 0 1
vn 0 0 1
vn 0 0 1
vn 0 0 1
vn 0 0 1
vn 0 0 1
vn 0 0 1
vn 0 0 1
vn 0 0 1
vn 0 0 1
vn 0 0 1
vn 0 0 1
vn 0 0 1
vn 0 0 1
vn 0 0 1
vn 0 0 1
vn 0 0 1
vn 0 0 1
vn 0 0 1
vn 0 0 1
vn 0 0 1
vn 0 0 1
vn 0 0 1
vn 0 0 1
vn 0 0 1
vn 0 0 1
vn 0 0 1
vn 0 0 1
vn 0 0 1
vn 0 0 1
vn 0 0 1
vn 0 0 1
vn 0 0 1
vn 0 0 1
vn 0 0 1
vn 0 0 1
vn 0 0 1
vn 0 0 1
vn 0 0 1
vn 0 0 1
vn 0 0 1
vn 0 0 1
vn 0 0 1
vn 0 0 1
vn 0 0 1
vn 0 0 1
vn 0 0 1
vn 0 0 1
vn 0 0 1
vn 0 0 1
vn 0 0 1
vn 0 0 1
vn 0 0 1
vn 0 0 1
vn 0 0 1
vn 0 0 1
vn 0 0 1
vn 0 0 1
vn 0 0 1
vn 0 0 1
vn 0 0 1
vn 0 0 1
vn 0 0 1
vn 0 0 1
vn 0 0 1
vn 0 0 1
vn 0 0 1
vn 0 0 1
vn 0 0 1
vn 0 0 1
vn 0 0 1
vn 0 0 1
vn 0 0 1
vn 0 0 1
vn 0 0 1
vn 0 0 1
vn 0 0 1
vn 0 0 1
vn 0 0 1
vn 0 0 1
vn 0 0 1
vn 0 0 1
vn 0 0 1
vn 0 0 1
vn 0 0 1
vn 0 0 1
vn 0 0 1
vn 0 0 1
vn 0 0 1
vn 0 0 1
vn 0 0 1
vn 0 0 1
vn 0 0 1
vn 0 0 1
vn 0 0 1
vn 0 0 1
vn 0 0 1
vn 0 0 1
vn 0 0 1
vn 0 0 1
vn 0 0 1
vn 0 0 1
vn 0 0 1
vn 0 0 1
vn 0 0 1
vn 0 0 1
vn 0 0 1
vn 0 0 1
vn 0 0 1
vn 0 0 1
vn 0 0 1
vn 0 0 1
vn 0 0 1
vn 0 0 1
vn 0 0 1
vn 0 0 1
vn 0 0 1
vn 0 0 1
vn 0 0 1
vn 0 0 1
vn 0 0 1
vn 0 0 1
vn 0 0 1
vn 0 0 1
vn 0 0 1
vn 0 0 1
vn 0 0 1
vn 0 0 1
vn 0 0 1
vn 0 0 1
vn 0 0 1
vn 0 0 1
vn 0 0 1
vn 0 0 1
vn 0 0 1
vn 0 0 1
vn 0 0 1
vn 0 0 1
vn 0 0 1
vn 0 0 1
vn 0 0 1
vn 0 0 1
vn 0 0 1
vn 0 0 1
vn 0 0 1
vn 0 0 1
vn 0 0 1
vn 0 0 1
vn 0 0 1
vn 0 0 1
vn 0 0 1
vn 0 0 1
vn 0 0 1
vn 0 0 1
vn 0 0 1
vn 0 0 1
vn 0 0 1
vn 0 0 1
vn 0 0 1
vn 0 0 1
vn 0 0 1
vn 0 0 1
vn 0 0 1
vn 0 0 1
vn 0 0 1
vn 0 0 1
vn 0 0 1
vn 0 0 1
vn 0 0 1
vn 0 0 1
vn 0 0 1
vn 0 0 1
vn 0 0 1
vn 0 0 1
vn 0 0 1
vn 0 0 1
vn 0 0 1
vn 0 0 1
vn 0 0 1
vn 0 0 1
vn 0 0 1
vn 0 0 1
vn 0 0 1
vn 0 0 1
vn 0 0 1
vn 0 0 1
vn 0 0 1
vn 0 0 1
vn 0 0 1
vn 0 0 1
vn 0 0 1
vn 0 0 1
vn 0 0 1
vn 0 0 1
vn 0 0 1
vn 0 0 1
vn 0 0 1
vn 0 0 1
vn 0 0 1
vn 0 0 1
vn 0 0 1
vn 0 0 1
vn 0 0 1
vn 0 0 1
vn 0 0 1
vn 0 0 1
vn 0 0 1
vn 0 0 1
vn 0 0 1
vn 0 0 1
vn 0 0 1
vn 0 0 1
vn 0 0 1
vn 0 0 1
vn 0 0 1
vn 0 0 1
vn 0 0 1
vn 0 0 1
vn 0 0 1
vn 0 0 1
vn 0 0 1
vn 0 0 1
vn 0 0 1
vn 0 0 1
vn 0 0 1
vn 0 0 1
vn 0 0 1
vn 0 0 1
vn 0 0 1
vn 0 0 1
vn 0 0 1
vn 0 0 1
vn 0 0 1
vn 0 0 1
vn 0 0 1
vn 0 0 1
vn 0 0 1
vn 0 0 1
vn 0 0 1
vn 0 0 1
vn 0 0 1
vn 0 0 1
vn 0 0 1
vn 0 0 1
vn 0 0 1
vn 0 0 1
vn 0 0 1
vn 0 0 1
vn 0 0 1
vn 0 0 1
vn 0 0 1
vn 0 0 1
vn 0 0 1
vn 0 0 1
vn 0 0 1
vn 0 0 1
vn 0 0 1
vn 0 0 1
vn 0 0 1
vn 0 0 1
vn 0 0 1
vn 0 0 1
vn 0 0 1
vn 0 0 1
vn 0 0 1
vn 0 0 1
vn 0 0 1
vn 0 0 1
vn 0 0 1
vn 0 0 1
vn 0 0 1
vn 0 0 1
vn 0 0 1
vn 0 0 1
vn 0 0 1
vn 0 0 1
vn 0 0 1
vn 0 0 1
vn 0 0 1
vn 0 0 1
vn 0 0 1
vn 0 0 1
vn 0 0 1
vn 0 0 1
vn 0 0 1
vn 0 0 1
vn 0 0 1
vn 0 0 1
vn 0 0 1
vn 0 0 1
vn 0 0 1
vn 0 0 1
vn 0 0 1
vn 0 0 1
vn 0 0 1
vn 0 0 1
vn 0 0 1
vn 0 0 1
vn 0 0 1
vn 0 0 1
vn 0 0 1
vn 0 0 1
vn 0 0 1
vn 0 0 1
vn 0 0 1
vn 0 0 1
vn 0 0 1
vn 0 0 1
vn 0 0 1
vn 0 0 1
vn 0 0 1
vn 0 0 1
vn 0 0 1
vn 0 0 1
vn 0 0 1
vn 0 0 1
vn 0 0 1
vn 0 0 1
vn 0 0 1
vn 0 0 1
vn 0 0 1
vn 0 0 1
vn 0 0 1
vn 0 0 1
vn 0 0 1
vn 0 0 1
vn 0 0 1
vn 0 0 1
vn 0 0 1
vn 0 0 1
vn 0 0 1
vn 0 0 1
vn 0 0 1
vn 0 0 1
vn 0 0 1
vn 0 0 1
vn 0 0 1
vn 0 0 1
vn 0 0 1
vn 0 0 1
vn 0 0 1
vn 0 0 1
vn 0 0 1
vn 0 0 1
vn 0 0 1
vn 0 0 1
vn 0 0 1
vn 0 0 1
vn 0 0 1
vn 0 0 1
vn 0 0 1
vn 0 0 1
vn 0 0 1
vn 0 0 1
vn 0 0 1
vn 0 0 1
vn 0 0 1
vn 0 0 1
vn 0 0 1
vn 0 0 1
vn 0 0 1
vn 0 0 1
vn 0 0 1
vn 0 0 1
vn 0 0 1
vn 0 0 1
vn 0 0 1
vn 0 0 1
vn 0 0 1
vn 0 0 1
vn 0 0 1
vn 0 0 1
vn 0 0 1
vn 0 0 1
vn 0 0 1
vn 0 0 1
vn 0 0 1
vn 0 0 1
vn 0 0 1
vn 0 0 1
vn 0 0 1
vn 0 0 1
vn 0 0 1
vn 0 0 1
vn 0 0 1
vn 0 0 1
vn 0 0 1
vn 0 0 1
vn 0 0 1
vn 0 0 1
vn 0 0 1
vn 0 0 1
vn 0 0 1
vn 0 0 1
vn 0 0 1
vn 0 0 1
vn 0 0 1
vn 0 0 1
vn 0 0 1
vn 0 0 1
vn 0 0 1
vn 0 0 1
vn 0 0 1
vn 0 0 1
vn 0 0 1
vn 0 0 1
vn 0 0 1
vn 0 0 1
vn 0 0 1
vn 0 0 1
vn 0 0 1
vn 0 0 1
vn 0 0 1
vn 0 0 1
vn 0 0 1
vn 0 0 1
vn 0 0 1
vn 0 0 1
vn 0 0 1
vn 0 0 1
vn 0 0 1
vn 0 0 1
vn 0 0 1
vn 0 0 1
vn 0 0 1
vn 0 0 1
vn 0 0 1
vn 0 0 1
vn 0 0 1
vn 0 0 1
vn 0 0 1
vn 0 0 1
vn 0 0 1
vn 0 0 1
vn 0 0 1
vn 0 0 1
vn 0 0 1
vn 0 0 1
vn 0 0 1
vn 0 0 1
vn 0 0 1
vn 0 0 1
vn 0 0 1
vn 0 0 1
vn 0 0 1
vn 0 0 1
vn 0 0 1
vn 0 0 1
vn 0 0 1
vn 0 0 1
vn 0 0 1
vn 0 0 1
vn 0 0 1
vn 0 0 1
vn 0 0 1
vn 0 0 1
vn 0 0 1
vn 0 0 1
vn 0 0 1
vn 0 0 1
vn 0 0 1
vn 0 0 1
vn 0 0 1
vn 0 0 1
vn 0 0 1
vn 0 0 1
vn 0 0 1
vn 0 0 1
vn 0 0 1
vn 0 0 1
vn 0 0 1
vn 0 0 1
vn 0 0 1
vn 0 0 1
vn 0 0 1
vn 0 0 1
vn 0 0 1
vn 0 0 1
vn 0 0 1
vn 0 0 1
vn 0 0 1
vn 0 0 1
vn 0 0 1
vn 0 0 1
vn 0 0 1
vn 0 0 1
vn 0 0 1
vn 0 0 1
vn 0 0 1
vn 0 0 1
vn 0 0 1
vn 0 0 1
vn 0 0 1
vn 0 0 1
vn 0 0 1
vn 0 0 1
vn 0 0 1
vn 0 0 1
vn 0 0 1
vn 0 0 1
vn 0 0 1
vn 0 0 1
vn 0 0 1
vn 0 0 1
vn 0 0 1
vn 0 0 1
vn 0 0 1
vn 0 0 1
vn 0 0 1
vn 0 0 1
vn 0 0 1
vn 0 0 1
vn 0 0 1
vn 0 0 1
vn 0 0 1
vn 0 0 1
vn 0 0 1
vn 0 0 1
vn 0 0 1
vn 0 0 1
vn 0 0 1
vn 0 0 1
vn 0 0 1
vn 0 0 1
vn 0 0 1
vn 0 0 1
vn 0 0 1
vn 0 0 1
vn 0 0 1
vn 0 0 1
vn 0 0 1
vn 0 0 1
vn 0 0 1
vn 0 0 1
vn 0 0 1
vn 0 0 1
vn 0 0 1
vn 0 0 1
vn 0 0 1
vn 0 0 1
vn 0 0 1
vn 0 0 1
vn 0 0 1
vn 0 0 1
vn 0 0 1
vn 0 0 1
vn 0 0 1
vn 0 0 1
vn 0 0 1
vn 0 0 1
vn 0 0 1
vn 0 0 1
vn 0 0 1
vn 0 0 1
vn 0 0 1
vn 0 0 1
vn 0 0 1
vn 0 0 1
vn 0 0 1
vn 0 0 1
vn 0 0 1
vn 0 0 1
vn 0 0 1
vn 0 0 1
vn 0 0 1
vn 0 0 1
vn 0 0 1
vn 0 0 1
vn 0 0 1
vn 0 0 1
vn 0 0 1
vn 0 0 1
vn 0 0 1
vn 0 0 1
vn 0 0 1
vn 0 0 1
vn 0 0 1
vn 0 0 1
vn 0 0 1
vn 0 0 1
vn 0 0 1
vn 0 0 1
vn 0 0 1
vn 0 0 1
vn 0 0 1
vn 0 0 1
vn 0 0 1
vn 0 0 1
vn 0 0 1
vn 0 0 1
vn 0 0 1
vn 0 0 1
vn 0 0 1
vn 0 0 1
vn 0 0 1
vn 0 0 1
vn 0 0 1
vn 0 0 1
vn 0 0 1
vn 0 0 1
vn 0 0 1
vn 0 0 1
vn 0 0 1
vn 0 0 1
vn 0 0 1
vn 0 0 1
vn 0 0 1
vn 0 0 1
vn 0 0 1
vn 0 0 1
vn 0 0 1
vn 0 0 1
vn 0 0 1
vn 0 0 1
vn 0 0 1
vn 0 0 1
vn 0 0 1
vn 0 0 1
vn 0 0 1
vn 0 0 1
vn 0 0 1
vn 0 0 1
vn 0 0 1
vn 0 0 1
vn 0 0 1
vn 0 0 1
vn 0 0 1
vn 0 0 1
vn 0 0 1
vn 0 0 1
vn 0 0 1
vn 0 0 1
vn 0 0 1
vn 0 0 1
vn 0 0 1
vn 0 0 1
vn 0 0 1
vn 0 0 1
vn 0 0 1
vn 0 0 1
vn 0 0 1
vn 0 0 1
vn 0 0 1
vn 0 0 1
vn 0 0 1
vn 0 0 1
vn 0 0 1
vn 0 0 1
vn 0 0 1
vn 0 0 1
vn 0 0 1
vn 0 0 1
vn 0 0 1
vn 0 0 1
vn 0 0 1
vn 0 0 1
vn 0 0 1
vn 0 0 1
vn 0 0 1
vn 0 0 1
vn 0 0 1
vn 0 0 1
vn 0 0 1
vn 0 0 1
vn 0 0 1
vn 0 0 1
vn 0 0 1
vn 0 0 1
vn 0 0 1
vn 0 0 1
vn 0 0 1
vn 0 0 1
vn 0 0 1
vn 0 0 1
vn 0 0 1
vn 0 0 1
vn 0 0 1
vn 0 0 1
vn 0 0 1
vn 0 0 1
vn 0 0 1
vn 0 0 1
vn 0 0 1
vn 0 0 1
vn 0 0 1
vn 0 0 1
vn 0 0 1
vn 0 0 1
vn 0 0 1
vn 0 0 1
vn 0 0 1
vn 0 0 1
vn 0 0 1
vn 0 0 1
vn 0 0 1
vn 0 0 1
vn 0 0 1
vn 0 0 1
vn 0 0 1
vn 0 0 1
vn 0 0 1
vn 0 0 1
vn 0 0 1
vn 0 0 1
vn 0 0 1
vn 0 0 1
vn 0 0 1
vn 0 0 1
vn 0 0 1
vn 0 0 1
vn 0 0 1
vn 0 0 1
vn 0 0 1
vn 0 0 1
vn 0 0 1
vn 0 0 1
vn 0 0 1
vn 0 0 1
vn 0 0 1
vn 0 0 1
vn 0 0 1
vn 0 0 1
vn 0 0 1
vn 0 0 1
vn 0 0 1
vn 0 0 1
vn 0 0 1
vn 0 0 1
vn 0 0 1
vn 0 0 1
vn 0 0 1
vn 0 0 1
vn 0 0 1
vn 0 0 1
vn 0 0 1
vn 0 0 1
vn 0 0 1
vn 0 0 1
vn 0 0 1
vn 0 0 1
vn 0 0 1
vn 0 0 1
vn 0 0 1
vn 0 0 1
vn 0 0 1
vn 0 0 1
vn 0 0 1
vn 0 0 1
vn 0 0 1
vn 0 0 1
vn 0 0 1
vn 0 0 1
vn 0 0 1
vn 0 0 1
vn 0 0 1
vn 0 0 1
vn 0 0 1
vn 0 0 1
vn 0 0 1
vn 0 0 1
vn 0 0 1
vn 0 0 1
vn 0 0 1
vn 0 0 1
vn 0 0 1
vn 0 0 1
vn 0 0 1
vn 0 0 1
vn 0 0 1
vn 0 0 1
vn 0 0 1
vn 0 0 1
vn 0 0 1
vn 0 0 1
vn 0 0 1
vn 0 0 1
vn 0 0 1
vn 0 0 1
vn 0 0 1
vn 0 0 1
vn 0 0 1
vn 0 0 1
vn 0 0 1
vn 0 0 1
vn 0 0 1
vn 0 0 1
vn 0 0 1
vn 0 0 1
vn 0 0 1
vn 0 0 1
vn 0 0 1
vn 0 0 1
vn 0 0 1
vn 0 0 1
vn 0 0 1
vn 0 0 1
vn 0 0 1
vn 0 0 1
vn 0 0 1
vn 0 0 1
vn 0 0 1
vn 0 0 1
vn 0 0 1
vn 0 0 1
vn 0 0 1
vn 0 0 1
vn 0 0 1
vn 0 0 1
vn 0 0 1
vn 0 0 1
vn 0 0 1
vn 0 0 1
vn 0 0 1
vn 0 0 1
vn 0 0 1
vn 0 0 1
vn 0 0 1
vn 0 0 1
vn 0 0 1
vn 0 0 1
vn 0 0 1
vn 0 0 1
vn 0 0 1
vn 0 0 1
vn 0 0 1
vn 0 0 1
vn 0 0 1
vn 0 0 1
vn 0 0 1
vn 0 0 1
vn 0 0 1
vn 0 0 1
vn 0 0 1
vn 0 0 1
vn 0 0 1
vn 0 0 1
vn 0 0 1
vn 0 0 1
vn 0 0 1
vn 0 0 1
vn 0 0 1
vn 0 0 1
vn 0 0 1
vn 0 0 1
vn 0 0 1
vn 0 0 1
vn 0 0 1
vn 0 0 1
vn 0 0 1
vn 0 0 1
vn 0 0 1
vn 0 0 1
vn 0 0 1
vn 0 0 1
vn 0 0 1
vn 0 0 1
vn 0 0 1
vn 0 0 1
vn 0 0 1
vn 0 0 1
vn 0 0 1
vn 0 0 1
vn 0 0 1
vn 0 0 1
vn 0 0 1
vn 0 0 1
vn 0 0 1
vn 0 0 1
vn 0 0 1
vn 0 0 1
vn 0 0 1
vn 0 0 1
vn 0 0 1
vn 0 0 1
vn 0 0 1
vn 0 0 1
vn 0 0 1
vn 0 0 1
vn 0 0 1
vn 0 0 1
vn 0 0 1
vn 0 0 1
vn 0 0 1
vn 0 0 1
vn 0 0 1
vn 0 0 1
vn 0 0 1
vn 0 0 1
vn 0 0 1
vn 0 0 1
vn 0 0 1
vn 0 0 1
vn 0 0 1
vn 0 0 1
vn 0 0 1
vn 0 0 1
vn 0 0 1
vn 0 0 1
vn 0 0 1
vn 0 0 1
vn 0 0 1
vn 0 0 1
vn 0 0 1
vn 0 0 1
vn 0 0 1
vn 0 0 1
vn 0 0 1
vn 0 0 1
vn 0 0 1
vn 0 0 1
vn 0 0 1
vn 0 0 1
vn 0 0 1
vn 0 0 1
vn 0 0 1
vn 0 0 1
vn 0 0 1
vn 0 0 1
vn 0 0 1
vn 0 0 1
vn 0 0 1
vn 0 0 1
vn 0 0 1
vn 0 0 1
vn 0 0 1
vn 0 0 1
vn 0 0 1
vn 0 0 1
vn 0 0 1
vn 0 0 1
vn 0 0 1
vn 0 0 1
vn 0 0 1
vn 0 0 1
vn 0 0 1
vn 0 0 1
vn 0 0 1
vn 0 0 1
vn 0 0 1
vn 0 0 1
vn 0 0 1
vn 0 0 1
vn 0 0 1
vn 0 0 1
vn 0 0 1
vn 0 0 1
vn 0 0 1
vn 0 0 1
vn 0 0 1
vn 0 0 1
vn 0 0 1
vn 0 0 1
vn 0 0 1
vn 0 0 1
vn 0 0 1
vn 0 0 1
vn 0 0 1
vn 0 0 1
vn 0 0 1
vn 0 0 1
vn 0 0 1
vn 0 0 1
vn 0 0 1
vn 0 0 1
vn 0 0 1
vn 0 0 1
vn 0 0 1
vn 0 0 1
vn 0 0 1
vn 0 0 1
vn 0 0 1
vn 0 0 1
vn 0 0 1
vn 0 0 1
vn 0 0 1
vn 0 0 1
vn 0 0 1
vn 0 0 1
vn 0 0 1
vn 0 0 1
vn 0 0 1
vn 0 0 1
vn 0 0 1
vn 0 0 1
vn 0 0 1
vn 0 0 1
vn 0 0 1
vn 0 0 1
vn 0 0 1
vn 0 0 1
vn 0 0 1
vn 0 0 1
vn 0 0 1
vn 0 0 1
vn 0 0 1
vn 0 0 1
vn 0 0 1
vn 0 0 1
vn 0 0 1
vn 0 0 1
vn 0 0 1
vn 0 0 1
vn 0 0 1
vn 0 0 1
vn 0 0 1
vn 0 0 1
vn 0 0 1
vn 0 0 1
vn 0 0 1
vn 0 0 1
vn 0 0 1
vn 0 0 1
vn 0 0 1
vn 0 0 1
vn 0 0 1
vn 0 0 1
vn 0 0 1
vn 0 0 1
vn 0 0 1
vn 0 0 1
vn 0 0 1
vn 0 0 1
vn 0 0 1
vn 0 0 1
vn 0 0 1
vn 0 0 1
vn 0 0 1
vn 0 0 1
vn 0 0 1
vn 0 0 1
vn 0 0 1
vn 0 0 1
vn 0 0 1
vn 0 0 1
vn 0 0 1
vn 0 0 1
vn 0 0 1
vn 0 0 1
vn 0 0 1
vn 0 0 1
vn 0 0 1
vn 0 0 1
vn 0 0 1
vn 0 0 1
vn 0 0 1
vn 0 0 1
vn 0 0 1
vn 0 0 1
vn 0 0 1
vn 0 0 1
vn 0 0 1
vn 0 0 1
vn 0 0 1
vn 0 0 1
vn 0 0 1
vn 0 0 1
vn 0 0 1
vn 0 0 1
vn 0 0 1
vn 0 0 1
vn 0 0 1
vn 0 0 1
vn 0 0 1
vn 0 0 1
vn 0 0 1
vn 0 0 1
vn 0 0 1
vn 0 0 1
vn 0 0 1
vn 0 0 1
vn 0 0 1
vn 0 0 1
vn 0 0 1
vn 0 0 1
vn 0 0 1
vn 0 0 1
vn 0 0 1
vn 0 0 1
vn 0 0 1
vn 0 0 1
vn 0 0 1
vn 0 0 1
vn 0 0 1
vn 0 0 1
vn 0 0 1
vn 0 0 1
vn 0 0 1
vn 0 0 1
vn 0 0 1
vn 0 0 1
vn 0 0 1
vn 0 0 1
vn 0 0 1
vn 0 0 1
vn 0 0 1
vn 0 0 1
vn 0 0 1
vn 0 0 1
vn 0 0 1
vn 0 0 1
vn 0 0 1
vn 0 0 1
vn 0 0 1
vn 0 0 1
vn 0 0 1
vn 0 0 1
vn 0 0 1
vn 0 0 1
vn 0 0 1
vn 0 0 1
vn 0 0 1
vn 0 0 1
vn 0 0 1
vn 0 0 1
vn 0 0 1
vn 0 0 1
vn 0 0 1
vn 0 0 1
vn 0 0 1
vn 0 0 1
vn 0 0 1
vn 0 0 1
vn 0 0 1
vn 0 0 1
vn 0 0 1
vn 0 0 1
vn 0 0 1
vn 0 0 1
vn 0 0 1
vn 0 0 1
vn 0 0 1
vn 0 0 1
vn 0 0 1
vn 0 0 1
vn 0 0 1
vn 0 0 1
vn 0 0 1
vn 0 0 1
vn 0 0 1
vn 0 0 1
vn 0 0 1
vn 0 0 1
vn 0 0 1
vn 0 0 1
vn 0 0 1
vn 0 0 1
vn 0 0 1
vn 0 0 1
vn 0 0 1
vn 0 0 1
vn 0 0 1
vn 0 0 1
vn 0 0 1
vn 0 0 1
vn 0 0 1
vn 0 0 1
vn 0 0 1
vn 0 0 1
vn 0 0 1
vn 0 0 1
vn 0 0 1
vn 0 0 1
vn 0 0 1
vn 0 0 1
vn 0 0 1
vn 0 0 1
vn 0 0 1
vn 0 0 1
vn 0 0 1
vn 0 0 1
vn 0 0 1
vn 0 0 1
vn 0 0 1
vn 0 0 1
vn 0 0 1
vn 0 0 1
vn 0 0 1
vn 0 0 1
vn 0 0 1
vn 0 0 1
vn 0 0 1
vn 0 0 1
vn 0 0 1
vn 0 0 1
vn 0 0 1
vn 0 0 1
vn 0 0 1
vn 0 0 1
vn 0 0 1
vn 0 0 1
vn 0 0 1
vn 0 0 1
vn 0 0 1
vn 0 0 1
vn 0 0 1
vn 0 0 1
vn 0 0 1
vn 0 0 1
vn 0 0 1
vn 0 0 1
vn 0 0 1
vn 0 0 1
vn 0 0 1
vn 0 0 1
vn 0 0 1
vn 0 0 1
vn 0 0 1
vn 0 0 1
vn 0 0 1
vn 0 0 1
vn 0 0 1
vn 0 0 1
vn 0 0 1
vn 0 0 1
vn 0 0 1
vn 0 0 1
vn 0 0 1
vn 0 0 1
vn 0 0 1
vn 0 0 1
vn 0 0 1
vn 0 0 1
vn 0 0 1
vn 0 0 1
vn 0 0 1
vn 0 0 1
vn 0 0 1
vn 0 0 1
vn 0 0 1
vn 0 0 1
vn 0 0 1
vn 0 0 1
vn 0 0 1
vn 0 0 1
vn 0 0 1
vn 0 0 1
vn 0 0 1
vn 0 0 1
vn 0 0 1
vn 0 0 1
vn 0 0 1
vn 0 0 1
vn 0 0 1
vn 0 0 1
vn 0 0 1
vn 0 0 1
vn 0 0 1
vn 0 0 1
vn 0 0 1
vn 0 0 1
vn 0 0 1
vn 0 0 1
vn 0 0 1
vn 0 0 1
vn 0 0 1
vn 0 0 1
vn 0 0 1
vn 0 0 1
vn 0 0 1
vn 0 0 1
vn 0 0 1
vn 0 0 1
vn 0 0 1
vn 0 0 1
vn 0 0 1
vn 0 0 1
vn 0 0 1
vn 0 0 1
vn 0 0 1
vn 0 0 1
vn 0 0 1
vn 0 0 1
vn 0 0 1
vn 0 0 1
vn 0 0 1
vn 0 0 1
vn 0 0 1
vn 0 0 1
vn 0 0 1
vn 0 0 1
vn 0 0 1
vn 0 0 1
vn 0 0 1
vn 0 0 1
vn 0 0 1
vn 0 0 1
vn 0 0 1
vn 0 0 1
vn 0 0 1
vn 0 0 1
vn 0 0 1
vn 0 0 1
vn 0 0 1
vn 0 0 1
vn 0 0 1
vn 0 0 1
vn 0 0 1
vn 0 0 1
vn 0 0 1
vn 0 0 1
vn 0 0 1
vn 0 0 1
vn 0 0 1
vn 0 0 1
vn 0 0 1
vn 0 0 1
vn 0 0 1
vn 0 0 1
vn 0 0 1
vn 0 0 1
vn 0 0 1
vn 0 0 1
vn 0 0 1
vn 0 0 1
vn 0 0 1
vn 0 0 1
vn 0 0 1
vn 0 0 1
vn 0 0 1
vn 0 0 1
vn 0 0 1
vn 0 0 1
vn 0 0 1
vn 0 0 1
vn 0 0 1
vn 0 0 1
vn 0 0 1
vn 0 0 1
vn 0 0 1
vn 0 0 1
vn 0 0 1
vn 0 0 1
vn 0 0 1
vn 0 0 1
vn 0 0 1
vn 0 0 1
vn 0 0 1
vn 0 0 1
vn 0 0 1
vn 0 0 1
vn 0 0 1
vn 0 0 1
vn 0 0 1
vn 0 0 1
vn 0 0 1
vn 0 0 1
vn 0 0 1
vn 0 0 1
vn 0 0 1
vn 0 0 1
vn 0 0 1
vn 0 0 1
vn 0 0 1
vn 0 0 1
vn 0 0 1
vn 0 0 1
vn 0 0 1
vn 0 0 1
vn 0 0 1
vn 0 0 1
vn 0 0 1
vn 0 0 1
vn 0 0 1
vn 0 0 1
vn 0 0 1
vn 0 0 1
vn 0 0 1
vn 0 0 1
vn 0 0 1
vn 0 0 1
vn 0 0 1
vn 0 0 1
vn 0 0 1
vn 0 0 1
vn 0 0 1
vn 0 0 1
vn 0 0 1
vn 0 0 1
vn 0 0 1
vn 0 0 1
vn 0 0 1
vn 0 0 1
vn 0 0 1
vn 0 0 1
vn 0 0 1
vn 0 0 1
vn 0 0 1
vn 0 0 1
vn 0 0 1
vn 0 0 1
vn 0 0 1
vn 0 0 1
vn 0 0 1
vn 0 0 1
vn 0 0 1
vn 0 0 1
vn 0 0 1
vn 0 0 1
vn 0 0 1
vn 0 0 1
vn 0 0 1
vn 0 0 1
vn 0 0 1
vn 0 0 1
vn 0 0 1
vn 0 0 1
vn 0 0 1
vn 0 0 1
vn 0 0 1
vn 0 0 1
vn 0 0 1
vn 0 0 1
vn 0 0 1
vn 0 0 1
vn 0 0 1
vn 0 0 1
vn 0 0 1
vn 0 0 1
vn 0 0 1
vn 0 0 1
vn 0 0 1
vn 0 0 1
vn 0 0 1
vn 0 0 1
vn 0 0 1
vn 0 0 1
vn 0 0 1
vn 0 0 1
vn 0 0 1
vn 0 0 1
vn 0 0 1
vn 0 0 1
vn 0 0 1
vn 0 0 1
vn 0 0 1
vn 0 0 1
vn 0 0 1
vn 0 0 1
vn 0 0 1
vn 0 0 1
vn 0 0 1
vn 0 0 1
vn 0 0 1
vn 0 0 1
vn 0 0 1
vn 0 0 1
vn 0 0 1
vn 0 0 1
vn 0 0 1
vn 0 0 1
vn 0 0 1
vn 0 0 1
vn 0 0 1
vn 0 0 1
vn 0 0 1
vn 0 0 1
vn 0 0 1
vn 0 0 1
vn 0 0 1
vn 0 0 1
vn 0 0 1
vn 0 0 1
vn 0 0 1
vn 0 0 1
vn 0 0 1
vn 0 0 1
vn 0 0 1
vn 0 0 1
vn 0 0 1
vn 0 0 1
vn 0 0 1
vn 0 0 1
vn 0 0 1
vn 0 0 1
vn 0 0 1
vn 0 0 1
vn 0 0 1
vn 0 0 1
vn 0 0 1
vn 0 0 1
vn 0 0 1
vn 0 0 1
vn 0 0 1
vn 0 0 1
vn 0 0 1
vn 0 0 1
vn 0 0 1
vn 0 0 1
vn 0 0 1
vn 0 0 1
vn 0 0 1
vn 0 0 1
vn 0 0 1
vn 0 0 1
vn 0 0 1
vn 0 0 1
vn 0 0 1
vn 0 0 1
vn 0 0 1
vn 0 0 1
vn 0 0 1
vn 0 0 1
vn 0 0 1
vn 0 0 1
vn 0 0 1
vn 0 0 1
vn 0 0 1
vn 0 0 1
vn 0 0 1
vn 0 0 1
vn 0 0 1
vn 0 0 1
vn 0 0 1
vn 0 0 1
vn 0 0 1
vn 0 0 1
vn 0 0 1
vn 0 0 1
vn 0 0 1
vn 0 0 1
vn 0 0 1
vn 0 0 1
vn 0 0 1
vn 0 0 1
vn 0 0 1
vn 0 0 1
vn 0 0 1
vn 0 0 1
vn 0 0 1
vn 0 0 1
vn 0 0 1
vn 0 0 1
vn 0 0 1
vn 0 0 1
vn 0 0 1
vn 0 0 1
vn 0 0 1
vn 0 0 1
vn 0 0 1
vn 0 0 1
vn 0 0 1
vn 0 0 1
vn 0 0 1
vn 0 0 1
vn 0 0 1
vn 0 0 1
vn 0 0 1
vn 0 0 1
vn 0 0 1
vn 0 0 1
vn 0 0 1
vn 0 0 1
vn 0 0 1
vn 0 0 1
vn 0 0 1
vn 0 0 1
vn 0 0 1
vn 0 0 1
vn 0 0 1
vn 0 0 1
vn 0 0 1
vn 0 0 1
vn 0 0 1
vn 0 0 1
vn 0 0 1
vn 0 0 1
vn 0 0 1
vn 0 0 1
vn 0 0 1
vn 0 0 1
vn 0 0 1
vn 0 0 1
vn 0 0 1
vn 0 0 1
vn 0 0 1
vn 0 0 1
vn 0 0 1
vn 0 0 1
vn 0 0 1
vn 0 0 1
vn 0 0 1
vn 0 0 1
vn 0 0 1
vn 0 0 1
vn 0 0 1
vn 0 0 1
vn 0 0 1
vn 0 0 1
vn 0 0 1
vn 0 0 1
vn 0 0 1
vn 0 0 1
vn 0 0 1
vn 0 0 1
vn 0 0 1
vn 0 0 1
vn 0 0 1
vn 0 0 1
vn 0 0 1
vn 0 0 1
vn 0 0 1
vn 0 0 1
vn 0 0 1
vn 0 0 1
vn 0 0 1
vn 0 0 1
vn 0 0 1
vn 0 0 1
vn 0 0 1
vn 0 0 1
vn 0 0 1
vn 0 0 1
vn 0 0 1
vn 0 0 1
vn 0 0 1
vn 0 0 1
vn 0 0 1
vn 0 0 1
vn 0 0 1
vn 0 0 1
vn 0 0 1
vn 0 0 1
vn 0 0 1
vn 0 0 1
vn 0 0 1
vn 0 0 1
vn 0 0 1
vn 0 0 1
vn 0 0 1
vn 0 0 1
vn 0 0 1
vn 0 0 1
vn 0 0 1
vn 0 0 1
vn 0 0 1
vn 0 0 1
vn 0 0 1
vn 0 0 1
vn 0 0 1
vn 0 0 1
vn 0 0 1
vn 0 0 1
vn 0 0 1
vn 0 0 1
vn 0 0 1
vn 0 0 1
vn 0 0 1
vn 0 0 1
vn 0 0 1
vn 0 0 1
vn 0 0 1
vn 0 0 1
vn 0 0 1
vn 0 0 1
vn 0 0 1
vn 0 0 1
vn 0 0 1
vn 0 0 1
vn 0 0 1
vn 0 0 1
vn 0 0 1
vn 0 0 1
vn 0 0 1
vn 0 0 1
vn 0 0 1
vn 0 0 1
vn 0 0 1
vn 0 0 1
vn 0 0 1
vn 0 0 1
vn 0 0 1
vn 0 0 1
vn 0 0 1
vn 0 0 1
vn 0 0 1
vn 0 0 1
vn 0 0 1
vn 0 0 1
vn 0 0 1
vn 0 0 1
vn 0 0 1
vn 0 0 1
vn 0 0 1
vn 0 0 1
vn 0 0 1
vn 0 0 1
vn 0 0 1
vn 0 0 1
vn 0 0 1
vn 0 0 1
vn 0 0 1
vn 0 0 1
vn 0 0 1
vn 0 0 1
vn 0 0 1
vn 0 0 1
vn 0 0 1
vn 0 0 1
vn 0 0 1
vn 0 0 1
vn 0 0 1
vn 0 0 1
vn 0 0 1
vn 0 0 1
vn 0 0 1
vn 0 0 1
vn 0 0 1
vn 0 0 1
vn 0 0 1
vn 0 0 1
vn 0 0 1
vn 0 0 1
vn 0 0 1
vn 0 0 1
vn 0 0 1
vn 0 0 1
vn 0 0 1
vn 0 0 1
vn 0 0 1
vn 0 0 1
vn 0 0 1
vn 0 0 1
vn 0 0 1
vn 0 0 1
vn 0 0 1
vn 0 0 1
vn 0 0 1
vn 0 0 1
vn 0 0 1
vn 0 0 1
vn 0 0 1
vn 0 0 1
vn 0 0 1
vn 0 0 1
vn 0 0 1
vn 0 0 1
vn 0 0 1
vn 0 0 1
vn 0 0 1
vn 0 0 1
vn 0 0 1
vn 0 0 1
vn 0 0 1
vn 0 0 1
vn 0 0 1
vn 0 0 1
vn 0 0 1
vn 0 0 1
vn 0 0 1
vn 0 0 1
vn 0 0 1
vn 0 0 1
vn 0 0 1
vn 0 0 1
vn 0 0 1
vn 0 0 1
vn 0 0 1
vn 0 0 1
vn 0 0 1
vn 0 0 1
vn 0 0 1
vn 0 0 1
vn 0 0 1
vn 0 0 1
vn 0 0 1
vn 0 0 1
vn 0 0 1
vn 0 0 1
vn 0 0 1
vn 0 0 1
vn 0 0 1
vn 0 0 1
vn 0 0 1
vn 0 0 1
vn 0 0 1
vn 0 0 1
vn 0 0 1
vn 0 0 1
vn 0 0 1
vn 0 0 1
vn 0 0 1
vn 0 0 1
vn 0 0 1
vn 0 0 1
vn 0 0 1
vn 0 0 1
vn 0 0 1
vn 0 0 1
vn 0 0 1
vn 0 0 1
vn 0 0 1
vn 0 0 1
vn 0 0 1
vn 0 0 1
vn 0 0 1
vn 0 0 1
vn 0 0 1
vn 0 0 1
vn 0 0 1
vn 0 0 1
vn 0 0 1
vn 0 0 1
vn 0 0 1
vn 0 0 1
vn 0 0 1
vn 0 0 1
vn 0 0 1
vn 0 0 1
vn 0 0 1
vn 0 0 1
vn 0 0 1
vn 0 0 1
vn 0 0 1
vn 0 0 1
vn 0 0 1
vn 0 0 1
vn 0 0 1
vn 0 0 1
vn 0 0 1
vn 0 0 1
vn 0 0 1
vn 0 0 1
vn 0 0 1
vn 0 0 1
vn 0 0 1
vn 0 0 1
vn 0 0 1
vn 0 0 1
vn 0 0 1
vn 0 0 1
vn 0 0 1
vn 0 0 1
vn 0 0 1
vn 0 0 1
vn 0 0 1
vn 0 0 1
vn 0 0 1
vn 0 0 1
vn 0 0 1
vn 0 0 1
vn 0 0 1
vn 0 0 1
vn 0 0 1
vn 0 0 1
vn 0 0 1
vn 0 0 1
vn 0 0 1
vn 0 0 1
vn 0 0 1
vn 0 0 1
vn 0 0 1
vn 0 0 1
vn 0 0 1
vn 0 0 1
vn 0 0 1
vn 0 0 1
vn 0 0 1
vn 0 0 1
vn 0 0 1
vn 0 0 1
vn 0 0 1
vn 0 0 1
vn 0 0 1
vn 0 0 1
vn 0 0 1
vn 0 0 1
vn 0 0 1
vn 0 0 1
vn 0 0 1
vn 0 0 1
vn 0 0 1
vn 0 0 1
vn 0 0 1
vn 0 0 1
vn 0 0 1
vn 0 0 1
vn 0 0 1
vn 0 0 1
vn 0 0 1
vn 0 0 1
vn 0 0 1
vn 0 0 1
vn 0 0 1
vn 0 0 1
vn 0 0 1
vn 0 0 1
vn 0 0 1
vn 0 0 1
vn 0 0 1
vn 0 0 1
vn 0 0 1
vn 0 0 1
vn 0 0 1
vn 0 0 1
vn 0 0 1
vn 0 0 1
vn 0 0 1
vn 0 0 1
vn 0 0 1
vn 0 0 1
vn 0 0 1
vn 0 0 1
vn 0 0 1
vn 0 0 1
vn 0 0 1
vn 0 0 1
vn 0 0 1
vn 0 0 1
vn 0 0 1
vn 0 0 1
vn 0 0 1
vn 0 0 1
vn 0 0 1
vn 0 0 1
vn 0 0 1
vn 0 0 1
vn 0 0 1
vn 0 0 1
vn 0 0 1
vn 0 0 1
vn 0 0 1
vn 0 0 1
vn 0 0 1
vn 0 0 1
vn 0 0 1
vn 0 0 1
vn 0 0 1
vn 0 0 1
vn 0 0 1
vn 0 0 1
vn 0 0 1
vn 0 0 1
vn 0 0 1
vn 0 0 1
vn 0 0 1
vn 0 0 1
vn 0 0 1
vn 0 0 1
vn 0 0 1
vn 0 0 1
vn 0 0 1
vn 0 0 1
vn 0 0 1
vn 0 0 1
vn 0 0 1
vn 0 0 1
vn 0 0 1
vn 0 0 1
vn 0 0 1
vn 0 0 1
vn 0 0 1
vn 0 0 1
vn 0 0 1
vn 0 0 1
vn 0 0 1
vn 0 0 1
vn 0 0 1
vn 0 0 1
vn 0 0 1
vn 0 0 1
vn 0 0 1
vn 0 0 1
vn 0 0 1
vn 0 0 1
vn 0 0 1
vn 0 0 1
vn 0 0 1
vn 0 0 1
vn 0 0 1
vn 0 0 1
vn 0 0 1
vn 0 0 1
vn 0 0 1
vn 0 0 1
vn 0 0 1
vn 0 0 1
vn 0 0 1
vn 0 0 1
vn 0 0 1
vn 0 0 1
vn 0 0 1
vn 0 0 1
vn 0 0 1
vn 0 0 1
vn 0 0 1
vn 0 0 1
vn 0 0 1
vn 0 0 1
vn 0 0 1
vn 0 0 1
vn 0 0 1
vn 0 0 1
vn 0 0 1
vn 0 0 1
vn 0 0 1
vn 0 0 1
vn 0 0 1
vn 0 0 1
vn 0 0 1
vn 0 0 1
vn 0 0 1
vn 0 0 1
vn 0 0 1
vn 0 0 1
vn 0 0 1
vn 0 0 1
vn 0 0 1
vn 0 0 1
vn 0 0 1
vn 0 0 1
vn 0 0 1
vn 0 0 1
vn 0 0 1
vn 0 0 1
vn 0 0 1
vn 0 0 1
vn 0 0 1
vn 0 0 1
vn 0 0 1
vn 0 0 1
vn 0 0 1
vn 0 0 1
vn 0 0 1
vn 0 0 1
vn 0 0 1
vn 0 0 1
vn 0 0 1
vn 0 0 1
vn 0 0 1
vn 0 0 1
vn 0 0 1
vn 0 0 1
vn 0 0 1
vn 0 0 1
vn 0 0 1
vn 0 0 1
vn 0 0 1
vn 0 0 1
vn 0 0 1
vn 0 0 1
vn 0 0 1
vn 0 0 1
vn 0 0 1
vn 0 0 1
vn 0 0 1
vn 0 0 1
vn 0 0 1
vn 0 0 1
vn 0 0 1
vn 0 0 1
vn 0 0 1
vn 0 0 1
vn 0 0 1
vn 0 0 1
vn 0 0 1
vn 0 0 1
vn 0 0 1
vn 0 0 1
vn 0 0 1
vn 0 0 1
vn 0 0 1
vn 0 0 1
vn 0 0 1
vn 0 0 1
vn 0 0 1
vn 0 0 1
vn 0 0 1
vn 0 0 1
vn 0 0 1
vn 0 0 1
vn 0 0 1
vn 0 0 1
vn 0 0 1
vn 0 0 1
vn 0 0 1
vn 0 0 1
vn 0 0 1
vn 0 0 1
vn 0 0 1
vn 0 0 1
vn 0 0 1
vn 0 0 1
vn 0 0 1
vn 0 0 1
vn 0 0 1
vn 0 0 1
vn 0 0 1
vn 0 0 1
vn 0 0 1
vn 0 0 1
vn 0 0 1
vn 0 0 1
vn 0 0 1
vn 0 0 1
vn 0 0 1
vn 0 0 1
vn 0 0 1
vn 0 0 1
vn 0 0 1
vn 0 0 1
vn 0 0 1
vn 0 0 1
vn 0 0 1
vn 0 0 1
vn 0 0 1
vn 0 0 1
vn 0 0 1
vn 0 0 1
vn 0 0 1
vn 0 0 1
vn 0 0 1
vn 0 0 1
vn 0 0 1
vn 0 0 1
vn 0 0 1
vn 0 0 1
vn 0 0 1
vn 0 0 1
vn 0 0 1
vn 0 0 1
vn 0 0 1
vn 0 0 1
vn 0 0 1
vn 0 0 1
vn 0 0 1
vn 0 0 1
vn 0 0 1
vn 0 0 1
vn 0 0 1
vn 0 0 1
vn 0 0 1
vn 0 0 1
vn 0 0 1
vn 0 0 1
vn 0 0 1
vn 0 0 1
vn 0 0 1
vn 0 0 1
vn 0 0 1
vn 0 0 1
vn 0 0 1
vn 0 0 1
vn 0 0 1
vn 0 0 1
vn 0 0 1
vn 0 0 1
vn 0 0 1
vn 0 0 1
vn 0 0 1
vn 0 0 1
vn 0 0 1
vn 0 0 1
vn 0 0 1
vn 0 0 1
vn 0 0 1
vn 0 0 1
vn 0 0 1
vn 0 0 1
vn 0 0 1
vn 0 0 1
vn 0 0 1
vn 0 0 1
vn 0 0 1
vn 0 0 1
vn 0 0 1
vn 0 0 1
vn 0 0 1
vn 0 0 1
vn 0 0 1
vn 0 0 1
vn 0 0 1
vn 0 0 1
vn 0 0 1
vn 0 0 1
vn 0 0 1
vn 0 0 1
vn 0 0 1
vn 0 0 1
vn 0 0 1
vn 0 0 1
vn 0 0 1
vn 0 0 1
vn 0 0 1
vn 0 0 1
vn 0 0 1
vn 0 0 1
vn 0 0 1
vn 0 0 1
vn 0 0 1
vn 0 0 1
vn 0 0 1
vn 0 0 1
vn 0 0 1
vn 0 0 1
vn 0 0 1
vn 0 0 1
vn 0 0 1
vn 0 0 1
vn 0 0 1
vn 0 0 1
vn 0 0 1
vn 0 0 1
vn 0 0 1
vn 0 0 1
vn 0 0 1
vn 0 0 1
vn 0 0 1
vn 0 0 1
vn 0 0 1
vn 0 0 1
vn 0 0 1
vn 0 0 1
vn 0 0 1
vn 0 0 1
vn 0 0 1
vn 0 0 1
vn 0 0 1
vn 0 0 1
vn 0 0 1
vn 0 0 1
vn 0 0 1
vn 0 0 1
vn 0 0 1
vn 0 0 1
vn 0 0 1
vn 0 0 1
vn 0 0 1
vn 0 0 1
vn 0 0 1
vn 0 0 1
vn 0 0 1
vn 0 0 1
vn 0 0 1
vn 0 0 1
vn 0 0 1
vn 0 0 1
vn 0 0 1
vn 0 0 1
vn 0 0 1
vn 0 0 1
vn 0 0 1
vn 0 0 1
vn 0 0 1
vn 0 0 1
vn 0 0 1
vn 0 0 1
vn 0 0 1
vn 0 0 1
vn 0 0 1
vn 0 0 1
vn 0 0 1
vn 0 0 1
vn 0 0 1
vn 0 0 1
vn 0 0 1
vn 0 0 1
vn 0 0 1
vn 0 0 1
vn 0 0 1
vn 0 0 1
vn 0 0 1
vn 0 0 1
vn 0 0 1
vn 0 0 1
vn 0 0 1
vn 0 0 1
vn 0 0 1
vn 0 0 1
vn 0 0 1
vn 0 0 1
vn 0 0 1
vn 0 0 1
vn 0 0 1
vn 0 0 1
vn 0 0 1
vn 0 0 1
vn 0 0 1
vn 0 0 1
vn 0 0 1
vn 0 0 1
vn 0 0 1
vn 0 0 1
vn 0 0 1
vn 0 0 1
vn 0 0 1
vn 0 0 1
vn 0 0 1
vn 0 0 1
vn 0 0 1
vn 0 0 1
vn 0 0 1
vn 0 0 1
vn 0 0 1
vn 0 0 1
vn 0 0 1
vn 0 0 1
vn 0 0 1
vn 0 0 1
vn 0 0 1
vn 0 0 1
vn 0 0 1
vn 0 0 1
vn 0 0 1
vn 0 0 1
vn 0 0 1
vn 0 0 1
vn 0 0 1
vn 0 0 1
vn 0 0 1
vn 0 0 1
vn 0 0 1
vn 0 0 1
vn 0 0 1
vn 0 0 1
vn 0 0 1
vn 0 0 1
vn 0 0 1
vn 0 0 1
vn 0 0 1
vn 0 0 1
vn 0 0 1
vn 0 0 1
vn 0 0 1
vn 0 0 1
vn 0 0 1
vn 0 0 1
vn 0 0 1
vn 0 0 1
vn 0 0 1
vn 0 0 1
vn 0 0 1
vn 0 0 1
vn 0 0 1
vn 0 0 1
vn 0 0 1
vn 0 0 1
vn 0 0 1
vn 0 0 1
vn 0 0 1
vn 0 0 1
vn 0 0 1
vn 0 0 1
vn 0 0 1
vn 0 0 1
vn 0 0 1
vn 0 0 1
vn 0 0 1
vn 0 0 1
vn 0 0 1
vn 0 0 1
vn 0 0 1
vn 0 0 1
vn 0 0 1
vn 0 0 1
vn 0 0 1
vn 0 0 1
vn 0 0 1
vn 0 0 1
vn 0 0 1
vn 0 0 1
vn 0 0 1
vn 0 0 1
vn 0 0 1
vn 0 0 1
vn 0 0 1
vn 0 0 1
vn 0 0 1
vn 0 0 1
vn 0 0 1
vn 0 0 1
vn 0 0 1
vn 0 0 1
vn 0 0 1
vn 0 0 1
vn 0 0 1
vn 0 0 1
vn 0 0 1
vn 0 0 1
vn 0 0 1
vn 0 0 1
vn 0 0 1
vn 0 0 1
vn 0 0 1
vn 0 0 1
vn 0 0 1
vn 0 0 1
vn 0 0 1
vn 0 0 1
vn 0 0 1
vn 0 0 1
vn 0 0 1
vn 0 0 1
vn 0 0 1
vn 0 0 1
vn 0 0 1
vn 0 0 1
vn 0 0 1
vn 0 0 1
vn 0 0 1
vn 0 0 1
vn 0 0 1
vn 0 0 1
vn 0 0 1
vn 0 0 1
vn 0 0 1
vn 0 0 1
vn 0 0 1
vn 0 0 1
vn 0 0 1
vn 0 0 1
vn 0 0 1
vn 0 0 1
vn 0 0 1
vn 0 0 1
vn 0 0 1
vn 0 0 1
vn 0 0 1
vn 0 0 1
vn 0 0 1
vn 0 0 1
vn 0 0 1
vn 0 0 1
vn 0 0 1
vn 0 0 1
vn 0 0 1
vn 0 0 1
vn 0 0 1
vn 0 0 1
vn 0 0 1
vn 0 0 1
vn 0 0 1
vn 0 0 1
vn 0 0 1
vn 0 0 1
vn 0 0 1
vn 0 0 1
vn 0 0 1
vn 0 0 1
vn 0 0 1
vn 0 0 1
vn 0 0 1
vn 0 0 1
vn 0 0 1
vn 0 0 1
vn 0 0 1
vn 0 0 1
vn 0 0 1
vn 0 0 1
vn 0 0 1
vn 0 0 1
vn 0 0 1
vn 0 0 1
vn 0 0 1
vn 0 0 1
vn 0 0 1
vn 0 0 1
vn 0 0 1
vn 0 0 1
vn 0 0 1
vn 0 0 1
vn 0 0 1
vn 0 0 1
vn 0 0 1
vn 0 0 1
vn 0 0 1
vn 0 0 1
vn 0 0 1
vn 0 0 1
vn 0 0 1
vn 0 0 1
vn 0 0 1
vn 0 0 1
vn 0 0 1
vn 0 0 1
vn 0 0 1
vn 0 0 1
vn 0 0 1
vn 0 0 1
vn 0 0 1
vn 0 0 1
vn 0 0 1
vn 0 0 1
vn 0 0 1
vn 0 0 1
vn 0 0 1
vn 0 0 1
vn 0 0 1
vn 0 0 1
vn 0 0 1
vn 0 0 1
vn 0 0 1
vn 0 0 1
vn 0 0 1
vn 0 0 1
vn 0 0 1
vn 0 0 1
vn 0 0 1
vn 0 0 1
vn 0 0 1
vn 0 0 1
vn 0 0 1
vn 0 0 1
vn 0 0 1
vn 0 0 1
vn 0 0 1
vn 0 0 1
vn 0 0 1
vn 0 0 1
vn 0 0 1
vn 0 0 1
vn 0 0 1
vn 0 0 1
vn 0 0 1
vn 0 0 1
vn 0 0 1
vn 0 0 1
vn 0 0 1
vn 0 0 1
vn 0 0 1
vn 0 0 1
vn 0 0 1
vn 0 0 1
vn 0 0 1
vn 0 0 1
vn 0 0 1
vn 0 0 1
vn 0 0 1
vn 0 0 1
vn 0 0 1
vn 0 0 1
vn 0 0 1
vn 0 0 1
vn 0 0 1
vn 0 0 1
vn 0 0 1
vn 0 0 1
vn 0 0 1
vn 0 0 1
vn 0 0 1
vn 0 0 1
vn 0 0 1
vn 0 0 1
vn 0 0 1
vn 0 0 1
vn 0 0 1
vn 0 0 1
vn 0 0 1
vn 0 0 1
vn 0 0 1
vn 0 0 1
vn 0 0 1
vn 0 0 1
vn 0 0 1
vn 0 0 1
vn 0 0 1
vn 0 0 1
vn 0 0 1
vn 0 0 1
vn 0 0 1
vn 0 0 1
vn 0 0 1
vn 0 0 1
vn 0 0 1
vn 0 0 1
vn 0 0 1
vn 0 0 1
vn 0 0 1
vn 0 0 1
vn 0 0 1
vn 0 0 1
vn 0 0 1
vn 0 0 1
vn 0 0 1
vn 0 0 1
vn 0 0 1
vn 0 0 1
vn 0 0 1
vn 0 0 1
vn 0 0 1
vn 0 0 1
vn 0 0 1
vn 0 0 1
vn 0 0 1
vn 0 0 1
vn 0 0 1
vn 0 0 1
vn 0 0 1
vn 0 0 1
vn 0 0 1
vn 0 0 1
vn 0 0 1
vn 0 0 1
vn 0 0 1
vn 0 0 1
vn 0 0 1
vn 0 0 1
vn 0 0 1
vn 0 0 1
vn 0 0 1
vn 0 0 1
vn 0 0 1
vn 0 0 1
vn 0 0 1
vn 0 0 1
vn 0 0 1
vn 0 0 1
vn 0 0 1
vn 0 0 1
vn 0 0 1
vn 0 0 1
vn 0 0 1
vn 0 0 1
vn 0 0 1
vn 0 0 1
vn 0 0 1
vn 0 0 1
vn 0 0 1
vn 0 0 1
vn 0 0 1
vn 0 0 1
vn 0 0 1
vn 0 0 1
vn 0 0 1
vn 0 0 1
vn 0 0 1
vn 0 0 1
vn 0 0 1
vn 0 0 1
vn 0 0 1
vn 0 0 1
vn 0 0 1
vn 0 0 1
vn 0 0 1
vn 0 0 1
vn 0 0 1
vn 0 0 1
vn 0 0 1
vn 0 0 1
vn 0 0 1
vn 0 0 1
vn 0 0 1
vn 0 0 1
vn 0 0 1
vn 0 0 1
vn 0 0 1
vn 0 0 1
vn 0 0 1
vn 0 0 1
vn 0 0 1
vn 0 0 1
vn 0 0 1
vn 0 0 1
vn 0 0 1
vn 0 0 1
vn 0 0 1
vn 0 0 1
vn 0 0 1
vn 0 0 1
vn 0 0 1
vn 0 0 1
vn 0 0 1
vn 0 0 1
vn 0 0.00019999999094757546 0.99999998000000168
vn 0 0.00019999999094757546 0.99999998000000168
vn 0 0.00019999999094757546 0.99999998000000168
vn 0 0 1
vn 0 0 1
vn 0 0 1
vn 0 0 1
vn 0 0 1
vn 0 0 1
vn 0 0 1
vn 0 0 1
vn 0 0 1
vn 0 0 1
vn 0 0 1
vn 0 0 1
vn 0 0 1
vn 0 0 1
vn 0 0 1
vn 0 0 1
vn 0 0 1
vn 0 0 1
vn 0 0 1
vn 0 0 1
vn 0 0 1
vn 0 0 1
vn 0 0 1
vn 0 0 1
vn 0 0 1
vn 0 0 1
vn 0 0 1
vn 0 0 1
vn 0 0 1
vn 0 0 1
vn 0 0 1
vn 0 0 1
vn 0 0 1
vn 0 0 1
vn 0 0 1
vn 0 0 1
vn 0 0 1
vn 0 0 1
vn 0 0 1
vn 0 0 1
vn 0 0 1
vn 0 0 1
vn 0 0 1
vn 0 0 1
vn 0 0 1
vn 0 0 1
vn 0 0 1
vn 0 0 1
vn 0 0 1
vn 0 0 1
vn 0 0 1
vn 0 0 1
vn 0 0 1
vn 0 0 1
vn 0 0 1
vn 0 0 1
vn 0 0 1
vn 0 0 1
vn 0 0 1
vn 0 0 1
vn 0 0 1
vn 0 0 1
vn 0 0 1
vn 0 0 1
vn 0 0 1
vn 0 0 1
vn 0 0 1
vn 0 0 1
vn 0 0 1
vn 0 0 1
vn 0 0 1
vn 0 0 1
vn 0 0 1
vn 0 0 1
vn 0 0 1
vn 0 0 1
vn 0 0 1
vn 0 0 1
vn 0 0 1
vn 0 0 1
vn 0 0 1
vn 0 0 1
vn 0 0 1
vn 0 0 1
vn 0 0 1
vn 0 0 1
vn 0 0 1
vn 0 0 1
vn 0 0 1
vn 0 0 1
vn 0 0 1
vn 0 0 1
vn 0 0 1
vn 0 0 1
vn 0 0 1
vn 0 0 1
vn 0 0 1
vn 0 0 1
vn 0 0 1
vn 0 0 1
vn 0 0 1
vn 0 0 1
vn 0 0 1
vn 0 0 1
vn 0 0 1
vn 0 0 1
vn 0 0 1
vn 0 0 1
vn 0 0 1
vn 0 0 1
vn 0 0 1
vn 0 0 1
vn 0 0 1
vn 0 0 1
vn 0 0 1
vn 0 0 1
vn 0 0 1
vn 0 0 1
vn 0 0 1
vn 0 0 1
vn 0 0 1
vn 0 0 1
vn 0 0 1
vn 0 0 1
vn 0 0 1
vn 0 0 1
vn 0 0 1
vn 0 0 1
vn 0 0 1
vn 0 0 1
vn 0 0 1
vn 0 0 1
vn 0 0 1
vn 0 0 1
vn 0 0 1
vn 0 0 1
vn 0 0 1
vn 0 0 1
vn 0 0 1
vn 0 0 1
vn 0 0 1
vn 0 0 1
vn 0 0 1
vn 0 0 1
vn 0 0 1
vn 0 0 1
vn 0 0 1
vn 0 0 1
vn 0 0 1
vn 0 0 1
vn 0 0 1
vn 0 0 1
vn 0 0 1
vn 0 0 1
vn 0 0 1
vn 0 0 1
vn 0 0 1
vn 0 0 1
vn 0 0 1
vn 0 0 1
vn 0 0 1
vn 0 0 1
vn 0 0 1
vn 0 0 1
vn 0 0 1
vn 0 0 1
vn 0 0 1
vn 0 0 1
vn 0 0 1
vn 0 0 1
vn 0 0 1
vn 0 0 1
vn 0 0 1
vn 0 0 1
vn 0 0 1
vn 0 0 1
vn 0 0 1
vn 0 0 1
vn 0 0 1
vn 0 0 1
vn 0 0 1
vn 0 0 1
vn 0 0 1
vn 0 0 1
vn 0 0 1
vn 0 0 1
vn 0 0 1
vn 0 0 1
vn 0 0 1
vn 0 0 1
vn 0 0 1
vn 0 0 1
vn 0 0 1
vn 0 0 1
vn 0 0 1
vn 0 0 1
vn 0 0 1
vn 0 0 1
vn 0 0 1
vn 0 0 1
vn 0 0 1
vn 0 0 1
vn 0 0 1
vn 0 0 1
vn 0 0 1
vn 0 0 1
vn 0 0 1
vn 0 0 1
vn 0 0 1
vn 0 0 1
vn 0 0 1
vn 0 0 1
vn 0 0 1
vn 0 0 1
vn 0 0 1
vn 0 0 1
vn 0 0 1
vn 0 0 1
vn 0 0 1
vn 0 0 1
vn 0 0 1
vn 0 0 1
vn 0 0 1
vn 0 0 1
vn 0 0 1
vn 0 0 1
vn 0 0 1
vn 0 0 1
vn 0 0 1
vn 0 0 1
vn 0 0 1
vn 0 0 1
vn 0 0 1
vn 0 0 1
vn 0 0 1
vn 0 0 1
vn 0 0 1
vn 0 0 1
vn 0 0 1
vn 0 0 1
vn 0 0 1
vn 0 0 1
vn 0 0 1
vn 0 0 1
vn 0 0 1
vn 0 0 1
vn 0 0 1
vn 0 0 1
vn 0 0 1
vn 0 0 1
vn 0 0 1
vn 0 0 1
vn 0 0 1
vn 0 0 1
vn 0 0 1
vn 0 0 1
vn 0 0 1
vn 0 0 1
vn 0 0 1
vn 0 0 1
vn 0 0 1
vn 0 0 1
vn 0 0 1
vn 0 0 1
vn 0 0 1
vn 0 0 1
vn 0 0 1
vn 0 0 1
vn 0 0 1
vn 0 0 1
vn 0 0 1
vn 0 0 1
vn 0 0 1
vn 0 0 1
vn 0 0 1
vn 0 0 1
vn 0 0 1
vn 0 0 1
vn 0 0 1
vn 0 0 1
vn 0 0 1
vn 0 0 1
vn 0 0 1
vn 0 0 1
vn 0 0 1
vn 0 0 1
vn 0 0 1
vn 0 0 1
vn 0 0 1
vn 0 0 1
vn 0 0 1
vn 0 0 1
vn 0 0 1
vn 0 0 1
vn 0 0 1
vn 0 0 1
vn 0 0 1
vn 0 0 1
vn 0 0 1
vn 0 0 1
vn 0 0 1
vn 0 0 1
vn 0 0 1
vn 0 0 1
vn 0 0 1
vn 0 0 1
vn 0 0 1
vn 0 0 1
vn 0 0 1
vn 0 0 1
vn 0 0 1
vn 0 0 1
vn 0 0 1
vn 0 0 1
vn 0 0 1
vn 0 0 1
vn 0 0 1
vn 0 0 1
vn 0 0 1
vn 0 0 1
vn 0 0 1
vn 0 0 1
vn 0 0 1
vn 0 0 1
vn 0 0 1
vn 0 0 1
vn 0 0 1
vn 0 0 1
vn 0 0 1
vn 0 0 1
vn 0 0 1
vn 0 0 1
vn 0 0 1
vn 0 0 1
vn 0 0 1
vn 0 0 1
vn 0 0 1
vn 0 0 1
vn 0 0 1
vn 0 0 1
vn 0 0 1
vn 0 0 1
vn 0 0 1
vn 0 0 1
vn 0 0 1
vn 0 0 1
vn 0 0 1
vn 0 0 1
vn 0 0 1
vn 0 0 1
vn 0 0 1
vn 0 0 1
vn 0 0 1
vn 0 0 1
vn 0 0 1
vn 0 0 1
vn 0 0 1
vn 0 0 1
vn 0 0 1
vn 0 0 1
vn 0 0 1
vn 0 0 1
vn 0 0 1
vn 0 0 1
vn 0 0 1
vn 0 0 1
vn 0 0 1
vn 0 0 1
vn 0 0 1
vn 0 0 1
vn 0 0 1
vn 0 0 1
vn 0 0 1
vn 0 0 1
vn 0 0 1
vn 0 0 1
vn 0 0 1
vn 0 0 1
vn 0 0 1
vn 0 0 1
vn 0 0 1
vn 0 0 1
vn 0 0 1
vn 0 0 1
vn 0 0 1
vn 0 0 1
vn 0 0 1
vn 0 0 1
vn 0 0 1
vn 0 0 1
vn 0 0 1
vn 0 0 1
vn 0 0 1
vn 0 0 1
vn 0 0 1
vn 0 0 1
vn 0 0 1
vn 0 0 1
vn 0 0 1
vn 0 0 1
vn 0 0 1
vn 0 0 1
vn 0 0 1
vn 0 0 1
vn 0 0 1
vn 0 0 1
vn 0 0 1
vn 0 0 1
vn 0 0 1
vn 0 0 1
vn 0 0 1
vn 0 0 1
vn 0 0 1
vn 0 0 1
vn 0 0 1
vn 0 0 1
vn 0 0 1
vn 0 0 1
vn 0 0 1
vn 0 0 1
vn 0 0 1
vn 0 0 1
vn 0 0 1
vn 0 0 1
vn 0 0 1
vn 0 0 1
vn 0 0 1
vn 0 0 1
vn 0 0 1
vn 0 0 1
vn 0 0 1
vn 0 0 1
vn 0 0 1
vn 0 0 1
vn 0 0 1
vn 0 0 1
vn 0 0 1
vn 0 0 1
vn 0 0 1
vn 0 0 1
vn 0 0 1
vn 0 0 1
vn 0 0 1
vn 0 0 1
vn 0 0 1
vn 0 0 1
vn 0 0 1
vn 0 0 1
vn 0 0 1
vn 0 0 1
vn 0 0 1
vn 0 0 1
vn 0 0 1
vn 0 0 1
vn 0 0 1
vn 0 0 1
vn 0 0 1
vn 0 0 1
vn 0 0 1
vn 0 0 1
vn 0 0 1
vn 0 0 1
vn 0 0 1
vn 0 0 1
vn 0 0 1
vn 0 0 1
vn 0 0 1
vn 0 0 1
vn 0 0 1
vn 0 0 1
vn 0 0 1
vn 0 0 1
vn 0 0 1
vn 0 0 1
vn 0 0 1
vn 0 0 1
vn 0 0 1
vn 0 0 1
vn 0 0 1
vn 0 0 1
vn 0 0 1
vn 0 0 1
vn 0 0 1
vn 0 0 1
vn 0 0 1
vn 0 0 1
vn 0 0 1
vn 0 0 1
vn 0 0 1
vn 0 0 1
vn 0 0 1
vn 0 0 1
vn 0 0 1
vn 0 0 1
vn 0 0 1
vn 0 0 1
vn 0 0 1
vn 0 0 1
vn 0 0 1
vn 0 0 1
vn 0 0 1
vn 0 0 1
vn 0 0 1
vn 0 0 1
vn 0 0 1
vn 0 0 1
vn 0 0 1
vn 0 0 1
vn 0 0 1
vn 0 0 1
vn 0 0 1
vn 0 0 1
vn 0 0 1
vn 0 0 1
vn 0 0 1
vn 0 0 1
vn 0 0 1
vn 0 0 1
vn 0 0 1
vn 0 0 1
vn 0 0 1
vn 0 0 1
vn 0 0 1
vn 0 0 1
vn 0 0 1
vn 0 0 1
vn 0 0 1
vn 0 0 1
vn 0 0 1
vn 0 0 1
vn 0 0 1
vn 0 0 1
vn 0 0 1
vn 0 0 1
vn 0 0 1
vn 0 0 1
vn 0 0 1
vn 0 0 1
vn 0 0 1
vn 0 0 1
vn 0 0 1
vn 0 0 1
vn 0 0 1
vn 0 0 1
vn 0 0 1
vn 0 0 1
vn 0 0 1
vn 0 0 1
vn 0 0 1
vn 0 0 1
vn 0 0 1
vn 0 0 1
vn 0 0 1
vn 0 0 1
vn 0 0 1
vn 0 0 1
vn 0 0 1
vn 0 0 1
vn 0 0 1
vn 0 0 1
vn 0 0 1
vn 0 0 1
vn 0 0 1
vn 0 0 1
vn 0 0 1
vn 0 0 1
vn 0 0 1
vn 0 0 1
vn 0 0 1
vn 0 0 1
vn 0 0 1
vn 0 0 1
vn 0 0 1
vn 0 0 1
vn 0 0 1
vn 0 0 1
vn 0 0 1
vn 0 0 1
vn 0 0 1
vn 0 0 1
vn 0 0 1
vn 0 0 1
vn 0 0 1
vn 0 0 1
vn 0 0 1
vn 0 0 1
vn 0 0 1
vn 0 0 1
vn 0 0 1
vn 0 0 1
vn 0 0 1
vn 0 0 1
vn 0 0 1
vn 0 0 1
vn 0 0 1
vn 0 0 1
vn 0 0 1
vn 0 0 1
vn 0 0 1
vn 0 0 1
vn 0 0 1
vn 0 0 1
vn 0 0 1
vn 0 0 1
vn 0 0 1
vn 0 0 1
vn 0 0 1
vn 0 0 1
vn 0 0 1
vn 0 0 1
vn 0 0 1
vn 0 0 1
vn 0 0 1
vn 0 0 1
vn 0 0 1
vn 0 0 1
vn 0 0 1
vn 0 0 1
vn 0 0 1
vn 0 0 1
vn 0 0 1
vn 0 0 1
vn 0 0 1
vn 0 0 1
vn 0 0 1
vn 0 0 1
vn 0 0 1
vn 0 0 1
vn 0 0 1
vn 0 0 1
vn 0 0 1
vn 0 0 1
vn 0 0 1
vn 0 0 1
vn 0 0 1
vn 0 0 1
vn 0 0 1
vn 0 0 1
vn 0 0 1
vn 0 0 1
vn 0 0 1
vn 0 0 1
vn 0 0 1
vn 0 0 1
vn 0 0 1
vn 0 0 1
vn 0 0 1
vn 0 0 1
vn 0 0 1
vn 0 0 1
vn 0 0 1
vn 0 0 1
vn 0 0 1
vn 0 0 1
vn 0 0 1
vn 0 0 1
vn 0 0 1
vn 0 0 1
vn 0 0 1
vn 0 0 1
vn 0 0 1
vn 0 0 1
vn 0 0 1
vn 0 0 1
vn 0 0 1
vn 0 0 1
vn 0 0 1
vn 0 0 1
vn 0 0 1
vn 0 0 1
vn 0 0 1
vn 0 0 1
vn 0 0 1
vn 0 0 1
vn 0 0 1
vn 0 0 1
vn 0 0 1
vn 0 0 1
vn 0 0 1
vn 0 0 1
vn 0 0 1
vn 0 0 1
vn 0 0 1
vn 0 0 1
vn 0 0 1
vn 0 0 1
vn 0 0 1
vn 0 0 1
vn 0 0 1
vn 0 0 1
vn 0 0 1
vn 0 0 1
vn 0 0 1
vn 0 0 1
vn 0 0 1
vn 0 0 1
vn 0 0 1
vn 0 0 1
vn 0 0 1
vn 0 0 1
vn 0 0 1
vn 0 0 1
vn 0 0 1
vn 0 0 1
vn 0 0 1
vn 0 0 1
vn 0 0 1
vn 0 0 1
vn 0 0 1
vn 0 0 1
vn 0 0 1
vn 0 0 1
vn 0 0 1
vn 0 0 1
vn 0 0 1
vn 0 0 1
vn 0 0 1
vn 0 0 1
vn 0 0 1
vn 0 0 1
vn 0 0 1
vn 0 0 1
vn 0 0 1
vn 0 0 1
vn 0 0 1
vn 0 0 1
vn 0 0 1
vn 0 0 1
vn 0 0 1
vn 0 0 1
vn 0 0 1
vn 0 0 1
vn 0 0 1
vn 0 0 1
vn 0 0 1
vn 0 0 1
vn 0 0 1
vn 0 0 1
vn 0 0 1
vn 0 0 1
vn 0 0 1
vn 0 0 1
vn 0 0 1
vn 0 0 1
vn 0 0 1
vn 0 0 1
vn 0 0 1
vn 0 0 1
vn 0 0 1
vn 0 0 1
vn 0 0 1
vn 0 0 1
vn 0 0 1
vn 0 0 1
vn 0 0 1
vn 0 0 1
vn 0 0 1
vn 0 0 1
vn 0 0 1
vn 0 -9.9999996973787559e-05 0.99999999500000025
vn 0 -9.9999996973787559e-05 0.99999999500000025
vn 0 -9.9999996973787559e-05 0.99999999500000025
vn 0 0 1
vn 0 0 1
vn 0 0 1
vn 0 0 1
vn 0 0 1
vn 0 0 1
vn 0 0 1
vn 0 0 1
vn 0 0 1
vn 0 0 1
vn 0 0 1
vn 0 0 1
vn 0 0 1
vn 0 0 1
vn 0 0 1
vn 0 0 1
vn 0 0 1
vn 0 0 1
vn 0 0 1
vn 0 0 1
vn 0 0 1
vn 0 0 1
vn 0 0 1
vn 0 0 1
vn 0 0 1
vn 0 0 1
vn 0 0 1
vn 0 0 1
vn 0 0 1
vn 0 0 1
vn 0 0 1
vn 0 0 1
vn 0 0 1
vn 0 0 1
vn 0 0 1
vn 0 0 1
vn 0 0 1
vn 0 0 1
vn 0 0 1
vn 0 0 1
vn 0 0 1
vn 0 0 1
vn 0 0 1
vn 0 0 1
vn 0 0 1
vn 0 0 1
vn 0 0 1
vn 0 0 1
vn 0 0 1
vn 0 0 1
vn 0 0 1
vn 0 0 1
vn 0 0 1
vn 0 0 1
vn 0 0 1
vn 0 0 1
vn 0 0 1
vn 0 0 1
vn 0 0 1
vn 0 0 1
vn 0 0 1
vn 0 0 1
vn 0 0 1
vn 0 0 1
vn 0 0 1
vn 0 0 1
vn 0 0 1
vn 0 0 1
vn 0 0 1
vn 0 0 1
vn 0 0 1
vn 0 0 1
vn 0 0 1
vn 0 0 1
vn 0 0 1
vn 0 0 1
vn 0 0 1
vn 0 0 1
vn 0 0 1
vn 0 0 1
vn 0 0 1
vn 0 0 1
vn 0 0 1
vn 0 0 1
vn 0 0 1
vn 0 0 1
vn 0 0 1
vn 0 0 1
vn 0 0 1
vn 0 0 1
vn 0 0 1
vn 0 0 1
vn 0 0 1
vn 0 0 1
vn 0 0 1
vn 0 0 1
vn 0 0 1
vn 0 0 1
vn 0 0 1
vn 0 0 1
vn 0 0 1
vn 0 0 1
vn 0 0 1
vn 0 0 1
vn 0 0 1
vn 0 0 1
vn 0 0 1
vn 0 0 1
vn 0 0 1
vn 0 0 1
vn 0 0 1
vn 0 0 1
vn 0 0 1
vn 0 0 1
vn 0 0 1
vn 0 0 1
vn 0 0 1
vn 0 0 1
vn 0 0 1
vn 0 0 1
vn 0 0 1
vn 0 0 1
vn 0 0 1
vn 0 0 1
vn 0 0 1
vn 0 0 1
vn 0 0 1
vn 0 0 1
vn 0 0 1
vn 0 0 1
vn 0 0 1
vn 0 0 1
vn 0 0 1
vn 0 0 1
vn 0 0 1
vn 0 0 1
vn 0 0 1
vn 0 0 1
vn 0 0 1
vn 0 0 1
vn 0 0 1
vn 0 0 1
vn 0 0 1
vn 0 0 1
vn 0 0 1
vn 0 0 1
vn 0 0 1
vn 0 0 1
vn 0 0 1
vn 0 0 1
vn 0 0 1
vn 0 0 1
vn 0 0 1
vn 0 0 1
vn 0 0 1
vn 0 0 1
vn 0 0 1
vn 0 0 1
vn 0 0 1
vn 0 0 1
vn 0 0 1
vn 0 0 1
vn 0 0 1
vn 0 0 1
vn 0 0 1
vn 0 0 1
vn 0 0 1
vn 0 0 1
vn 0 0 1
vn 0 0 1
vn 0 0 1
vn 0 0 1
vn 0 0 1
vn 0 0 1
vn 0 0 1
vn 0 0 1
vn 0 0 1
vn 0 0 1
vn 0 0 1
vn 0 0 1
vn 0 0 1
vn 0 0 1
vn 0 0 1
vn 0 0 1
vn 0 0 1
vn 0 0 1
vn 0 0 1
vn 0 0 1
vn 0 0 1
vn 0 0 1
vn 0 0 1
vn 0 0 1
vn 0 0 1
vn 0 0 1
vn 0 0 1
vn 0 0 1
vn 0 0 1
vn 0 0 1
vn 0 0 1
vn 0 0 1
vn 0 0 1
vn 0 0 1
vn 0 0 1
vn 0 0 1
vn 0 0 1
vn 0 0 1
vn 0 0 1
vn 0 0 1
vn 0 0 1
vn 0 0 1
vn 0 0 1
vn 0 0 1
vn 0 0 1
vn 0 0 1
vn 0 0 1
vn 0 0 1
vn 0 0 1
vn 0 0 1
vn 0 0 1
vn 0 0 1
vn 0 0 1
vn 0 0 1
vn 0 0 1
vn 0 0 1
vn 0 0 1
vn 0 0 1
vn 0 0 1
vn 0 0 1
vn 0 0 1
vn 0 0 1
vn 0 0 1
vn 0 0 1
vn 0 0 1
vn 0 0 1
vn 0 0 1
vn 0 0 1
vn 0 0 1
vn 0 0 1
vn 0 0 1
vn 0 0 1
vn 0 0 1
vn 0 0 1
vn 0 0 1
vn 0 0 1
vn 0 0 1
vn 0 0 1
vn 0 0 1
vn 0 0 1
vn 0 0 1
vn 0 0 1
vn 0 0 1
vn 0 0 1
vn 0 0 1
vn 0 0 1
vn 0 0 1
vn 0 0 1
vn 0 0 1
vn 0 0 1
vn 0 0 1
vn 0 0 1
vn 0 0 1
vn 0 0 1
vn 0 0 1
vn 0 0 1
vn 0 0 1
vn 0 0 1
vn 0 0 1
vn 0 0 1
vn 0 0 1
vn 0 0 1
vn 0 0 1
vn 0 0 1
vn 0 0 1
vn 0 0 1
vn 0 0 1
vn 0 0 1
vn 0 0 1
vn 0 0 1
vn 0 0 1
vn 0 0 1
vn 0 0 1
vn 0 0 1
vn 0 0 1
vn 0 0 1
vn 0 0 1
vn 0 0 1
vn 0 0 1
vn 0 0 1
vn 0 0 1
vn 0 0 1
vn 0 0 1
vn 0 0 1
vn 0 0 1
vn 0 0 1
vn 0 0 1
vn 0 0 1
vn 0 0 1
vn 0 0 1
vn 0 0 1
vn 0 0 1
vn 0 0 1
vn 0 0 1
vn 0 0 1
vn 0 0 1
vn 0 0 1
vn 0 0 1
vn 0 0 1
vn 0 0 1
vn 0 0 1
vn 0 0 1
vn 0 0 1
vn 0 0 1
vn 0 0 1
vn 0 0 1
vn 0 0 1
vn 0 0 1
vn 0 0 1
vn 0 0 1
vn 0 0 1
vn 0 0 1
vn 0 0 1
vn 0 0 1
vn 0 0 1
vn 0 0 1
vn 0 0 1
vn 0 0 1
vn 0 0 1
vn 0 0 1
vn 0 0 1
vn 0 0 1
vn 0 0 1
vn 0 0 1
vn 0 0 1
vn 0 0 1
vn 0 0 1
vn 0 0 1
vn 0 0 1
vn 0 0 1
vn 0 0 1
vn 0 0 1
vn 0 0 1
vn 0 0 1
vn 0 0 1
vn 0 0 1
vn 0 0 1
vn 0 0 1
vn 0 0 1
vn 0 0 1
vn 0 0 1
vn 0 0 1
vn 0 0 1
vn 0 0 1
vn 0 0 1
vn 0 0 1
vn 0 0 1
vn 0 0 1
vn 0 0 1
vn 0 0 1
vn 0 0 1
vn 0 0 1
vn 0 0 1
vn 0 0 1
vn 0 0 1
vn 0 0 1
vn 0 0 1
vn 0 0 1
vn 0 0 1
vn 0 0 1
vn 0 0 1
vn 0 0 1
vn 0 0 1
vn 0 0 1
vn 0 0 1
vn 0 0 1
vn 0 0 1
vn 0 0 1
vn 0 0 1
vn 0 0 1
vn 0 0 1
vn 0 0 1
vn 0 0 1
vn 0 0 1
vn 0 0 1
vn 0 0 1
vn 0 0 1
vn 0 0 1
vn 0 0 1
vn 0 0 1
vn 0 0 1
vn 0 0 1
vn 0 0 1
vn 0 0 1
vn 0 0 1
vn 0 0 1
vn 0 0 1
vn 0 0 1
vn 0 0 1
vn 0 0 1
vn 0 0 1
vn 0 0 1
vn 0 0 1
vn 0 0 1
vn 0 0 1
vn 0 0 1
vn 0 0 1
vn 0 0 1
vn 0 0 1
vn 0 0 1
vn 0 0 1
vn 0 0 1
vn 0 0 1
vn 0 0 1
vn 0 0 1
vn 0 0 1
vn 0 0 1
vn 0 0 1
vn 0 0 1
vn 0 0 1
vn 0 0 1
vn 0 0 1
vn 0 0 1
vn 0 0 1
vn 0 0 1
vn 0 0 1
vn 0 0 1
vn 0 0 1
vn 0 0 1
vn 0 0 1
vn 0 0 1
vn 0 0 1
vn 0 0 1
vn 0 0 1
vn 0 0 1
vn 0 0 1
vn 0 0 1
vn 0 0 1
vn 0 0 1
vn 0 0 1
vn 0 0 1
vn 0 0 1
vn 0 0 1
vn 0 0 1
vn 0 0 1
vn 0 0 1
vn 0 0 1
vn 0 0 1
vn 0 0 1
vn 0 0 1
vn 0 0 1
vn 0 0 1
vn 0 0 1
vn 0 0 1
vn 0 0 1
vn 0 0 1
vn 0 0 1
vn 0 0 1
vn 0 0 1
vn 0 0 1
vn 0 0 1
vn 0 0 1
vn 0 0 1
vn 0 0 1
vn 0 0 1
vn 0 0 1
vn 0 0 1
vn 0 0 1
vn 0 0 1
vn 0 0 1
vn 0 0 1
vn 0 0 1
vn 0 0 1
vn 0 0 1
vn 0 0 1
vn 0 0 1
vn 0 0 1
vn 0 0 1
vn 0 0 1
vn 0 0 1
vn 0 0 1
vn 0 0 1
vn 0 0 1
vn 0 0 1
vn 0 0 1
vn 0 0 1
vn 0 0 1
vn 0 0 1
vn 0 0 1
vn 0 0 1
vn 0 0 1
vn 0 0 1
vn 0 0 1
vn 0 0 1
vn 0 0 1
vn 0 0 1
vn 0 0 1
vn 0 0 1
vn 0 0 1
vn 0 0 1
vn 0 0 1
vn 0 0 1
vn 0 0 1
vn 0 0 1
vn 0 0 1
vn 0 0 1
vn 0 0 1
vn 0 0 1
vn 0 0 1
vn 0 0 1
vn 0 0 1
vn 0 0 1
vn 0 0 1
vn 0 0 1
vn 0 0 1
vn 0 0 1
vn 0 0 1
vn 0 0 1
vn 0 0 1
vn 0 0 1
vn 0 0 1
vn 0 0 1
vn 0 0 1
vn 0 0 1
vn 0 0 1
vn 0 0 1
vn 0 0 1
vn 0 0 1
vn 0 0 1
vn 0 0 1
vn 0 0 1
vn 0 0 1
vn 0 0 1
vn 0 0 1
vn 0 0 1
vn 0 0 1
vn 0 0 1
vn 0 0 1
vn 0 0 1
vn 0 0 1
vn 0 0 1
vn 0 0 1
vn 0 0 1
vn 0 0 1
vn 0 0 1
vn 0 0 1
vn 0 0 1
vn 0 0 1
vn 0 0 1
vn 0 0 1
vn 0 0 1
vn 0 0 1
vn 0 0 1
vn 0 0 1
vn 0 0 1
vn 0 0 1
vn 0 0 1
vn 0 0 1
vn 0 0 1
vn 0 0 1
vn 0 0 1
vn 0 0 1
vn 0 0 1
vn 0 0 1
vn 0 0 1
vn 0 0 1
vn 0 0 1
vn 0 0 1
vn 0 0 1
vn 0 0 1
vn 0 0 1
vn 0 0 1
vn 0 0 1
vn 0 0 1
vn 0 0 1
vn 0 0 1
vn 0 0 1
vn 0 0 1
vn 0 0 1
vn 0 0 1
vn 0 0 1
vn 0 0 1
vn 0 0 1
vn 0 0 1
vn 0 0 1
vn 0 0 1
vn 0 0 1
vn 0 0 1
vn 0 0 1
vn 0 0 1
vn 0 0 1
vn 0 0 1
vn 0 0 1
vn 0 0 1
vn 0 0 1
vn 0 0 1
vn 0 0 1
vn 0 0 1
vn 0 0 1
vn 0 0 1
vn 0 0 1
vn 0 0 1
vn 0 0 1
vn 0 0 1
vn 0 0 1
vn 0 0 1
vn 0 0 1
vn 0 0 1
vn 0 0 1
vn 0 0 1
vn 0 0 1
vn 0 0 1
vn 0 0 1
vn 0 0 1
vn 0 0 1
vn 0 0 1
vn 0 0 1
vn 0 0 1
vn 0 0 1
vn 0 0 1
vn 0 0 1
vn 0 0 1
vn 0 0 1
vn 0 0 1
vn 0 0 1
vn 0 0 1
vn 0 0 1
vn 0 0 1
vn 0 0 1
vn 0 0 1
vn 0 0 1
vn 0 0 1
vn 0 0 1
vn 0 0 1
vn 0 0 1
vn 0 0 1
vn 0 0 1
vn 0 0 1
vn 0 0 1
vn 0 0 1
vn 0 0 1
vn 0 0 1
vn 0 0 1
vn 0 0 1
vn 0 0 1
vn 0 0 1
vn 0 0 1
vn 0 0 1
vn 0 0 1
vn 0 0 1
vn 0 0 1
vn 0 0 1
vn 0 0 1
vn 0 0 1
vn 0 0 1
vn 0 0 1
vn 0 0 1
vn 0 0 1
vn 0 0 1
vn 0 0 1
vn 0 0 1
vn 0 0 1
vn 0 0 1
vn 0 0 1
vn 0 0 1
vn 0 0 1
vn 0 0 1
vn 0 0 1
vn 0 0 1
vn 0 0 1
vn 0 0 1
vn 0 0 1
vn 0 0 1
vn 0 0 1
vn 0 0 1
vn 0 0 1
vn 0 0 1
vn 0 0 1
vn 0 0 1
vn 0 0 1
vn 0 0 1
vn 0 0 1
vn 0 0 1
vn 0 0 1
vn 0 0 1
vn 0 0 1
vn 0 0 1
vn 0 0 1
vn 0 0 1
vn 0 0 1
vn 0 0 1
vn 0 0 1
vn 0 0 1
vn 0 0 1
vn 0 0 1
vn 0 0 1
vn 0 0 1
vn 0 0 1
vn 0 0 1
vn 0 0 1
vn 0 0 1
vn 0 0 1
vn 0 0 1
vn 0 0 1
vn 0 0 1
vn 0 0 1
vn 0 0 1
vn 0 0 1
vn 0 0 1
vn 0 0 1
vn 0 0 1
vn 0 0 1
vn 0 0 1
vn 0 0 1
vn 0 0 1
vn 0 0 1
vn 0 0 1
vn 0 0 1
vn 0 0 1
vn 0 0 1
vn 0 0 1
vn 0 0 1
vn 0 0 1
vn 0 0 1
vn 0 0 1
vn 0 0 1
vn 0 0 1
vn 0 0 1
vn 0 0 1
vn 0 0 1
vn 0 0 1
vn 0 0 1
vn 0 0 1
vn 0 0 1
vn 0 0 1
vn 0 0 1
vn 0 0 1
vn 0 0 1
vn 0 0 1
vn 0 0 1
vn 0 0 1
vn 0 0 1
vn 0 0 1
vn 0 0 1
vn 0 0 1
vn 0 0 1
vn 0 0 1
vn 0 0 1
vn 0 0 1
vn 0 0 1
vn 0 0 1
vn 0 0 1
vn 0 0 1
vn 0 0 1
vn 0 0 1
vn 0 0 1
vn 0 0 1
vn 0 0 1
vn 0 0 1
vn 0 0 1
vn 0 0 1
vn 0 0 1
vn 0 0 1
vn 0 0 1
vn 0 0 1
vn 0 0 1
vn 0 0 1
vn 0 0 1
vn 0 0 1
vn 0 0 1
vn 0 0 1
vn 0 0 1
vn 0 0 1
vn 0 0 1
vn 0 0 1
vn 0 0 1
vn 0 0 1
vn 0 0 1
vn 0 0 1
vn 0 0 1
vn 0 0 1
vn 0 0 1
vn 0 0 1
vn 0 0 1
vn 0 0 1
vn 0 0 1
vn 0 0 1
vn 0 0 1
vn 0 0 1
vn 0 0 1
vn 0 0 1
vn 0 0 1
vn 0 0 1
vn 0 0 1
vn 0 0 1
vn 0 0 1
vn 0 0 1
vn 0 0 1
vn 0 0 1
vn 0 0 1
vn 0 0 1
vn 0 0 1
vn 0 0 1
vn 0 0 1
vn 0 0 1
vn 0 0 1
vn 0 0 1
vn 0 0 1
vn 0 0 1
vn 0 0 1
vn 0 0 1
vn 0 0 1
vn 0 0 1
vn 0 0 1
vn 0 0 1
vn 0 0 1
vn 0 0 1
vn 0 0 1
vn 0 0 1
vn 0 0 1
vn 0 0 1
vn 0 0 1
vn 0 0 1
vn 0 0 1
vn 0 0 1
vn 0 0 1
vn 0 0 1
vn 0 0 1
vn 0 0 1
vn 0 0 1
vn 0 0 1
vn 0 0 1
vn 0 0 1
vn 0 0 1
vn 0 0 1
vn 0 0 1
vn 0 0 1
vn 0 0 1
vn 0 0 1
vn 0 0 1
vn 0 0 1
vn 0 0 1
vn 0 0 1
vn 0 0 1
vn 0 0 1
vn 0 0 1
vn 0 0 1
vn 0 0 1
vn 0 0 1
vn 0 0 1
vn 0 0 1
vn 0 0 1
vn 0 0 1
vn 0 0 1
vn 0 0 1
vn 0 0 1
vn 0 0 1
vn 0 0 1
vn 0 0 1
vn 0 0 1
vn 0 0 1
vn 0 0 1
vn 0 0 1
vn 0 0 1
vn 0 0 1
vn 0 0 1
vn 0 0 1
vn 0 0 1
vn 0 0 1
vn 0 0 1
vn 0 0 1
vn 0 0 1
vn 0 0 1
vn 0 0 1
vn 0 0 1
vn 0 0 1
vn 0 0 1
vn 0 0 1
vn 0 0 1
vn 0 0 1
vn 0 0 1
vn 0 0 1
vn 0 0 1
vn 0 0 1
vn 0 0 1
vn 0 0 1
vn 0 0 1
vn 0 0 1
vn 0 0 1
vn 0 0 1
vn 0 0 1
vn 0 0 1
vn 0 0 1
vn 0 0 1
vn 0 0 1
vn 0 0 1
vn 0 0 1
vn 0 0 1
vn 0 0 1
vn 0 0 1
vn 0 0 1
vn 0 0 1
vn 0 0 1
vn 0 0 1
vn 0 0 1
vn 0 0 1
vn 0 0 1
vn 0 0 1
vn 0 0 1
vn 0 0 1
vn 0 0 1
vn 0 0 -1
vn 0 0 -1
vn 0 0 -1
vn 0 0 -1
vn 0 0 -1
vn 0 0 -1
vn 0 0 -1
vn 0 0 -1
vn 0 0 -1
vn 0 0 -1
vn 0 0 -1
vn 0 0 -1
vn 0 0 -1
vn 0 0 -1
vn 0 0 -1
vn 0 0 -1
vn 0 0 -1
vn 0 0 -1
vn 0 0 -1
vn 0 0 -1
vn 0 0 -1
vn 0 0 -1
vn 0 0 -1
vn 0 0 -1
vn 0 0 -1
vn 0 0 -1
vn 0 0 -1
vn 0 0 -1
vn 0 0 -1
vn 0 0 -1
vn 0 0 -1
vn 0 0 -1
vn 0 0 -1
vn 0 0 -1
vn 0 0 -1
vn 0 0 -1
vn 0 0 -1
vn 0 0 -1
vn 0 0 -1
vn 0 0 -1
vn 0 0 -1
vn 0 0 -1
vn 0 0 -1
vn 0 0 -1
vn 0 0 -1
vn 0 0 -1
vn 0 0 -1
vn 0 0 -1
vn 0 0 -1
vn 0 0 -1
vn 0 0 -1
vn 0 0 -1
vn 0 0 -1
vn 0 0 -1
vn 0 0 -1
vn 0 0 -1
vn 0 0 -1
vn 0 0 -1
vn 0 0 -1
vn 0 0 -1
vn 0 0 -1
vn 0 0 -1
vn 0 0 -1
vn 0 0 -1
vn 0 0 -1
vn 0 0 -1
vn 0 0 -1
vn 0 0 -1
vn 0 0 -1
vn 0 0 -1
vn 0 0 -1
vn 0 0 -1
vn 0 0 -1
vn 0 0 -1
vn 0 0 -1
vn 0 0 -1
vn 0 0 -1
vn 0 0 -1
vn 0 0 -1
vn 0 0 -1
vn 0 0 -1
vn 0 0 -1
vn 0 0 -1
vn 0 0 -1
vn 0 0 -1
vn 0 0 -1
vn 0 0 -1
vn 0 0 -1
vn 0 0 -1
vn 0 0 -1
vn 0 0 -1
vn 0 0 -1
vn 0 0 -1
vn 0 0 -1
vn 0 0 -1
vn 0 0 -1
vn 0 0 -1
vn 0 0 -1
vn 0 0 -1
vn 0 0 -1
vn 0 0 -1
vn 0 0 -1
vn 0 0 -1
vn 0 0 -1
vn 0 0 -1
vn 0 0 -1
vn 0 0 -1
vn 0 0 -1
vn 0 0 -1
vn 0 0 -1
vn 0 0 -1
vn 0 0 -1
vn 0 0 -1
vn 0 0 -1
vn 0 0 -1
vn 0 0 -1
vn 0 0 -1
vn 0 0 -1
vn 0 0 -1
vn 0 0 -1
vn 0 0 -1
vn 0 0 -1
vn 0 0 -1
vn 0 0 -1
vn 0 0 -1
vn 0 0 -1
vn 0 0 -1
vn 0 0 -1
vn 0 0 -1
vn 0 0 -1
vn 0 0 -1
vn 0 0 -1
vn 0 0 -1
vn 0 0 -1
vn 0 0 -1
vn 0 0 -1
vn 0 0 -1
vn 0 0 -1
vn 0 0 -1
vn 0 0 -1
vn 0 0 -1
vn 0 0 -1
vn 0 0 -1
vn 0 0 -1
vn 0 0 -1
vn 0 0 -1
vn 0 0 -1
vn 0 0 -1
vn 0 0 -1
vn 0 0 -1
vn 0 0 -1
vn 0 0 -1
vn 0 0 -1
vn 0 0 -1
vn 0 0 -1
vn 0 0 -1
vn 0 0 -1
vn 0 0 -1
vn 0 0 -1
vn 0 0 -1
vn 0 0 -1
vn 0 0 -1
vn 0 0 -1
vn 0 0 -1
vn 0 0 -1
vn 0 0 -1
vn 0 0 -1
vn 0 0 -1
vn 0 0 -1
vn 0 0 -1
vn 0 0 -1
vn 0 0 -1
vn 0 0 -1
vn 0 0 -1
vn 0 0 -1
vn 0 0 -1
vn 0 0 -1
vn 0 0 -1
vn 0 0 -1
vn 0 0 -1
vn 0 0 -1
vn 0 0 -1
vn 0 0 -1
vn 0 0 -1
vn 0 0 -1
vn 0 0 -1
vn 0 0 -1
vn 0 0 -1
vn 0 0 -1
vn 0 0 -1
vn 0 0 -1
vn 0 0 -1
vn 0 0 -1
vn 0 0 -1
vn 0 0 -1
vn 0 0 -1
vn 0 0 -1
vn 0 0 -1
vn 0 0 -1
vn 0 0 -1
vn 0 0 -1
vn 0 0 -1
vn 0 0 -1
vn 0 0 -1
vn 0 0 -1
vn 0 0 -1
vn 0 0 -1
vn 0 0 -1
vn 0 0 -1
vn 0 0 -1
vn 0 0 -1
vn 0 0 -1
vn 0 0 -1
vn 0 0 -1
vn 0 0 -1
vn 0 0 -1
vn 0 0 -1
vn 0 0 -1
vn 0 0 -1
vn 0 0 -1
vn 0 0 -1
vn 0 0 -1
vn 0 0 -1
vn 0 0 -1
vn 0 0 -1
vn 0 0 -1
vn 0 0 -1
vn 0 0 -1
vn 0 0 -1
vn 0 0 -1
vn 0 0 -1
vn 0 0 -1
vn 0 0 -1
vn 0 0 -1
vn 0 0 -1
vn 0 0 -1
vn 0 0 -1
vn 0 0 -1
vn 0 0 -1
vn 0 0 -1
vn 0 0 -1
vn 0 0 -1
vn 0 0 -1
vn 0 0 -1
vn 0 0 -1
vn 0 0 -1
vn 0 0 -1
vn 0 0 -1
vn 0 0 -1
vn 0 0 -1
vn 0 0 -1
vn 0 0 -1
vn 0 0 -1
vn 0 0 -1
vn 0 0 -1
vn 0 0 -1
vn 0 0 -1
vn 0 0 -1
vn 0 0 -1
vn 0 0 -1
vn 0 0 -1
vn 0 0 -1
vn 0 0 -1
vn 0 0 -1
vn 0 0 -1
vn 0 0 -1
vn 0 0 -1
vn 0 0 -1
vn 0 0 -1
vn 0 0 -1
vn 0 0 -1
vn 0 0 -1
vn 0 0 -1
vn 0 0 -1
vn 0 0 -1
vn 0 0 -1
vn 0 0 -1
vn 0 0 -1
vn 0 0 -1
vn 0 0 -1
vn 0 0 -1
vn 0 0 -1
vn 0 0 -1
vn 0 0 -1
vn 0 0 -1
vn 0 0 -1
vn 0 0 -1
vn 0 0 -1
vn 0 0 -1
vn 0 0 -1
vn 0 0 -1
vn 0 0 -1
vn 0 0 -1
vn 0 0 -1
vn 0 0 -1
vn 0 0 -1
vn 0 0 -1
vn 0 0 -1
vn 0 0 -1
vn 0 0 -1
vn 0 0 -1
vn 0 0 -1
vn 0 0 -1
vn 0 0 -1
vn 0 0 -1
vn 0 0 -1
vn 0 0 -1
vn 0 0 -1
vn 0 0 -1
vn 0 0 -1
vn 0 0 -1
vn 0 0 -1
vn 0 0 -1
vn 0 0 -1
vn 0 0 -1
vn 0 0 -1
vn 0 0 -1
vn 0 0 -1
vn 0 0 -1
vn 0 0 -1
vn 0 0 -1
vn 0 0 -1
vn 0 0 -1
vn 0 0 -1
vn 0 0 -1
vn 0 0 -1
vn 0 0 -1
vn 0 0 -1
vn 0 0 -1
vn 0 0 -1
vn 0 0 -1
vn 0 0 -1
vn 0 0 -1
vn 0 0 -1
vn 0 0 -1
vn 0 0 -1
vn 0 0 -1
vn 0 0 -1
vn 0 0 -1
vn 0 0 -1
vn 0 0 -1
vn 0 0 -1
vn 0 0 -1
vn 0 0 -1
vn 0 0 -1
vn 0 0 -1
vn 0 0 -1
vn 0 0 -1
vn 0 0 -1
vn 0 0 -1
vn 0 0 -1
vn 0 0 -1
vn 0 0 -1
vn 0 0 -1
vn 0 0 -1
vn 0 0 -1
vn 0 0 -1
vn 0 0 -1
vn 0 0 -1
vn 0 0 -1
vn 0 0 -1
vn 0 0 -1
vn 0 0 -1
vn 0 0 -1
vn 0 0 -1
vn 0 0 -1
vn 0 0 -1
vn 0 0 -1
vn 0 0 -1
vn 0 0 -1
vn 0 0 -1
vn 0 0 -1
vn 0 0 -1
vn 0 0 -1
vn 0 0 -1
vn 0 0 -1
vn 0 0 -1
vn 0 0 -1
vn 0 0 -1
vn 0 0 -1
vn 0 0 -1
vn 0 0 -1
vn 0 0 -1
vn 0 0 -1
vn 0 0 -1
vn 0 0 -1
vn 0 0 -1
vn 0 0 -1
vn 0 0 -1
vn 0 0 -1
vn 0 0 -1
vn 0 0 -1
vn 0 0 -1
vn 0 0 -1
vn 0 0 -1
vn 0 0 -1
vn 0 0 -1
vn 0 0 -1
vn 0 0 -1
vn 0 0 -1
vn 0 0 -1
vn 0 0 -1
vn 0 0 -1
vn 0 0 -1
vn 0 0 -1
vn 0 0 -1
vn 0 0 -1
vn 0 0 -1
vn 0 0 -1
vn 0 0 -1
vn 0 0 -1
vn 0 0 -1
vn 0 0 -1
vn 0 0 -1
vn 0 0 -1
vn 0 0 -1
vn 0 0 -1
vn 0 0 -1
vn 0 0 -1
vn 0 0 -1
vn 0 0 -1
vn 0 0 -1
vn 0 0 -1
vn 0 0 -1
vn 0 0 -1
vn 0 0 -1
vn 0 0 -1
vn 0 0 -1
vn 0 0 -1
vn 0 0 -1
vn 0 0 -1
vn 0 0 -1
vn 0 0 -1
vn 0 0 -1
vn 0 0 -1
vn 0 0 -1
vn 0 0 -1
vn 0 0 -1
vn 0 0 -1
vn 0 0 -1
vn 0 0 -1
vn 0 0 -1
vn 0 0 -1
vn 0 0 -1
vn 0 0 -1
vn 0 0 -1
vn 0 0 -1
vn 0 0 -1
vn 0 0 -1
vn 0 0 -1
vn 0 0 -1
vn 0 0 -1
vn 0 0 -1
vn 0 0 -1
vn 0 0 -1
vn 0 0 -1
vn 0 0 -1
vn 0 0 -1
vn 0 0 -1
vn 0 0 -1
vn 0 0 -1
vn 0 0 -1
vn 0 0 -1
vn 0 0 -1
vn 0 0 -1
vn 0 0 -1
vn 0 0 -1
vn 0 0 -1
vn 0 0 -1
vn 0 0 -1
vn 0 0 -1
vn 0 0 -1
vn 0 0 -1
vn 0 0 -1
vn 0 0 -1
vn 0 0 -1
vn 0 0 -1
vn 0 0 -1
vn 0 0 -1
vn 0 0 -1
vn 0 0 -1
vn 0 0 -1
vn 0 0 -1
vn 0 0 -1
vn 0 0 -1
vn 0 0 -1
vn 0 0 -1
vn 0 0 -1
vn 0 0 -1
vn 0 0 -1
vn 0 0 -1
vn 0 0 -1
vn 0 0 -1
vn 0 0 -1
vn 0 0 -1
vn 0 0 -1
vn 0 0 -1
vn 0 0 -1
vn 0 0 -1
vn 0 0 -1
vn 0 0 -1
vn 0 0 -1
vn 0 0 -1
vn 0 0 -1
vn 0 0 -1
vn 0 0 -1
vn 0 0 -1
vn 0 0 -1
vn 0 0 -1
vn 0 0 -1
vn 0 0 -1
vn 0 0 -1
vn 0 0 -1
vn 0 0 -1
vn 0 0 -1
vn 0 0 -1
vn 0 0 -1
vn 0 0 -1
vn 0 0 -1
vn 0 0 -1
vn 0 0 -1
vn 0 0 -1
vn 0 0 -1
vn 0 0 -1
vn 0 0 -1
vn 0 0 -1
vn 0 0 -1
vn 0 0 -1
vn 0 0 -1
vn 0 0 -1
vn 0 0 -1
vn 0 0 -1
vn 0 0 -1
vn 0 0 -1
vn 0 0 -1
vn 0 0 -1
vn 0 0 -1
vn 0 0 -1
vn 0 0 -1
vn 0 0 -1
vn 0 0 -1
vn 0 0 -1
vn 0 0 -1
vn 0 0 -1
vn 0 0 -1
vn 0 0 -1
vn 0 0 -1
vn 0 0 -1
vn 0 0 -1
vn 0 0 -1
vn 0 0 -1
vn 0 0 -1
vn 0 0 -1
vn 0 0 -1
vn 0 0 -1
vn 0 0 -1
vn 0 0 -1
vn 0 0 -1
vn 0 0 -1
vn 0 0 -1
vn 0 0 -1
vn 0 0 -1
vn 0 0 -1
vn 0 0 -1
vn 0 0 -1
vn 0 0 -1
vn 0 0 -1
vn 0 0 -1
vn 0 0 -1
vn 0 0 -1
vn 0 0 -1
vn 0 0 -1
vn 0 0 -1
vn 0 0 -1
vn 0 0 -1
vn 0 0 -1
vn 0 0 -1
vn 0 0 -1
vn 0 0 -1
vn 0 0 -1
vn 0 0 -1
vn 0 0 -1
vn 0 0 -1
vn 0 0 -1
vn 0 0 -1
vn 0 0 -1
vn 0 0 -1
vn 0 0 -1
vn 0 0 -1
vn 0 0 -1
vn 0 0 -1
vn 0 0 -1
vn 0 0 -1
vn 0 0 -1
vn 0 0 -1
vn 0 0 -1
vn 0 0 -1
vn 0 0 -1
vn 0 0 -1
vn 0 0 -1
vn 0 0 -1
vn 0 0 -1
vn 0 0 -1
vn 0 0 -1
vn 0 0 -1
vn 0 0 -1
vn 0 0 -1
vn 0 0 -1
vn 0 0 -1
vn 0 0 -1
vn 0 0 -1
vn 0 0 -1
vn 0 0 -1
vn 0 0 -1
vn 0 0 -1
vn 0 0 -1
vn 0 0 -1
vn 0 0 -1
vn 0 0 -1
vn 0 0 -1
vn 0 0 -1
vn 0 0 -1
vn 0 0 -1
vn 0 0 -1
vn 0 0 -1
vn 0 0 -1
vn 0 0 -1
vn 0 0 -1
vn 0 0 -1
vn 0 0 -1
vn 0 0 -1
vn 0 0 -1
vn 0 0 -1
vn 0 0 -1
vn 0 0 -1
vn 0 0 -1
vn 0 0 -1
vn 0 0 -1
vn 0 0 -1
vn 0 0 -1
vn 0 0 -1
vn 0 0 -1
vn 0 0 -1
vn 0 0 -1
vn 0 0 -1
vn 0 0 -1
vn 0 0 -1
vn 0 0 -1
vn 0 0 -1
vn 0 0 -1
vn 0 0 -1
vn 0 0 -1
vn 0 0 -1
vn 0 0 -1
vn 0 0 -1
vn 0 0 -1
vn 0 0 -1
vn 0 0 -1
vn 0 0 -1
vn 0 0 -1
vn 0 0 -1
vn 0 0 -1
vn 0 0 -1
vn 0 0 -1
vn 0 0 -1
vn 0 0 -1
vn 0 0 -1
vn 0 0 -1
vn 0 0 -1
vn 0 0 -1
vn 0 0 -1
vn 0 0 -1
vn 0 0 -1
vn 0 0 -1
vn 0 0 -1
vn 0 0 -1
vn 0 0 -1
vn 0 0 -1
vn 0 0 -1
vn 0 0 -1
vn 0 0 -1
vn 0 0 -1
vn 0 0 -1
vn 0 0 -1
vn 0 0 -1
vn 0 0 -1
vn 0 0 -1
vn 0 0 -1
vn 0 0 -1
vn 0 0 -1
vn 0 0 -1
vn 0 0 -1
vn 0 0 -1
vn 0 0 -1
vn 0 0 -1
vn 0 0 -1
vn 0 0 -1
vn 0 0 -1
vn 0 0 -1
vn 0 0 -1
vn 0 0 -1
vn 0 0 -1
vn 0 0 -1
vn 0 0 -1
vn 0 0 -1
vn 0 0 -1
vn 0 0 -1
vn 0 0 -1
vn 0 0 -1
vn 0 0 -1
vn 0 0 -1
vn 0 0 -1
vn 0 0 -1
vn 0 0 -1
vn 0 0 -1
vn 0 0 -1
vn 0 0 -1
vn 0 0 -1
vn 0 0 -1
vn 0 0 -1
vn 0 0 -1
vn 0 0 -1
vn 0 0 -1
vn 0 0 -1
vn 0 0 -1
vn 0 0 -1
vn 0 0 -1
vn 0 0 -1
vn 0 0 -1
vn 0 0 -1
vn 0 0 -1
vn 0 0 -1
vn 0 0 -1
vn 0 0 -1
vn 0 0 -1
vn 0 0 -1
vn 0 0 -1
vn 0 0 -1
vn 0 0 -1
vn 0 0 -1
vn 0 0 -1
vn 0 0 -1
vn 0 0 -1
vn 0 0 -1
vn 0 0 -1
vn 0 0 -1
vn 0 0 -1
vn 0 0 -1
vn 0 0 -1
vn 0 0 -1
vn 0 0 -1
vn 0 0 -1
vn 0 0 -1
vn 0 0 -1
vn 0 0 -1
vn 0 0 -1
vn 0 0 -1
vn 0 0 -1
vn 0 0 -1
vn 0 0 -1
vn 0 0 -1
vn 0 0 -1
vn 0 0 -1
vn 0 0 -1
vn 0 0 -1
vn 0 0 -1
vn 0 0 -1
vn 0 0 -1
vn 0 0 -1
vn 0 0 -1
vn 0 0 -1
vn 0 0 -1
vn 0 0 -1
vn 0 0 -1
vn 0 0 -1
vn 0 0 -1
vn 0 0 -1
vn 0 0 -1
vn 0 0 -1
vn 0 0 -1
vn 0 0 -1
vn 0 0 -1
vn 0 0 -1
vn 0 0 -1
vn 0 0 -1
vn 0 0 -1
vn 0 0 -1
vn 0 0 -1
vn 0 0 -1
vn 0 0 -1
vn 0 0 -1
vn 0 0 -1
vn 0 0 -1
vn 0 0 -1
vn 0 0 -1
vn 0 0 -1
vn 0 0 -1
vn 0 0 -1
vn 0 0 -1
vn 0 0 -1
vn 0 0 -1
vn 0 0 -1
vn 0 0 -1
vn 0 0 -1
vn 0 0 -1
vn 0 0 -1
vn 0 0 -1
vn 0 0 -1
vn 0 0 -1
vn 0 0 -1
vn 0 0 -1
vn 0 0 -1
vn 0 0 -1
vn 0 0 -1
vn 0 0 -1
vn 0 0 -1
vn 0 0 -1
vn 0 0 -1
vn 0 0 -1
vn 0 0 -1
vn 0 0 -1
vn 0 0 -1
vn 0 0 -1
vn 0 0 -1
vn 0 0 -1
vn 0 0 -1
vn 0 0 -1
vn 0 0 -1
vn 0 0 -1
vn 0 0 -1
vn 0 0 -1
vn 0 0 -1
vn 0 0 -1
vn 0 0 -1
vn 0 0 -1
vn 0 0 -1
vn 0 0 -1
vn 0 0 -1
vn 0 0 -1
vn 0 0 -1
vn 0 0 -1
vn 0 0 -1
vn 0 0 -1
vn 0 0 -1
vn 0 0 -1
vn 0 0 -1
vn 0 0 -1
vn 0 0 -1
vn 0 0 -1
vn 0 0 -1
vn 0 0 -1
vn 0 0 -1
vn 0 0 -1
vn 0 0 -1
vn 0 0 -1
vn 0 0 -1
vn 0 0 -1
vn 0 0 -1
vn 0 0 -1
vn 0 0 -1
vn 0 0 -1
vn 0 0 -1
vn 0 0 -1
vn 0 0 -1
vn 0 0 -1
vn 0 0 -1
vn 0 0 -1
vn 0 0 -1
vn 0 0 -1
vn 0 0 -1
vn 0 0 -1
vn 0 0 -1
vn 0 0 -1
vn 0 0 -1
vn 0 0 -1
vn 0 0 -1
vn 0 0 -1
vn 0 0 -1
vn 0 0 -1
vn 0 0 -1
vn 0 0 -1
vn 0 0 -1
vn 0 0 -1
vn 0 0 -1
vn 0 0 -1
vn 0 0 -1
vn 0 0 -1
vn 0 0 -1
vn 0 0 -1
vn 0 0 -1
vn 0 0 -1
vn 0 0 -1
vn 0 0 -1
vn 0 0 -1
vn 0 0 -1
vn 0 0 -1
vn 0 0 -1
vn 0 0 -1
vn 0 0 -1
vn 0 0 -1
vn 0 0 -1
vn 0 0 -1
vn 0 0 -1
vn 0 0 -1
vn 0 0 -1
vn 0 0 -1
vn 0 0 -1
vn 0 0 -1
vn 0 0 -1
vn 0 0 -1
vn 0 0 -1
vn 0 0 -1
vn 0 0 -1
vn 0 0 -1
vn 0 0 -1
vn 0 0 -1
vn 0 0 -1
vn 0 0 -1
vn 0 0 -1
vn 0 0 -1
vn 0 0 -1
vn 0 0 -1
vn 0 0 -1
vn 0 0 -1
vn 0 0 -1
vn 0 0 -1
vn 0 0 -1
vn 0 0 -1
vn 0 0 -1
vn 0 0 -1
vn 0 0 -1
vn 0 0 -1
vn 0 0 -1
vn 0 0 -1
vn 0 0 -1
vn 0 0 -1
vn 0 0 -1
vn 0 0 -1
vn 0 0 -1
vn 0 0 -1
vn 0 0 -1
vn 0 0 -1
vn 0 0 -1
vn 0 0 -1
vn 0 0 -1
vn 0 0 -1
vn 0 0 -1
vn 0 0 -1
vn 0 0 -1
vn 0 0 -1
vn 0 0 -1
vn 0 0 -1
vn 0 0 -1
vn 0 0 -1
vn 0 0 -1
vn 0 0 -1
vn 0 0 -1
vn 0 0 -1
vn 0 0 -1
vn 0 0 -1
vn 0 0 -1
vn 0 0 -1
vn 0 0 -1
vn 0 0 -1
vn 0 0 -1
vn 0 0 -1
vn 0 0 -1
vn 0 0 -1
vn 0 0 -1
vn 0 0 -1
vn 0 0 -1
vn 0 0 -1
vn 0 0 -1
vn 0 0 -1
vn 0 0 -1
vn 0 0 -1
vn 0 0 -1
vn 0 0 -1
vn 0 0 -1
vn 0 0 -1
vn 0 0 -1
vn 0 0 -1
vn 0 0 -1
vn 0 0 -1
vn 0 0 -1
vn 0 0 -1
vn 0 0 -1
vn 0 0 -1
vn 0 0 -1
vn 0 0 -1
vn 0 0 -1
vn 0 0 -1
vn 0 0 -1
vn 0 0 -1
vn 0 0 -1
vn 0 0 -1
vn 0 0 -1
vn 0 0 -1
vn 0 0 -1
vn 0 0 -1
vn 0 0 -1
vn 0 0 -1
vn 0 0 -1
vn 0 0 -1
vn 0 0 -1
vn 0 0 -1
vn 0 0 -1
vn 0 0 -1
vn 0 0 -1
vn 0 0 -1
vn 0 0 -1
vn 0 0 -1
vn 0 0 -1
vn 0 0 -1
vn 0 0 -1
vn 0 0 -1
vn 0 0 -1
vn 0 0 -1
vn 0 0 -1
vn 0 0 -1
vn 0 0 -1
vn 0 0 -1
vn 0 0 -1
vn 0 0 -1
vn 0 0 -1
vn 0 0 -1
vn 0 0 -1
vn 0 0 -1
vn 0 0 -1
vn 0 0 -1
vn 0 0 -1
vn 0 0 -1
vn 0 0 -1
vn 0 0 -1
vn 0 0 -1
vn 0 0 -1
vn 0 0 -1
vn 0 0 -1
vn 0 0 -1
vn 0 0 -1
vn 0 0 -1
vn 0 0 -1
vn 0 0 -1
vn 0 0 -1
vn 0 0 -1
vn 0 0 -1
vn 0 0 -1
vn 0 0 -1
vn 0 0 -1
vn 0 0 -1
vn 0 0 -1
vn 0 0 -1
vn 0 0 -1
vn 0 0 -1
vn 0 0 -1
vn 0 0 -1
vn 0 0 -1
vn 0 0 -1
vn 0 0 -1
vn 0 0 -1
vn 0 0 -1
vn 0 0 -1
vn 0 0 -1
vn 0 0 -1
vn 0 0 -1
vn 0 0 -1
vn 0 0 -1
vn 0 0 -1
vn 0 0 -1
vn 0 0 -1
vn 0 0 -1
vn 0 0 -1
vn 0 0 -1
vn 0 0 -1
vn 0 0 -1
vn 0 0 -1
vn 0 0 -1
vn 0 0 -1
vn 0 0 -1
vn 0 0 -1
vn 0 0 -1
vn 0 0 -1
vn 0 0 -1
vn 0 0 -1
vn 0 0 -1
vn 0 0 -1
vn 0 0 -1
vn 0 0 -1
vn 0 0 -1
vn 0 0 -1
vn 0 0 -1
vn 0 0 -1
vn 0 0 -1
vn 0 0 -1
vn 0 0 -1
vn 0 0 -1
vn 0 0 -1
vn 0 0 -1
vn 0 0 -1
vn 0 0 -1
vn 0 0 -1
vn 0 0 -1
vn 0 0 -1
vn 0 0 -1
vn 0 0 -1
vn 0 0 -1
vn 0 0 -1
vn 0 0 -1
vn 0 0 -1
vn 0 0 -1
vn 0 0 -1
vn 0 0 -1
vn 0 0 -1
vn 0 0 -1
vn 0 0 -1
vn 0 0 -1
vn 0 0 -1
vn 0 0 -1
vn 0 0 -1
vn 0 0 -1
vn 0 0 -1
vn 0 0 -1
vn 0 0 -1
vn 0 0 -1
vn 0 0 -1
vn 0 0 -1
vn 0 0 -1
vn 0 0 -1
vn 0 0 -1
vn 0 0 -1
vn 0 0 -1
vn 0 0 -1
vn 0 0 -1
vn 0 0 -1
vn 0 0 -1
vn 0 0 -1
vn 0 0 -1
vn 0 0 -1
vn 0 0 -1
vn 0 0 -1
vn 0 0 -1
vn 0 0 -1
vn 0 0 -1
vn 0 0 -1
vn 0 0 -1
vn 0 0 -1
vn 0 0 -1
vn 0 0 -1
vn 0 0 -1
vn 0 0 -1
vn 0 0 -1
vn 0 0 -1
vn 0 0 -1
vn 0 0 -1
vn 0 0 -1
vn 0 0 -1
vn 0 0 -1
vn 0 0 -1
vn 0 0 -1
vn 0 0 -1
vn 0 0 -1
vn 0 0 -1
vn 0 0 -1
vn 0 0 -1
vn 0 0 -1
vn 0 0 -1
vn 0 0 -1
vn 0 0 -1
vn 0 0 -1
vn 0 0 -1
vn 0 0 -1
vn 0 0 -1
vn 0 0 -1
vn 0 0 -1
vn 0 0 -1
vn 0 0 -1
vn 0 0 -1
vn 0 0 -1
vn 0 0 -1
vn 0 0 -1
vn 0 0 -1
vn 0 0 -1
vn 0 0 -1
vn 0 0 -1
vn 0 0 -1
vn 0 0 -1
vn 0 0 -1
vn 0 0 -1
vn 0 0 -1
vn 0 0 -1
vn 0 0 -1
vn 0 0 -1
vn 0 0 -1
vn 0 0 -1
vn 0 0 -1
vn 0 0 -1
vn 0 0 -1
vn 0 0 -1
vn 0 0 -1
vn 0 0 -1
vn 0 0 -1
vn 0 0 -1
vn 0 0 -1
vn 0 0 -1
vn 0 0 -1
vn 0 0 -1
vn 0 0 -1
vn 0 0 -1
vn 0 0 -1
vn 0 0 -1
vn 0 0 -1
vn 0 0 -1
vn 0 0 -1
vn 0 0 -1
vn 0 0 -1
vn 0 0 -1
vn 0 0 -1
vn 0 0 -1
vn 0 0 -1
vn 0 0 -1
vn 0 0 -1
vn 0 0 -1
vn 0 0 -1
vn 0 0 -1
vn 0 0 -1
vn 0 0 -1
vn 0 0 -1
vn 0 0 -1
vn 0 0 -1
vn 0 0 -1
vn 0 0 -1
vn 0 0 -1
vn 0 0 -1
vn 0 0 -1
vn 0 0 -1
vn 0 0 -1
vn 0 0 -1
vn 0 0 -1
vn 0 0 -1
vn 0 0 -1
vn 0 0 -1
vn 0 0 -1
vn 0 0 -1
vn 0 0 -1
vn 0 0 -1
vn 0 0 -1
vn 0 0 -1
vn 0 0 -1
vn 0 0 -1
vn 0 0 -1
vn 0 0 -1
vn 0 0 -1
vn 0 0 -1
vn 0 0 -1
vn 0 0 -1
vn 0 0 -1
vn 0 0 -1
vn 0 0 -1
vn 0 0 -1
vn 0 0 -1
vn 0 0 -1
vn 0 0 -1
vn 0 0 -1
vn 0 0 -1
vn 0 0 -1
vn 0 0 -1
vn 0 0 -1
vn 0 0 -1
vn 0 0 -1
vn 0 0 -1
vn 0 0 -1
vn 0 0 -1
vn 0 0 -1
vn 0 0 -1
vn 0 0 -1
vn 0 0 -1
vn 0 0 -1
vn 0 0 -1
vn 0 0 -1
vn 0 0 -1
vn 0 0 -1
vn 0 0 -1
vn 0 0 -1
vn 0 0 -1
vn 0 0 -1
vn 0 0 -1
vn 0 0 -1
vn 0 0 -1
vn 0 0 -1
vn 0 0 -1
vn 0 0 -1
vn 0 0 -1
vn 0 0 -1
vn 0 0 -1
vn 0 0 -1
vn 0 0 -1
vn 0 0 -1
vn 0 0 -1
vn 0 0 -1
vn 0 0 -1
vn 0 0 -1
vn 0 0 -1
vn 0 0 -1
vn 0 0 -1
vn 0 0 -1
vn 0 0 -1
vn 0 0 -1
vn 0 0 -1
vn 0 0 -1
vn 0 0 -1
vn 0 0 -1
vn 0 0 -1
vn 0 0 -1
vn 0 0 -1
vn 0 0 -1
vn 0 0 -1
vn 0 0 -1
vn 0 0 -1
vn 0 0 -1
vn 0 0 -1
vn 0 0 -1
vn 0 0 -1
vn 0 0 -1
vn 0 0 -1
vn 0 0 -1
vn 0 0 -1
vn 0 0 -1
vn 0 0 -1
vn 0 0 -1
vn 0 0 -1
vn 0 0 -1
vn 0 0 -1
vn 0 0 -1
vn 0 0 -1
vn 0 0 -1
vn 0 0 -1
vn 0 0 -1
vn 0 0 -1
vn 0 0 -1
vn 0 0 -1
vn 0 0 -1
vn 0 0 -1
vn 0 0 -1
vn 0 0 -1
vn 0 0 -1
vn 0 0 -1
vn 0 0 -1
vn 0 0 -1
vn 0 0 -1
vn 0 0 -1
vn 0 0 -1
vn 0 0 -1
vn 0 0 -1
vn 0 0 -1
vn 0 0 -1
vn 0 0 -1
vn 0 0 -1
vn 0 0 -1
vn 0 0 -1
vn 0 0 -1
vn 0 0 -1
vn 0 0 -1
vn 0 0 -1
vn 0 0 -1
vn 0 0 -1
vn 0 0 -1
vn 0 0 -1
vn 0 0 -1
vn 0 0 -1
vn 0 0 -1
vn 0 0 -1
vn 0 0 -1
vn 0 0 -1
vn 0 0 -1
vn 0 0 -1
vn 0 0 -1
vn 0 0 -1
vn 0 0 -1
vn 0 0 -1
vn 0 0 -1
vn 0 0 -1
vn 0 0 -1
vn 0 0 -1
vn 0 0 -1
vn 0 0 -1
vn 0 0 -1
vn 0 0 -1
vn 0 0 -1
vn 0 0 -1
vn 0 0 -1
vn 0 0 -1
vn 0 0 -1
vn 0 0 -1
vn 0 0 -1
vn 0 0 -1
vn 0 0 -1
vn 0 0 -1
vn 0 0 -1
vn 0 0 -1
vn 0 0 -1
vn 0 0 -1
vn 0 0 -1
vn 0 0 -1
vn 0 0 -1
vn 0 0 -1
vn 0 0 -1
vn 0 0 -1
vn 0 0 -1
vn 0 0 -1
vn 0 0 -1
vn 0 0 -1
vn 0 0 -1
vn 0 0 -1
vn 0 0 -1
vn 0 0 -1
vn 0 0 -1
vn 0 0 -1
vn 0 0 -1
vn 0 0 -1
vn 0 0 -1
vn 0 0 -1
vn 0 0 -1
vn 0 0 -1
vn 0 0 -1
vn 0 0 -1
vn 0 0 -1
vn 0 0 -1
vn 0 0 -1
vn 0 0 -1
vn 0 0 -1
vn 0 0 -1
vn 0 0 -1
vn 0 0 -1
vn 0 0 -1
vn 0 0 -1
vn 0 0 -1
vn 0 0 -1
vn 0 0 -1
vn 0 0 -1
vn 0 0 -1
vn 0 0 -1
vn 0 0 -1
vn 0 0 -1
vn 0 0 -1
vn 0 0 -1
vn 0 0 -1
vn 0 0 -1
vn 0 0 -1
vn 0 0 -1
vn 0 0 -1
vn 0 0 -1
vn 0 0 -1
vn 0 0 -1
vn 0 0 -1
vn 0 0 -1
vn 0 0 -1
vn 0 0 -1
vn 0 0 -1
vn 0 0 -1
vn 0 0 -1
vn 0 0 -1
vn 0 0 -1
vn 0 0 -1
vn 0 0 -1
vn 0 0 -1
vn 0 0 -1
vn 0 0 -1
vn 0 0 -1
vn 0 0 -1
vn 0 0 -1
vn 0 0 -1
vn 0 0 -1
vn 0 0 -1
vn 0 0 -1
vn 0 0 -1
vn 0 0 -1
vn 0 0 -1
vn 0 0 -1
vn 0 0 -1
vn 0 0 -1
vn 0 0 -1
vn 0 0 -1
vn 0 0 -1
vn 0 0 -1
vn 0 0 -1
vn 0 0 -1
vn 0 0 -1
vn 0 0 -1
vn 0 0 -1
vn 0 0 -1
vn 0 0 -1
vn 0 0 -1
vn 0 0 -1
vn 0 0 -1
vn 0 0 -1
vn 0 0 -1
vn 0 0 -1
vn 0 0 -1
vn 0 0 -1
vn 0 0 -1
vn 0 0 -1
vn 0 0 -1
vn 0 0 -1
vn 0 0 -1
vn 0 0 -1
vn 0 0 -1
vn 0 0 -1
vn 0 0 -1
vn 0 0 -1
vn 0 0 -1
vn 0 0 -1
vn 0 0 -1
vn 0 0 -1
vn 0 0 -1
vn 0 0 -1
vn 0 0 -1
vn 0 0 -1
vn 0 0 -1
vn 0 0 -1
vn 0 0 -1
vn 0 0 -1
vn 0 0 -1
vn 0 0 -1
vn 0 0 -1
vn 0 0 -1
vn 0 0 -1
vn 0 0 -1
vn 0 0 -1
vn 0 0 -1
vn 0 0 -1
vn 0 0 -1
vn 0 0 -1
vn 0 0 -1
vn 0 0 -1
vn 0 0 -1
vn 0 0 -1
vn 0 0 -1
vn 0 0 -1
vn 0 0 -1
vn 0 0 -1
vn 0 0 -1
vn 0 0 -1
vn 0 0 -1
vn 0 0 -1
vn 0 0 -1
vn 0 0 -1
vn 0 0 -1
vn 0 0 -1
vn 0 0 -1
vn 0 0 -1
vn 0 0 -1
vn 0 0 -1
vn 0 0 -1
vn 0 0 -1
vn 0 0 -1
vn 0 0 -1
vn 0 0 -1
vn 0 0 -1
vn 0 0 -1
vn 0 0 -1
vn 0 0 -1
vn 0 0 -1
vn 0 0 -1
vn 0 0 -1
vn 0 0 -1
vn 0 0 -1
vn 0 0 -1
vn 0 0 -1
vn 0 0 -1
vn 0 0 -1
vn 0 0 -1
vn 0 0 -1
vn 0 0 -1
vn 0 0 -1
vn 0 0 -1
vn 0 0 -1
vn 0 0 -1
vn 0 0 -1
vn 0 0 -1
vn 0 0 -1
vn 0 0 -1
vn 0 0 -1
vn 0 0 -1
vn 0 0 -1
vn 0 0 -1
vn 0 0 -1
vn 0 0 -1
vn 0 0 -1
vn 0 0 -1
vn 0 0 -1
vn 0 0 -1
vn 0 0 -1
vn 0 0 -1
vn 0 0 -1
vn 0 0 -1
vn 0 0 -1
vn 0 0 -1
vn 0 0 -1
vn 0 0 -1
vn 0 0 -1
vn 0 0 -1
vn 0 0 -1
vn 0 0 -1
vn 0 0 -1
vn 0 0 -1
vn 0 0 -1
vn 0 0 -1
vn 0 0 -1
vn 0 0 -1
vn 0 0 -1
vn 0 0 -1
vn 0 0 -1
vn 0 0 -1
vn 0 0 -1
vn 0 0 -1
vn 0 0 -1
vn 0 0 -1
vn 0 0 -1
vn 0 0 -1
vn 0 0 -1
vn 0 0 -1
vn 0 0 -1
vn 0 0 -1
vn 0 0 -1
vn 0 0 -1
vn 0 0 -1
vn 0 0 -1
vn 0 0 -1
vn 0 0 -1
vn 0 0 -1
vn 0 0 -1
vn 0 0 -1
vn 0 0 -1
vn 0 0 -1
vn 0 0 -1
vn 0 0 -1
vn 0 0 -1
vn 0 0 -1
vn 0 0 -1
vn 0 0 -1
vn 0 0 -1
vn 0 0 -1
vn 0 0 -1
vn 0 0 -1
vn 0 0 -1
vn 0 0 -1
vn 0 0 -1
vn 0 0 -1
vn 0 0 -1
vn 0 0 -1
vn 0 0 -1
vn 0 0 -1
vn 0 0 -1
vn 0 0 -1
vn 0 0 -1
vn 0 0 -1
vn 0 0 -1
vn 0 0 -1
vn 0 0 -1
vn 0 0 -1
vn 0 0 -1
vn 0 0 -1
vn 0 0 -1
vn 0 0 -1
vn 0 0 -1
vn 0 0 -1
vn 0 0 -1
vn 0 0 -1
vn 0 0 -1
vn 0 0 -1
vn 0 0 -1
vn 0 0 -1
vn 0 0 -1
vn 0 0 -1
vn 0 0 -1
vn 0 0 -1
vn 0 0 -1
vn 0 0 -1
vn 0 0 -1
vn 0 0 -1
vn 0 0 -1
vn 0 0 -1
vn 0 0 -1
vn 0 0 -1
vn 0 0 -1
vn 0 0 -1
vn 0 0 -1
vn 0 0 -1
vn 0 0 -1
vn 0 0 -1
vn 0 0 -1
vn 0 0 -1
vn 0 0 -1
vn 0 0 -1
vn 0 0 -1
vn 0 0 -1
vn 0 0 -1
vn 0 0 -1
vn 0 0 -1
vn 0 0 -1
vn 0 0 -1
vn 0 0 -1
vn 0 0 -1
vn 0 0 -1
vn 0 0 -1
vn 0 0 -1
vn 0 0 -1
vn 0 0 -1
vn 0 0 -1
vn 0 0 -1
vn 0 0 -1
vn 0 0 -1
vn 0 0 -1
vn 0 0 -1
vn 0 0 -1
vn 0 0 -1
vn 0 0 -1
vn 0 0 -1
vn 0 0 -1
vn 0 0 -1
vn 0 0 -1
vn 0 0 -1
vn 0 0 -1
vn 0 0 -1
vn 0 0 -1
vn 0 0 -1
vn 0 0 -1
vn 0 0 -1
vn 0 0 -1
vn 0 0 -1
vn 0 0 -1
vn 0 0 -1
vn 0 0 -1
vn 0 0 -1
vn 0 0 -1
vn 0 0 -1
vn 0 0 -1
vn 0 0 -1
vn 0 0 -1
vn 0 0 -1
vn 0 0 -1
vn 0 0 -1
vn 0 0 -1
vn 0 0 -1
vn 0 0 -1
vn 0 0 -1
vn 0 0 -1
vn 0 0 -1
vn 0 0 -1
vn 0 0 -1
vn 0 0 -1
vn 0 0 -1
vn 0 0 -1
vn 0 0 -1
vn 0 0 -1
vn 0 0 -1
vn 0 0 -1
vn 0 0 -1
vn 0 0 -1
vn 0 0 -1
vn 0 0 -1
vn 0 0 -1
vn 0 0 -1
vn 0 0 -1
vn 0 0 -1
vn 0 0 -1
vn 0 0 -1
vn 0 0 -1
vn 0 0 -1
vn 0 0 -1
vn 0 0 -1
vn 0 0 -1
vn 0 0 -1
vn 0 0 -1
vn 0 0 -1
vn 0 0 -1
vn 0 0 -1
vn 0 0 -1
vn 0 0 -1
vn 0 0 -1
vn 0 0 -1
vn 0 0 -1
vn 0 0 -1
vn 0 0 -1
vn 0 0 -1
vn 0 0 -1
vn 0 0 -1
vn 0 0 -1
vn 0 0 -1
vn 0 0 -1
vn 0 0 -1
vn 0 0 -1
vn 0 0 -1
vn 0 0 -1
vn 0 0 -1
vn 0 0 -1
vn 0 0 -1
vn 0 0 -1
vn 0 0 -1
vn 0 0 -1
vn 0 0 -1
vn 0 0 -1
vn 0 0 -1
vn 0 0 -1
vn 0 0 -1
vn 0 0 -1
vn 0 0 -1
vn 0 0 -1
vn 0 0 -1
vn 0 0 -1
vn 0 0 -1
vn 0 0 -1
vn 0 0 -1
vn 0 0 -1
vn 0 0 -1
vn 0 0 -1
vn 0 0 -1
vn 0 0 -1
vn 0 0 -1
vn 0 0 -1
vn 0 0 -1
vn 0 0 -1
vn 0 0 -1
vn 0 0 -1
vn 0 0 -1
vn 0 0 -1
vn 0 0 -1
vn 0 0 -1
vn 0 0 -1
vn 0 0 -1
vn 0 0 -1
vn 0 0 -1
vn 0 0 -1
vn 0 0 -1
vn 0 0 -1
vn 0 0 -1
vn 0 0 -1
vn 0 0 -1
vn 0 0 -1
vn 0 0 -1
vn 0 0 -1
vn 0 0 -1
vn 0 0 -1
vn 0 0 -1
vn 0 0 -1
vn 0 0 -1
vn 0 0 -1
vn 0 0 -1
vn 0 0 -1
vn 0 0 -1
vn 0 0 -1
vn 0 0 -1
vn 0 0 -1
vn 0 0 -1
vn 0 0 -1
vn 0 0 -1
vn 0 0 -1
vn 0 0 -1
vn 0 0 -1
vn 0 0 -1
vn 0 0 -1
vn 0 0 -1
vn 0 0 -1
vn 0 0 -1
vn 0 0 -1
vn 0 0 -1
vn 0 0 -1
vn 0 0 -1
vn 0 0 -1
vn 0 0 -1
vn 0 0 -1
vn 0 0 -1
vn 0 0 -1
vn 0 0 -1
vn 0 0 -1
vn 0 0 -1
vn 0 0 -1
vn 0 0 -1
vn 0 0 -1
vn 0 0 -1
vn 0 0 -1
vn 0 0 -1
vn 0 0 -1
vn 0 0 -1
vn 0 0 -1
vn 0 0 -1
vn 0 0 -1
vn 0 0 -1
vn 0 0 -1
vn 0 0 -1
vn 0 0 -1
vn 0 0 -1
vn 0 0 -1
vn 0 0 -1
vn 0 0 -1
vn 0 0 -1
vn 0 0 -1
vn 0 0 -1
vn 0 0 -1
vn 0 0 -1
vn 0 0 -1
vn 0 0 -1
vn 0 0 -1
vn 0 0 -1
vn 0 0 -1
vn 0 0 -1
vn 0 0 -1
vn 0 0 -1
vn 0 0 -1
vn 0 0 -1
vn 0 0 -1
vn 0 0 -1
vn 0 0 -1
vn 0 0 -1
vn 0 0 -1
vn 0 0 -1
vn 0 0 -1
vn 0 0 -1
vn 0 0 -1
vn 0 0 -1
vn 0 0 -1
vn 0 0 -1
vn 0 0 -1
vn 0 0 -1
vn 0 0 -1
vn 0 0 -1
vn 0 0 -1
vn 0 0 -1
vn 0 0 -1
vn 0 0 -1
vn 0 0 -1
vn 0 0 -1
vn 0 0 -1
vn 0 0 -1
vn 0 0 -1
vn 0 0 -1
vn 0 0 -1
vn 0 0 -1
vn 0 0 -1
vn 0 0 -1
vn 0 0 -1
vn 0 0 -1
vn 0 0 -1
vn 0 0 -1
vn 0 0 -1
vn 0 0 -1
vn 0 0 -1
vn 0 0 -1
vn 0 0 -1
vn 0 0 -1
vn 0 0 -1
vn 0 0 -1
vn 0 0 -1
vn 0 0 -1
vn 0 0 -1
vn 0 0 -1
vn 0 0 -1
vn 0 0 -1
vn 0 0 -1
vn 0 0 -1
vn 0 0 -1
vn 0 0 -1
vn 0 0 -1
vn 0 0 -1
vn 0 0 -1
vn 0 0 -1
vn 0 0 -1
vn 0 0 -1
vn 0 0 -1
vn 0 0 -1
vn 0 0 -1
vn 0 0 -1
vn 0 0 -1
vn 0 0 -1
vn 0 0 -1
vn 0 0 -1
vn 0 0 -1
vn 0 0 -1
vn 0 0 -1
vn 0 0 -1
vn 0 0 -1
vn 0 0 -1
vn 0 0 -1
vn 0 0 -1
vn 0 0 -1
vn 0 0 -1
vn 0 0 -1
vn 0 0 -1
vn 0 0 -1
vn 0 0 -1
vn 0 0 -1
vn 0 0 -1
vn 0 0 -1
vn 0 0 -1
vn 0 0 -1
vn 0 0 -1
vn 0 0 -1
vn 0 0 -1
vn 0 0 -1
vn 0 0 -1
vn 0 0 -1
vn 0 0 -1
vn 0 0 -1
vn 0 0 -1
vn 0 0 -1
vn 0 0 -1
vn 0 0 -1
vn 0 0 -1
vn 0 0 -1
vn 0 0 -1
vn 0 0 -1
vn 0 0 -1
vn 0 0 -1
vn 0 0 -1
vn 0 0 -1
vn 0 0 -1
vn 0 0 -1
vn 0 0 -1
vn 0 0 -1
vn 0 0 -1
vn 0 0 -1
vn 0 0 -1
vn 0 0 -1
vn 0 0 -1
vn 0 0 -1
vn 0 0 -1
vn 0 0 -1
vn 0 0 -1
vn 0 0 -1
vn 0 0 -1
vn 0 0 -1
vn 0 0 -1
vn 0 0 -1
vn 0 0 -1
vn 0 0 -1
vn 0 0 -1
vn 0 0 -1
vn 0 0 -1
vn 0 0 -1
vn 0 0 -1
vn 0 0 -1
vn 0 0 -1
vn 0 0 -1
vn 0 0 -1
vn 0 0 -1
vn 0 0 -1
vn 0 0 -1
vn 0 0 -1
vn 0 0 -1
vn 0 0 -1
vn 0 0 -1
vn 0 0 -1
vn 0 0 -1
vn 0 0 -1
vn 0 0 -1
vn 0 0 -1
vn 0 0 -1
vn 0 0 -1
vn 0 0 -1
vn 0 0 -1
vn 0 0 -1
vn 0 0 -1
vn 0 0 -1
vn 0 0 -1
vn 0 0 -1
vn 0 0 -1
vn 0 0 -1
vn 0 0 -1
vn 0 0 -1
vn 0 0 -1
vn 0 0 -1
vn 0 0 -1
vn 0 0 -1
vn 0 0 -1
vn 0 0 -1
vn 0 0 -1
vn 0 0 -1
vn 0 0 -1
vn 0 0 -1
vn 0 0 -1
vn 0 0 -1
vn 0 0 -1
vn 0 0 -1
vn 0 0 -1
vn 0 0 -1
vn 0 0 -1
vn 0 0 -1
vn 0 0 -1
vn 0 0 -1
vn 0 0 -1
vn 0 0 -1
vn 0 0 -1
vn 0 0 -1
vn 0 0 -1
vn 0 0 -1
vn 0 0 -1
vn 0 0 -1
vn 0 0 -1
vn 0 0 -1
vn 0 0 -1
vn 0 0 -1
vn 0 0 -1
vn 0 0 -1
vn 0 0 -1
vn 0 0 -1
vn 0 0 -1
vn 0 0 -1
vn 0 0 -1
vn 0 0 -1
vn 0 0 -1
vn 0 0 -1
vn 0 0 -1
vn 0 0 -1
vn 0 0 -1
vn 0 0 -1
vn 0 0 -1
vn 0 0 -1
vn 0 0 -1
vn 0 0 -1
vn 0 0 -1
vn 0 0 -1
vn 0 0 -1
vn 0 0 -1
vn 0 0 -1
vn 0 0 -1
vn 0 0 -1
vn 0 0 -1
vn 0 0 -1
vn 0 0 -1
vn 0 0 -1
vn 0 0 -1
vn 0 0 -1
vn 0 0 -1
vn 0 0 -1
vn 0 0 -1
vn 0 0 -1
vn 0 0 -1
vn 0 0 -1
vn 0 0 -1
vn 0 0 -1
vn 0 0 -1
vn 0 0 -1
vn 0 0 -1
vn 0 0 -1
vn 0 0 -1
vn 0 0 -1
vn 0 0 -1
vn 0 0 -1
vn 0 0 -1
vn 0 0 -1
vn 0 0 -1
vn 0 0 -1
vn 0 0 -1
vn 0 0 -1
vn 0 0 -1
vn 0 0 -1
vn 0 0 -1
vn 0 0 -1
vn 0 0 -1
vn 0 0 -1
vn 0 0 -1
vn 0 0 -1
vn 0 0 -1
vn 0 0 -1
vn 0 0 -1
vn 0 0 -1
vn 0 0 -1
vn 0 0 -1
vn 0 0 -1
vn 0 0 -1
vn 0 0 -1
vn 0 0 -1
vn 0 0 -1
vn 0 0 -1
vn 0 0 -1
vn 0 0 -1
vn 0 0 -1
vn 0 0 -1
vn 0 0 -1
vn 0 0 -1
vn 0 0 -1
vn 0 0 -1
vn 0 0 -1
vn 0 0 -1
vn 0 0 -1
vn 0 0 -1
vn 0 0 -1
vn 0 0 -1
vn 0 0 -1
vn 0 0 -1
vn 0 0 -1
vn 0 0 -1
vn 0 0 -1
vn 0 0 -1
vn 0 0 -1
vn 0 0 -1
vn 0 0 -1
vn 0 0 -1
vn 0 0 -1
vn 0 0 -1
vn 0 0 -1
vn 0 0 -1
vn 0 0 -1
vn 0 0 -1
vn 0 0 -1
vn 0 0 -1
vn 0 0 -1
vn 0 0 -1
vn 0 0 -1
vn 0 0 -1
vn 0 0 -1
vn 0 0 -1
vn 0 0 -1
vn 0 0 -1
vn 0 0 -1
vn 0 0 -1
vn 0 0 -1
vn 0 0 -1
vn 0 0 -1
vn 0 0 -1
vn 0 0 -1
vn 0 0 -1
vn 0 0 -1
vn 0 0 -1
vn 0 0 -1
vn 0 0 -1
vn 0 0 -1
vn 0 0 -1
vn 0 0 -1
vn 0 0 -1
vn 0 0 -1
vn 0 0 -1
vn 0 0 -1
vn 0 0 -1
vn 0 0 -1
vn 0 0 -1
vn 0 0 -1
vn 0 0 -1
vn 0 0 -1
vn 0 0 -1
vn 0 0 -1
vn 0 0 -1
vn 0 0 -1
vn 0 0 -1
vn 0 0 -1
vn 0 0 -1
vn 0 0 -1
vn 0 0 -1
vn 0 0 -1
vn 0 0 -1
vn 0 0 -1
vn 0 0 -1
vn 0 0 -1
vn 0 0 -1
vn 0 0 -1
vn 0 0 -1
vn 0 0 -1
vn 0 0 -1
vn 0 0 -1
vn 0 0 -1
vn 0 0 -1
vn 0 0 -1
vn 0 0 -1
vn 0 0 -1
vn 0 0 -1
vn 0 0 -1
vn 0 0 -1
vn 0 0 -1
vn 0 0 -1
vn 0 0 -1
vn 0 0 -1
vn 0 0 -1
vn 0 0 -1
vn 0 0 -1
vn 0 0 -1
vn 0 0 -1
vn 0 0 -1
vn 0 0 -1
vn 0 0 -1
vn 0 0 -1
vn 0 0 -1
vn 0 0 -1
vn 0 0 -1
vn 0 0 -1
vn 0 0 -1
vn 0 0 -1
vn 0 0 -1
vn 0 0 -1
vn 0 0 -1
vn 0 0 -1
vn 0 0 -1
vn 0 0 -1
vn 0 0 -1
vn 0 0 -1
vn 0 0 -1
vn 0 0 -1
vn 0 0 -1
vn 0 0 -1
vn 0 0 -1
vn 0 0 -1
vn 0 0 -1
vn 0 0 -1
vn 0 0 -1
vn 0 0 -1
vn 0 0 -1
vn 0 0 -1
vn 0 0 -1
vn 0 0 -1
vn 0 0 -1
vn 0 0 -1
vn 0 0 -1
vn 0 0 -1
vn 0 0 -1
vn 0 0 -1
vn 0 0 -1
vn 0 0 -1
vn 0 0 -1
vn 0 0 -1
vn 0 0 -1
vn 0 0 -1
vn 0 0 -1
vn 0 0 -1
vn 0 0 -1
vn 0 0 -1
vn 0 0 -1
vn 0 0 -1
vn 0 0 -1
vn 0 0 -1
vn 0 0 -1
vn 0 0 -1
vn 0 0 -1
vn 0 0 -1
vn 0 0 -1
vn 0 0 -1
vn 0 0 -1
vn 0 0 -1
vn 0 0 -1
vn 0 0 -1
vn 0 0 -1
vn 0 0 -1
vn 0 0 -1
vn 0 0 -1
vn 0 0 -1
vn 0 0 -1
vn 0 0 -1
vn 0 0 -1
vn 0 0 -1
vn 0 0 -1
vn 0 0 -1
vn 0 0 -1
vn 0 0 -1
vn 0 0 -1
vn 0 0 -1
vn 0 0 -1
vn 0 0 -1
vn 0 0 -1
vn 0 0 -1
vn 0 0 -1
vn 0 0 -1
vn 0 0 -1
vn 0 0 -1
vn 0 0 -1
vn 0 0 -1
vn 0 0 -1
vn 0 0 -1
vn 0 0 -1
vn 0 0 -1
vn 0 0 -1
vn 0 0 -1
vn 0 0 -1
vn 0 0 -1
vn 0 0 -1
vn 0 0 -1
vn 0 0 -1
vn 0 0 -1
vn 0 0 -1
vn 0 0 -1
vn 0 0 -1
vn 0 0 -1
vn 0 0 -1
vn 0 0 -1
vn 0 0 -1
vn 0 0 -1
vn 0 0 -1
vn 0 0 -1
vn 0 0 -1
vn 0 0 -1
vn 0 0 -1
vn 0 0 -1
vn 0 0 -1
vn 0 0 -1
vn 0 0 -1
vn 0 0 -1
vn 0 0 -1
vn 0 0 -1
vn 0 0 -1
vn 0 0 -1
vn 0 0 -1
vn 0 0 -1
vn 0 0 -1
vn 0 0 -1
vn 0 0 -1
vn 0 0 -1
vn 0 0 -1
vn 0 0 -1
vn 0 0 -1
vn 0 0 -1
vn 0 0 -1
vn 0 0 -1
vn 0 0 -1
vn 0 0 -1
vn 0 0 -1
vn 0 0 -1
vn 0 0 -1
vn 0 0 -1
vn 0 0 -1
vn 0 0 -1
vn 0 0 -1
vn 0 0 -1
vn 0 0 -1
vn 0 0 -1
vn 0 0 -1
vn 0 0 -1
vn 0 0 -1
vn 0 0 -1
vn 0 0 -1
vn 0 0 -1
vn 0 0 -1
vn 0 0 -1
vn 0 0 -1
vn 0 0 -1
vn 0 0 -1
vn 0 0 -1
vn 0 0 -1
vn 0 0 -1
vn 0 0 -1
vn 0 0 -1
vn 0 0 -1
vn 0 0 -1
vn 0 0 -1
vn 0 0 -1
vn 0 0 -1
vn 0 0 -1
vn 0 0 -1
vn 0 0 -1
vn 0 0 -1
vn 0 0 -1
vn 0 0 -1
vn 0 0 -1
vn 0 0 -1
vn 0 0 -1
vn 0 0 -1
vn 0 0 -1
vn 0 0 -1
vn 0 0 -1
vn 0 0 -1
vn 0 0 -1
vn 0 0 -1
vn 0 0 -1
vn 0 0 -1
vn 0 0 -1
vn 0 0 -1
vn 0 0 -1
vn 0 0 -1
vn 0 0 -1
vn 0 0 -1
vn 0 0 -1
vn 0 0 -1
vn 0 0 -1
vn 0 0 -1
vn 0 0 -1
vn 0 0 -1
vn 0 0 -1
vn 0 0 -1
vn 0 0 -1
vn 0 0 -1
vn 0 0 -1
vn 0 0 -1
vn 0 0 -1
vn 0 0 -1
vn 0 0 -1
vn 0 0 -1
vn 0 0 -1
vn 0 0 -1
vn 0 0 -1
vn 0 0 -1
vn 0 0 -1
vn 0 0 -1
vn 0 0 -1
vn 0 0 -1
vn 0 0 -1
vn 0 0 -1
vn 0 0 -1
vn 0 0 -1
vn 0 0 -1
vn 0 0 -1
vn 0 0 -1
vn 0 0 -1
vn 0 0 -1
vn 0 0 -1
vn 0 0 -1
vn 0 0 -1
vn 0 0 -1
vn 0 0 -1
vn 0 0 -1
vn 0 0 -1
vn 0 0 -1
vn 0 0 -1
vn 0 0 -1
vn 0 0 -1
vn 0 0 -1
vn 0 0 -1
vn 0 0 -1
vn 0 0 -1
vn 0 0 -1
vn 0 0 -1
vn 0 0 -1
vn 0 0 -1
vn 0 0 -1
vn 0 0 -1
vn 0 0 -1
vn 0 0 -1
vn 0 0 -1
vn 0 0 -1
vn 0 0 -1
vn 0 0 -1
vn 0 0 -1
vn 0 0 -1
vn 0 0 -1
vn 0 0 -1
vn 0 0 -1
vn 0 0 -1
vn 0 0 -1
vn 0 0 -1
vn 0 0 -1
vn 0 0 -1
vn 0 0 -1
vn 0 0 -1
vn 0 0 -1
vn 0 0 -1
vn 0 0 -1
vn 0 0 -1
vn 0 0 -1
vn 0 0 -1
vn 0 0 -1
vn 0 0 -1
vn 0 0 -1
vn 0 0 -1
vn 0 0 -1
vn 0 0 -1
vn 0 0 -1
vn 0 0 -1
vn 0 0 -1
vn 0 0 -1
vn 0 0 -1
vn 0 0 -1
vn 0 0 -1
vn 0 0 -1
vn 0 0 -1
vn 0 0 -1
vn 0 0 -1
vn 0 0 -1
vn 0 0 -1
vn 0 0 -1
vn 0 0 -1
vn 0 0 -1
vn 0 0 -1
vn 0 0 -1
vn 0 0 -1
vn 0 0 -1
vn 0 0 -1
vn 0 0 -1
vn 0 0 -1
vn 0 0 -1
vn 0 0 -1
vn 0 0 -1
vn 0 0 -1
vn 0 0 -1
vn 0 0 -1
vn 0 0 -1
vn 0 0 -1
vn 0 0 -1
vn 0 0 -1
vn 0 0 -1
vn 0 0 -1
vn 0 0 -1
vn 0 0 -1
vn 0 0 -1
vn 0 0 -1
vn 0 0 -1
vn 0 0 -1
vn 0 0 -1
vn 0 0 -1
vn 0 0 -1
vn 0 0 -1
vn 0 0 -1
vn 0 0 -1
vn 0 0 -1
vn 0 0 -1
vn 0 0 -1
vn 0 0 -1
vn 0 0 -1
vn 0 0 -1
vn 0 0 -1
vn 0 0 -1
vn 0 0 -1
vn 0 0 -1
vn 0 0 -1
vn 0 0 -1
vn 0 0 -1
vn 0 0 -1
vn 0 0 -1
vn 0 0 -1
vn 0 0 -1
vn 0 0 -1
vn 0 0 -1
vn 0 0 -1
vn 0 0 -1
vn 0 0 -1
vn 0 0 -1
vn 0 0 -1
vn 0 0 -1
vn 0 0 -1
vn 0 0 -1
vn 0 0 -1
vn 0 0 -1
vn 0 0 -1
vn 0 0 -1
vn 0 0 -1
vn 0 0 -1
vn 0 0 -1
vn 0 0 -1
vn 0 0 -1
vn 0 0 -1
vn 0 0 -1
vn 0 0 -1
vn 0 0 -1
vn 0 0 -1
vn 0 0 -1
vn 0 0 -1
vn 0 0 -1
vn 0 0 -1
vn 0 0 -1
vn 0 0 -1
vn 0 0 -1
vn 0 0 -1
vn 0 0 -1
vn 0 0 -1
vn 0 0 -1
vn 0 0 -1
vn 0 0 -1
vn 0 0 -1
vn 0 0 -1
vn 0 0 -1
vn 0 0 -1
vn 0 0 -1
vn 0 0 -1
vn 0 0 -1
vn 0 0 -1
vn 0 0 -1
vn 0 0 -1
vn 0 0 -1
vn 0 0 -1
vn 0 0 -1
vn 0 0 -1
vn 0 0 -1
vn 0 0 -1
vn 0 0 -1
vn 0 0 -1
vn 0 0 -1
vn 0 0 -1
vn 0 0 -1
vn 0 0 -1
vn 0 0 -1
vn 0 0 -1
vn 0 0 -1
vn 0 0 -1
vn 0 0 -1
vn 0 0 -1
vn 0 0 -1
vn 0 0 -1
vn 0 0 -1
vn 0 0 -1
vn 0 0 -1
vn 0 0 -1
vn 0 0 -1
vn 0 0 -1
vn 0 0 -1
vn 0 0 -1
vn 0 0 -1
vn 0 0 -1
vn 0 0 -1
vn 0 0 -1
vn 0 0 -1
vn 0 0 -1
vn 0 0 -1
vn 0 0 -1
vn 0 0 -1
vn 0 0 -1
vn 0 0 -1
vn 0 0 -1
vn 0 0 -1
vn 0 0 -1
vn 0 0 -1
vn 0 0 -1
vn 0 0 -1
vn 0 0 -1
vn 0 0 -1
vn 0 0 -1
vn 0 0 -1
vn 0 0 -1
vn 0 0 -1
vn 0 0 -1
vn 0 0 -1
vn 0 0 -1
vn 0 0 -1
vn 0 0 -1
vn 0 0 -1
vn 0 0 -1
vn 0 0 -1
vn 0 0 -1
vn 0 0 -1
vn 0 0 -1
vn 0 0 -1
vn 0 0 -1
vn 0 0 -1
vn 0 0 -1
vn 0 0 -1
vn 0 0 -1
vn 0 0 -1
vn 0 0 -1
vn 0 0 -1
vn 0 0 -1
vn 0 0 -1
vn 0 0 -1
vn 0 0 -1
vn 0 0 -1
vn 0 0 -1
vn 0 0 -1
vn 0 0 -1
vn 0 0 -1
vn 0 0 -1
vn 0 0 -1
vn 0 0 -1
vn 0 0 -1
vn 0 0 -1
vn 0 0 -1
vn 0 0 -1
vn 0 0 -1
vn 0 0 -1
vn 0 0 -1
vn 0 0 -1
vn 0 0 -1
vn 0 0 -1
vn 0 0 -1
vn 0 0 -1
vn 0 0 -1
vn 0 0 -1
vn 0 0 -1
vn 0 0 -1
vn 0 0 -1
vn 0 0 -1
vn 0 0 -1
vn 0 0 -1
vn 0 0 -1
vn 0 0 -1
vn 0 0 -1
vn 0 0 -1
vn 0 0 -1
vn 0 0 -1
vn 0 0 -1
vn 0 0 -1
vn 0 0 -1
vn 0 0 -1
vn 0 0 -1
vn 0 0 -1
vn 0 0 -1
vn 0 0 -1
vn 0 0 -1
vn 0 0 -1
vn 0 0 -1
vn 0 0 -1
vn 0 0 -1
vn 0 0 -1
vn 0 0 -1
vn 0 0 -1
vn 0 0 -1
vn 0 0 -1
vn 0 0 -1
vn 0 0 -1
vn 0 0 -1
vn 0 0 -1
vn 0 0 -1
vn 0 0 -1
vn 0 0 -1
vn 0 0 -1
vn 0 0 -1
vn 0 0 -1
vn 0 0 -1
vn 0 0 -1
vn 0 0 -1
vn 0 0 -1
vn 0 0 -1
vn 0 0 -1
vn 0 0 -1
vn 0 0 -1
vn 0 0 -1
vn 0 0 -1
vn 0 0 -1
vn 0 0 -1
vn 0 0 -1
vn 0 0 -1
vn 0 0 -1
vn 0 0 -1
vn 0 0 -1
vn 0 0 -1
vn 0 0 -1
vn 0 0 -1
vn 0 0 -1
vn 0 0 -1
vn 0 0 -1
vn 0 0 -1
vn 0 0 -1
vn 0 0 -1
vn 0 0 -1
vn 0 0 -1
vn 0 0 -1
vn 0 0 -1
vn 0 0 -1
vn 0 0 -1
vn 0 0 -1
vn 0 0 -1
vn 0 0 -1
vn 0 0 -1
vn 0 0 -1
vn 0 0 -1
vn 0 0 -1
vn 0 0 -1
vn 0 0 -1
vn 0 0 -1
vn 0 0 -1
vn 0 0 -1
vn 0 0 -1
vn 0 0 -1
vn 0 0 -1
vn 0 0 -1
vn 0 0 -1
vn 0 0 -1
vn 0 0 -1
vn 0 0 -1
vn 0 0 -1
vn 0 0 -1
vn 0 0 -1
vn 0 0 -1
vn 0 0 -1
vn 0 0 -1
vn 0 0 -1
vn 0 0 -1
vn 0 0 -1
vn 0 0 -1
vn 0 0 -1
vn 0 0 -1
vn 0 0 -1
vn 0 0 -1
vn 0 0 -1
vn 0 0 -1
vn 0 0 -1
vn 0 0 -1
vn 0 0 -1
vn 0 0 -1
vn 0 0 -1
vn 0 0 -1
vn 0 0 -1
vn 0 0 -1
vn 0 0 -1
vn 0 0 -1
vn 0 0 -1
vn 0 0 -1
vn 0 0 -1
vn 0 0 -1
vn 0 0 -1
vn 0 0 -1
vn 0 0 -1
vn 0 0 -1
vn 0 0 -1
vn 0 0 -1
vn 0 0 -1
vn 0 0 -1
vn 0 0 -1
vn 0 0 -1
vn 0 0 -1
vn 0 0 -1
vn 0 0 -1
vn 0 0 -1
vn 0 0 -1
vn 0 0 -1
vn 0 0 -1
vn 0 0 -1
vn 0 0 -1
vn 0 0 -1
vn 0 0 -1
vn 0 0 -1
vn 0 0 -1
vn 0 0 -1
vn 0 0 -1
vn 0 0 -1
vn 0 0 -1
vn 0 0 -1
vn 0 0 -1
vn 0 0 -1
vn 0 0 -1
vn 0 0 -1
vn 0 0 -1
vn 0 0 -1
vn 0 0 -1
vn 0 0 -1
vn 0 0 -1
vn 0 0 -1
vn 0 0 -1
vn 0 0 -1
vn 0 0 -1
vn 0 0 -1
vn 0 0 -1
vn 0 0 -1
vn 0 0 -1
vn 0 0 -1
vn 0 0 -1
vn 0 0 -1
vn 0 0 -1
vn 0 0 -1
vn 0 0 -1
vn 0 0 -1
vn 0 0 -1
vn 0 0 -1
vn 0 0 -1
vn 0 0 -1
vn 0 0 -1
vn 0 0 -1
vn 0 0 -1
vn 0 0 -1
vn 0 0 -1
vn 0 0 -1
vn 0 0 -1
vn 0 0 -1
vn 0 0 -1
vn 0 0 -1
vn 0 0 -1
vn 0 0 -1
vn 0 0 -1
vn 0 0 -1
vn 0 0 -1
vn 0 0 -1
vn 0 0 -1
vn 0 0 -1
vn 0 0 -1
vn 0 0 -1
vn 0 0 -1
vn 0 0 -1
vn 0 0 -1
vn 0 0 -1
vn 0 0 -1
vn 0 0 -1
vn 0 0 -1
vn 0 0 -1
vn 0 0 -1
vn 0 0 -1
vn 0 0 -1
vn 0 0 -1
vn 0 0 -1
vn 0 0 -1
vn 0 0 -1
vn 0 0 -1
vn 0 0 -1
vn 0 0 -1
vn 0 0 -1
vn 0 0 -1
vn 0 0 -1
vn 0 0 -1
vn 0 0 -1
vn 0 0 -1
vn 0 0 -1
vn 0 0 -1
vn 0 0 -1
vn 0 0 -1
vn 0 0 -1
vn 0 0 -1
vn 0 0 -1
vn 0 0 -1
vn 0 0 -1
vn 0 0 -1
vn 0 0 -1
vn 0 0 -1
vn 0 0 -1
vn 0 0 -1
vn 0 0 -1
vn 0 0 -1
vn 0 0 -1
vn 0 0 -1
vn 0 0 -1
vn 0 0 -1
vn 0 0 -1
vn 0 0 -1
vn 0 0 -1
vn 0 0 -1
vn 0 0 -1
vn 0 0 -1
vn 0 0 -1
vn 0 0 -1
vn 0 0 -1
vn 0 0 -1
vn 0 0 -1
vn 0 0 -1
vn 0 0 -1
vn 0 0 -1
vn 0 0 -1
vn 0 0 -1
vn 0 0 -1
vn 0 0 -1
vn 0 0 -1
vn 0 0 -1
vn 0 0 -1
vn 0 0 -1
vn 0 0 -1
vn 0 0 -1
vn 0 0 -1
vn 0 0 -1
vn 0 0 -1
vn 0 0 -1
vn 0 0 -1
vn 0 0 -1
vn 0 0 -1
vn 0 0 -1
vn 0 0 -1
vn 0 0 -1
vn 0 0 -1
vn 0 0 -1
vn 0 0 -1
vn 0 0 -1
vn 0 0 -1
vn 0 0 -1
vn 0 0 -1
vn 0 0 -1
vn 0 0 -1
vn 0 0 -1
vn 0 0 -1
vn 0 0 -1
vn 0 0 -1
vn 0 0 -1
vn 0 0 -1
vn 0 0 -1
vn 0 0 -1
vn 0 0 -1
vn 0 0 -1
vn 0 0 -1
vn 0 0 -1
vn 0 0 -1
vn 0 0 -1
vn 0 0 -1
vn 0 0 -1
vn 0 0 -1
vn 0 0 -1
vn 0 0 -1
vn 0 0 -1
vn 0 0 -1
vn 0 0 -1
vn 0 0 -1
vn 0 0 -1
vn 0 0 -1
vn 0 0 -1
vn 0 0 -1
vn 0 0 -1
vn 0 0 -1
vn 0 0 -1
vn 0 0 -1
vn 0 0 -1
vn 0 0 -1
vn 0 0 -1
vn 0 0 -1
vn 0 0 -1
vn 0 0 -1
vn 0 0 -1
vn 0 0 -1
vn 0 0 -1
vn 0 0 -1
vn 0 0 -1
vn 0 0 -1
vn 0 0 -1
vn 0 0 -1
vn 0 0 -1
vn 0 0 -1
vn 0 0 -1
vn 0 0 -1
vn 0 0 -1
vn 0 0 -1
vn 0 0 -1
vn 0 0 -1
vn 0 0 -1
vn 0 0 -1
vn 0 0 -1
vn 0 0 -1
vn 0 0 -1
vn 0 0 -1
vn 0 0 -1
vn 0 0 -1
vn 0 0 -1
vn 0 0 -1
vn 0 0 -1
vn 0 0 -1
vn 0 0 -1
vn 0 0 -1
vn 0 0 -1
vn 0 0 -1
vn 0 0 -1
vn 0 0 -1
vn 0 0 -1
vn 0 0 -1
vn 0 0 -1
vn 0 0 -1
vn 0 0 -1
vn 0 0 -1
vn 0 0 -1
vn 0 0 -1
vn 0 0 -1
vn 0 0 -1
vn 0 0 -1
vn 0 0 -1
vn 0 0 -1
vn 0 0 -1
vn 0 0 -1
vn 0 0 -1
vn 0 0 -1
vn 0 0 -1
vn 0 0 -1
vn 0 0 -1
vn 0 0 -1
vn 0 0 -1
vn 0 0 -1
vn 0 0 -1
vn 0 0 -1
vn 0 0 -1
vn 0 0 -1
vn 0 0 -1
vn 0 0 -1
vn 0 0 -1
vn 0 0 -1
vn 0 0 -1
vn 0 0 -1
vn 0 0 -1
vn 0 0 -1
vn 0 0 -1
vn 0 0 -1
vn 0 0 -1
vn 0 0 -1
vn 0 0 -1
vn 0 0 -1
vn 0 0 -1
vn 0 0 -1
vn 0 0 -1
vn 0 0 -1
vn 0 0 -1
vn 0 0 -1
vn 0 0 -1
vn 0 0 -1
vn 0 0 -1
vn 0 0 -1
vn 0 0 -1
vn 0 0 -1
vn 0 0 -1
vn 0 0 -1
vn 0 0 -1
vn 0 0 -1
vn 0 0 -1
vn 0 0 -1
vn 0 0 -1
vn 0 0 -1
vn 0 0 -1
vn 0 0 -1
vn 0 0 -1
vn 0 0 -1
vn 0 0 -1
vn 0 0 -1
vn 0 0 -1
vn 0 0 -1
vn 0 0 -1
vn 0 0 -1
vn 0 0 -1
vn 0 0 -1
vn 0 0 -1
vn 0 0 -1
vn 0 0 -1
vn 0 0 -1
vn 0 0 -1
vn 0 0 -1
vn 0 0 -1
vn 0 0 -1
vn 0 0 -1
vn 0 0 -1
vn 0 0 -1
vn 0 0 -1
vn 0 0 -1
vn 0 0 -1
vn 0 0 -1
vn 0 0 -1
vn 0 0 -1
vn 0 0 -1
vn 0 0 -1
vn 0 0 -1
vn 0 0 -1
vn 0 0 -1
vn 0 0 -1
vn 0 0 -1
vn 0 0 -1
vn 0 0 -1
vn 0 0 -1
vn 0 0 -1
vn 0 0 -1
vn 0 0 -1
vn 0 0 -1
vn 0 0 -1
vn 0 0 -1
vn 0 0 -1
vn 0 0 -1
vn 0 0 -1
vn 0 0 -1
vn 0 0 -1
vn 0 0 -1
vn 0 0 -1
vn 0 0 -1
vn 0 0 -1
vn 0 0 -1
vn 0 0 -1
vn 0 0 -1
vn 0 0 -1
vn 0 0 -1
vn 0 0 -1
vn 0 0 -1
vn 0 0 -1
vn 0 0 -1
vn 0 0 -1
vn 0 0 -1
vn 0 0 -1
vn 0 0 -1
vn 0 0 -1
vn 0 0 -1
vn 0 0 -1
vn 0 0 -1
vn 0 0 -1
vn 0 0 -1
vn 0 0 -1
vn 0 0 -1
vn 0 0 -1
vn 0 0 -1
vn 0 0 -1
vn 0 0 -1
vn 0 0 -1
vn 0 0 -1
vn 0 0 -1
vn 0 0 -1
vn 0 0 -1
vn 0 0 -1
vn 0 0 -1
vn 0 0 -1
vn 0 0 -1
vn 0 0 -1
vn 0 0 -1
vn 0 0 -1
vn 0 0 -1
vn 0 0 -1
vn 0 0 -1
vn 0 0 -1
vn 0 0 -1
vn 0 0 -1
vn 0 0 -1
vn 0 0 -1
vn 0 0 -1
vn 0 0 -1
vn 0 0 -1
vn 0 0 -1
vn 0 0 -1
vn 0 0 -1
vn 0 0 -1
vn 0 0 -1
vn 0 0 -1
vn 0 0 -1
vn 0 0 -1
vn 0 0 -1
vn 0 0 -1
vn 0 0 -1
vn 0 0 -1
vn 0 0 -1
vn 0 0 -1
vn 0 0 -1
vn 0 0 -1
vn 0 0 -1
vn 0 0 -1
vn 0 0 -1
vn 0 0 -1
vn 0 0 -1
vn 0 0 -1
vn 0 0 -1
vn 0 0 -1
vn 0 0 -1
vn 0 0 -1
vn 0 0 -1
vn 0 0 -1
vn 0 0 -1
vn 0 0 -1
vn 0 0 -1
vn 0 0 -1
vn 0 0 -1
vn 0 0 -1
vn 0 0 -1
vn 0 0 -1
vn 0 0 -1
vn 0 0 -1
vn 0 0 -1
vn 0 0 -1
vn 0 0 -1
vn 0 0 -1
vn 0 0 -1
vn 0 0 -1
vn 0 0 -1
vn 0 0 -1
vn 0 0 -1
vn 0 0 -1
vn 0 0 -1
vn 0 0 -1
vn 0 0 -1
vn 0 0 -1
vn 0 0 -1
vn 0 0 -1
vn 0 0 -1
vn 0 0 -1
vn 0 0 -1
vn 0 0 -1
vn 0 0 -1
vn 0 0 -1
vn 0 0 -1
vn 0 0 -1
vn 0 0 -1
vn 0 0 -1
vn 0 0 -1
vn 0 0 -1
vn 0 0 -1
vn 0 0 -1
vn 0 0 -1
vn 0 0 -1
vn 0 0 -1
vn 0 0 -1
vn 0 0 -1
vn 0 0 -1
vn 0 0 -1
vn 0 0 -1
vn 0 0 -1
vn 0 0 -1
vn 0 0 -1
vn 0 0 -1
vn 0 0 -1
vn 0 0 -1
vn 0 0 -1
vn 0 0 -1
vn 0 0 -1
vn 0 0 -1
vn 0 0 -1
vn 0 0 -1
vn 0 0 -1
vn 0 0 -1
vn 0 0 -1
vn 0 0 -1
vn 0 0 -1
vn 0 0 -1
vn 0 0 -1
vn 0 0 -1
vn 0 0 -1
vn 0 0 -1
vn 0 0 -1
vn 0 0 -1
vn 0 0 -1
vn 0 0 -1
vn 0 0 -1
vn 0 0 -1
vn 0 0 -1
vn 0 0 -1
vn 0 0 -1
vn 0 0 -1
vn 0 0 -1
vn 0 0 -1
vn 0 0 -1
vn 0 0 -1
vn 0 0 -1
vn 0 0 -1
vn 0 0 -1
vn 0 0 -1
vn 0 0 -1
vn 0 0 -1
vn 0 0 -1
vn 0 0 -1
vn 0 0 -1
vn 0 0 -1
vn 0 0 -1
vn 0 0 -1
vn 0 0 -1
vn 0 0 -1
vn 0 0 -1
vn 0 0 -1
vn 0 0 -1
vn 0 0 -1
vn 0 0 -1
vn 0 0 -1
vn 0 0 -1
vn 0 0 -1
vn 0 0 -1
vn 0 0 -1
vn 0 0 -1
vn 0 0 -1
vn 0 0 -1
vn 0 0 -1
vn 0 0 -1
vn 0 0 -1
vn 0 0 -1
vn 0 0 -1
vn 0 0 -1
vn 0 0 -1
vn 0 0 -1
vn 0 0 -1
vn 0 0 -1
vn 0 0 -1
vn 0 0 -1
vn 0 0 -1
vn 0 0 -1
vn 0 0 -1
vn 0 0 -1
vn 0 0 -1
vn 0 0 -1
vn 0 0 -1
vn 0 0 -1
vn 0 0 -1
vn 0 0 -1
vn 0 0 -1
vn 0 0 -1
vn 0 0 -1
vn 0 0 -1
vn 0 0 -1
vn 0 0 -1
vn 0 0 -1
vn 0 0 -1
vn 0 0 -1
vn 0 0 -1
vn 0 0 -1
vn 0 0 -1
vn 0 0 -1
vn 0 0 -1
vn 0 0 -1
vn 0 0 -1
vn 0 0 -1
vn 0 0 -1
vn 0 0 -1
vn 0 0 -1
vn 0 0 -1
vn 0 0 -1
vn 0 0 -1
vn 0 0 -1
vn 0 0 -1
vn 0 0 -1
vn 0 0 -1
vn 0 0 -1
vn 0 0 -1
vn 0 0 -1
vn 0 0 -1
vn 0 0 -1
vn 0 0 -1
vn 0 0 -1
vn 0 0 -1
vn 0 0 -1
vn 0 0 -1
vn 0 0 -1
vn 0 0 -1
vn 0 0 -1
vn 0 0 -1
vn 0 0 -1
vn 0 0 -1
vn 0 0 -1
vn 0 0 -1
vn 0 0 -1
vn 0 0 -1
vn 0 0 -1
vn 0 0 -1
vn 0 0 -1
vn 0 0 -1
vn 0 0 -1
vn 0 0 -1
vn 0 0 -1
vn 0 0 -1
vn 0 0 -1
vn 0 0 -1
vn 0 0 -1
vn 0 0 -1
vn 0 0 -1
vn 0 0 -1
vn 0 0 -1
vn 0 0 -1
vn 0 0 -1
vn 0 0 -1
vn 0 0 -1
vn 0 0 -1
vn 0 0 -1
vn 0 0 -1
vn 0 0 -1
vn 0 0 -1
vn 0 0 -1
vn 0 0 -1
vn 0 0 -1
vn 0 0 -1
vn 0 0 -1
vn 0 0 -1
vn 0 0 -1
vn 0 0 -1
vn 0 0 -1
vn 0 0 -1
vn 0 0 -1
vn 0 0 -1
vn 0 0 -1
vn 0 0 -1
vn 0 0 -1
vn 0 0 -1
vn 0 0 -1
vn 0 0 -1
vn 0 0 -1
vn 0 0 -1
vn 0 0 -1
vn 0 0 -1
vn 0 0 -1
vn 0 0 -1
vn 0 0 -1
vn 0 0 -1
vn 0 0 -1
vn 0 0 -1
vn 0 0 -1
vn 0 0 -1
vn 0 0 -1
vn 0 0 -1
vn 0 0 -1
vn 0 0 -1
vn 0 0 -1
vn 0 0 -1
vn 0 0 -1
vn 0 0 -1
vn 0 0 -1
vn 0 0 -1
vn 0 0 -1
vn 0 0 -1
vn 0 0 -1
vn 0 0 -1
vn 0 0 -1
vn 0 0 -1
vn 0 0 -1
vn 0 0 -1
vn 0 0 -1
vn 0 0 -1
vn 0 0 -1
vn 0 0 -1
vn 0 0 -1
vn 0 0 -1
vn 0 0 -1
vn 0 0 -1
vn 0 0 -1
vn 0 0 -1
vn 0 0 -1
vn 0 0 -1
vn 0 0 -1
vn 0 0 -1
vn 0 0 -1
vn 0 0 -1
vn 0 0 -1
vn 0 0 -1
vn 0 0 -1
vn 0 0 -1
vn 0 0 -1
vn 0 0 -1
vn 0 0 -1
vn 0 0 -1
vn 0 0 -1
vn 0 0 -1
vn 0 0 -1
vn 0 0 -1
vn 0 0 -1
vn 0 0 -1
vn 0 0 -1
vn 0 0 -1
vn 0 0 -1
vn 0 0 -1
vn 0 0 -1
vn 0 0 -1
vn 0 0 -1
vn 0 0 -1
vn 0 0 -1
vn 0 0 -1
vn 0 0 -1
vn 0 0 -1
vn 0 0 -1
vn 0 0 -1
vn 0 0 -1
vn 0 0 -1
vn 0 0 -1
vn 0 0 -1
vn 0 0 -1
vn 0 0 -1
vn 0 0 -1
vn 0 0 -1
vn 0 0 -1
vn 0 0 -1
vn 0 0 -1
vn 0 0 -1
vn 0 0 -1
vn 0 0 -1
vn 0 0 -1
vn 0 0 -1
vn 0 0 -1
vn 0 0 -1
vn 0 0 -1
vn 0 0 -1
vn 0 0 -1
vn 0 0 -1
vn 0 0 -1
vn 0 0 -1
vn 0 0 -1
vn 0 0 -1
vn 0 0 -1
vn 0 0 -1
vn 0 0 -1
vn 0 0 -1
vn 0 0 -1
vn 0 0 -1
vn 0 0 -1
vn 0 0 -1
vn 0 0 -1
vn 0 0 -1
vn 0 0 -1
vn 0 0 -1
vn 0 0 -1
vn 0 0 -1
vn 0 0 -1
vn 0 0 -1
vn 0 0 -1
vn 0 0 -1
vn 0 0 -1
vn 0 0 -1
vn 0 0 -1
vn 0 0 -1
vn 0 0 -1
vn 0 0 -1
vn 0 0 -1
vn 0 0 -1
vn 0 0 -1
vn 0 0 -1
vn 0 0 -1
vn 0 0 -1
vn 0 0 -1
vn 0 0 -1
vn 0 0 -1
vn 0 0 -1
vn 0 0 -1
vn 0 0 -1
vn 0 0 -1
vn 0 0 -1
vn 0 0 -1
vn 0 0 -1
vn 0 0 -1
vn 0 0 -1
vn 0 0 -1
vn 0 0 -1
vn 0 0 -1
vn 0 0 -1
vn 0 0 -1
vn 0 0 -1
vn 0 0 -1
vn 0 0 -1
vn 0 0 -1
vn 0 0 -1
vn 0 0 -1
vn 0 0 -1
vn 0 0 -1
vn 0 0 -1
vn 0 0 -1
vn 0 0 -1
vn 0 0 -1
vn 0 0 -1
vn 0 0 -1
vn 0 0 -1
vn 0 0 -1
vn 0 0 -1
vn 0 0 -1
vn 0 0 -1
vn 0 0 -1
vn 0 0 -1
vn 0 0 -1
vn 0 0 -1
vn 0 0 -1
vn 0 0 -1
vn 0 0 -1
vn 0 0 -1
vn 0 0 -1
vn 0 0 -1
vn 0 0 -1
vn 0 0 -1
vn 0 0 -1
vn 0 0 -1
vn 0 0 -1
vn 0 0 -1
vn 0 0 -1
vn 0 0 -1
vn 0 0 -1
vn 0 0 -1
vn 0 0 -1
vn 0 0 -1
vn 0 0 -1
vn 0 0 -1
vn 0 0 -1
vn 0 0 -1
vn 0 0 -1
vn 0 0 -1
vn 0 0 -1
vn 0 0 -1
vn 0 0 -1
vn 0 0 -1
vn 0 0 -1
vn 0 0 -1
vn 0 0 -1
vn 0 0 -1
vn 0 0 -1
vn 0 0 -1
vn 0 0 -1
vn 0 0 -1
vn 0 0 -1
vn 0 0 -1
vn 0 0 -1
vn 0 0 -1
vn 0 0 -1
vn 0 0 -1
vn 0 0 -1
vn 0 0 -1
vn 0 0 -1
vn 0 0 -1
vn 0 0 -1
vn 0 0 -1
vn 0 0 -1
vn 0 0 -1
vn 0 0 -1
vn 0 0 -1
vn 0 0 -1
vn 0 0 -1
vn 0 0 -1
vn 0 0 -1
vn 0 0 -1
vn 0 0 -1
vn 0 0 -1
vn 0 0 -1
vn 0 0 -1
vn 0 0 -1
vn 0 0 -1
vn 0 0 -1
vn 0 0 -1
vn 0 0 -1
vn 0 0 -1
vn 0 0 -1
vn 0 0 -1
vn 0 0 -1
vn 0 0 -1
vn 0 0 -1
vn 0 0 -1
vn 0 0 -1
vn 0 0 -1
vn 0 0 -1
vn 0 0 -1
vn 0 0 -1
vn 0 0 -1
vn 0 0 -1
vn 0 0 -1
vn 0 0 -1
vn 0 0 -1
vn 0 0 -1
vn 0 0 -1
vn 0 0 -1
vn 0 0 -1
vn 0 0 -1
vn 0 0 -1
vn 0 0 -1
vn 0 0 -1
vn 0 0 -1
vn 0 0 -1
vn 0 0 -1
vn 0 0 -1
vn 0 0 -1
vn 0 0 -1
vn 0 0 -1
vn 0 0 -1
vn 0 0 -1
vn 0 0 -1
vn 0 0 -1
vn 0 0 -1
vn 0 0 -1
vn 0 0 -1
vn 0 0 -1
vn 0 0 -1
vn 0 0 -1
vn 0 0 -1
vn 0 0 -1
vn 0 0 -1
vn 0 0 -1
vn 0 0 -1
vn 0 0 -1
vn 0 0 -1
vn 0 0 -1
vn 0 0 -1
vn 0 0 -1
vn 0 0 -1
vn 0 0 -1
vn 0 0 -1
vn 0 0 -1
vn 0 0 -1
vn 0 0 -1
vn 0 0 -1
vn 0 0 -1
vn 0 0 -1
vn 0 0 -1
vn 0 0 -1
vn 0 0 -1
vn 0 0 -1
vn 0 0 -1
vn 0 0 -1
vn 0 0 -1
vn 0 0 -1
vn 0 0 -1
vn 0 0 -1
vn 0 0 -1
vn 0 0 -1
vn 0 0 -1
vn 0 0 -1
vn 0 0 -1
vn 0 0 -1
vn 0 0 -1
vn 0 0 -1
vn 0 0 -1
vn 0 0 -1
vn 0 0 -1
vn 0 0 -1
vn 0 0 -1
vn 0 0 -1
vn 0 0 -1
vn 0 0 -1
vn 0 0 -1
vn 0 0 -1
vn 0 0 -1
vn 0 0 -1
vn 0 0 -1
vn 0 0 -1
vn 0 0 -1
vn 0 0 -1
vn 0 0 -1
vn 0 0 -1
vn 0 0 -1
vn 0 0 -1
vn 0 0 -1
vn 0 0 -1
vn 0 0 -1
vn 0 0 -1
vn 0 0 -1
vn 0 0 -1
vn 0 0 -1
vn 0 0 -1
vn 0 0 -1
vn 0 0 -1
vn 0 0 -1
vn 0 0 -1
vn 0 0 -1
vn 0 0 -1
vn 0 0 -1
vn 0 0 -1
vn 0 0 -1
vn 0 0 -1
vn 0 0 -1
vn 0 0 -1
vn 0 0 -1
vn 0 0 -1
vn 0 0 -1
vn 0 0 -1
vn 0 0 -1
vn 0 0 -1
vn 0 0 -1
vn 0 0 -1
vn 0 0 -1
vn 0 0 -1
vn 0 0 -1
vn 0 0 -1
vn 0 0 -1
vn 0 0 -1
vn 0 0 -1
vn 0 0 -1
vn 0 0 -1
vn 0 0 -1
vn 0 0 -1
vn 0 0 -1
vn 0 0 -1
vn 0 0 -1
vn 0 0 -1
vn 0 0 -1
vn 0 0 -1
vn 0 0 -1
vn 0 0 -1
vn 0 0 -1
vn 0 0 -1
vn 0 0 -1
vn 0 0 -1
vn 0 0 -1
vn 0 0 -1
vn 0 0 -1
vn 0 0 -1
vn 0 0 -1
vn 0 0 -1
vn 0 0 -1
vn 0 0 -1
vn 0 0 -1
vn 0 0 -1
vn 0 0 -1
vn 0 0 -1
vn 0 0 -1
vn 0 0 -1
vn 0 0 -1
vn 0 0 -1
vn 0 0 -1
vn 0 0 -1
vn 0 0 -1
vn 0 0 -1
vn 0 0 -1
vn 0 0 -1
vn 0 0 -1
vn 0 0 -1
vn 0 0 -1
vn 0 0 -1
vn 0 0 -1
vn 0 0 -1
vn 0 0 -1
vn 0 0 -1
vn 0 0 -1
vn 0 0 -1
vn 0 0 -1
vn 0 0 -1
vn 0 0 -1
vn 0 0 -1
vn 0 0 -1
vn 0 0 -1
vn 0 0 -1
vn 0 0 -1
vn 0 0 -1
vn 0 0 -1
vn 0 0 -1
vn 0 0 -1
vn 0 0 -1
vn 0 0 -1
vn 0 0 -1
vn 0 0 -1
vn 0 0 -1
vn 0 0 -1
vn 0 0 -1
vn 0 0 -1
vn 0 0 -1
vn 0 0 -1
vn 0 0 -1
vn 0 0 -1
vn 0 0 -1
vn 0 0 -1
vn 0 0 -1
vn 0 0 -1
vn 0 0 -1
vn 0 0 -1
vn 0 0 -1
vn 0 0 -1
vn 0 0 -1
vn 0 0 -1
vn 0 0 -1
vn 0 0 -1
vn 0 0 -1
vn 0 0 -1
vn 0 0 -1
vn 0 0 -1
vn 0 0 -1
vn 0 0 -1
vn 0 0 -1
vn 0 0 -1
vn 0 0 -1
vn 0 0 -1
vn 0 0 -1
vn 0 0 -1
vn 0 0 -1
vn 0 0 -1
vn 0 0 -1
vn 0 0 -1
vn 0 0 -1
vn 0 0 -1
vn 0 0 -1
vn 0 0 -1
vn 0 0 -1
vn 0 0 -1
vn 0 0 -1
vn 0 0 -1
vn 0 0 -1
vn 0 0 -1
vn 0 0 -1
vn 0 0 -1
vn 0 0 -1
vn 0 0 -1
vn 0 0 -1
vn 0 0 -1
vn 0 0 -1
vn 0 0 -1
vn 0 0 -1
vn 0 0 -1
vn 0 0 -1
vn 0 0 -1
vn 0 0 -1
vn 0 0 -1
vn 0 0 -1
vn 0 0 -1
vn 0 0 -1
vn 0 0 -1
vn 0 0 -1
vn 0 0 -1
vn 0 0 -1
vn 0 0 -1
vn 0 0 -1
vn 0 0 -1
vn 0 0 -1
vn 0 0 -1
vn 0 0 -1
vn 0 0 -1
vn 0 0 -1
vn 0 0 -1
vn 0 0 -1
vn 0 0 -1
vn 0 0 -1
vn 0 0 -1
vn 0 0 -1
vn 0 0 -1
vn 0 0 -1
vn 0 0 -1
vn 0 0 -1
vn 0 0 -1
vn 0 0 -1
vn 0 0 -1
vn 0 0 -1
vn 0 0 -1
vn 0 0 -1
vn 0 0 -1
vn 0 0 -1
vn 0 0 -1
vn 0 0 -1
vn 0 0 -1
vn 0 0 -1
vn 0 0 -1
vn 0 0 -1
vn 0 0 -1
vn 0 0 -1
vn 0 0 -1
vn 0 0 -1
vn 0 0 -1
vn 0 0 -1
vn 0 0 -1
vn 0 0 -1
vn 0 0 -1
vn 0 0 -1
vn 0 0 -1
vn 0 0 -1
vn 0 0 -1
vn 0 0 -1
vn 0 0 -1
vn 0 0 -1
vn 0 0 -1
vn 0 0 -1
vn 0 0 -1
vn 0 0 -1
vn 0 0 -1
vn 0 0 -1
vn 0 0 -1
vn 0 0 -1
vn 0 0 -1
vn 0 0 -1
vn 0 0 -1
vn 0 0 -1
vn 0 0 -1
vn 0 0 -1
vn 0 0 -1
vn 0 0 -1
vn 0 0 -1
vn 0 0 -1
vn 0 0 -1
vn 0 0 -1
vn 0 0 -1
vn 0 0 -1
vn 0 0 -1
vn 0 0 -1
vn 0 0 -1
vn 0 0 -1
vn 0 0 -1
vn 0 0 -1
vn 0 0 -1
vn 0 0 -1
vn 0 0 -1
vn 0 0 -1
vn 0 0 -1
vn 0 0 -1
vn 0 0 -1
vn 0 0 -1
vn 0 0 -1
vn 0 0 -1
vn 0 0 -1
vn 0 0 -1
vn 0 0 -1
vn 0 0 -1
vn 0 0 -1
vn 0 0 -1
vn 0 0 -1
vn 0 0 -1
vn 0 0 -1
vn 0 0 -1
vn 0 0 -1
vn 0 0 -1
vn 0 0 -1
vn 0 0 -1
vn 0 0 -1
vn 0 0 -1
vn 0 0 -1
vn 0 0 -1
vn 0 0 -1
vn 0 0 -1
vn 0 0 -1
vn 0 0 -1
vn 0 0 -1
vn 0 0 -1
vn 0 0 -1
vn 0 0 -1
vn 0 0 -1
vn 0 0 -1
vn 0 0 -1
vn 0 0 -1
vn 0 0 -1
vn 0 0 -1
vn 0 0 -1
vn 0 0 -1
vn 0 0 -1
vn 0 0 -1
vn 0 0 -1
vn 0 0 -1
vn 0 0 -1
vn 0 0 -1
vn 0 0 -1
vn 0 0 -1
vn 0 0 -1
vn 0 0 -1
vn 0 0 -1
vn 0 0 -1
vn 0 0 -1
vn 0 0 -1
vn 0 0 -1
vn 0 0 -1
vn 0 0 -1
vn 0 0 -1
vn 0 0 -1
vn 0 0 -1
vn 0 0 -1
vn 0 0 -1
vn 0 0 -1
vn 0 0 -1
vn 0 0 -1
vn 0 0 -1
vn 0 0 -1
vn 0 0 -1
vn 0 0 -1
vn 0 0 -1
vn 0 0 -1
vn 0 0 -1
vn 0 0 -1
vn 0 0 -1
vn 0 0 -1
vn 0 0 -1
vn 0 0 -1
vn 0 0 -1
vn 0 0 -1
vn 0 0 -1
vn 0 0 -1
vn 0 0 -1
vn 0 0 -1
vn 0 0 -1
vn 0 0 -1
vn 0 0 -1
vn 0 0 -1
vn 0 0 -1
vn 0 0 -1
vn 0 0 -1
vn 0 0 -1
vn 0 0 -1
vn 0 0 -1
vn 0 0 -1
vn 0 0 -1
vn 0 0 -1
vn 0 0 -1
vn 0 0 -1
vn 0 0 -1
vn 0 0 -1
vn 0 0 -1
vn 0 0 -1
vn 0 0 -1
vn 0 0 -1
vn 0 0 -1
vn 0 0 -1
vn 0 0 -1
vn 0 0 -1
vn 0 0 -1
vn 0 0 -1
vn 0 0 -1
vn 0 0 -1
vn 0 0 -1
vn 0 0 -1
vn 0 0 -1
vn 0 0 -1
vn 0 0 -1
vn 0 0 -1
vn 0 0 -1
vn 0 0 -1
vn 0 0 -1
vn 0 0 -1
vn 0 0 -1
vn 0 0 -1
vn 0 0 -1
vn 0 0 -1
vn 0 0 -1
vn 0 0 -1
vn 0 0 -1
vn 0 0 -1
vn 0 0 -1
vn 0 0 -1
vn 0 0 -1
vn 0 0 -1
vn 0 0 -1
vn 0 0 -1
vn 0 0 -1
vn 0 0 -1
vn 0 0 -1
vn 0 0 -1
vn 0 0 -1
vn 0 0 -1
vn 0 0 -1
vn 0 0 -1
vn 0 0 -1
vn 0 0 -1
vn 0 0 -1
vn 0 0 -1
vn 0 0 -1
vn 0 0 -1
vn 0 0 -1
vn 0 0 -1
vn 0 0 -1
vn 0 0 -1
vn 0 0 -1
vn 0 0 -1
vn 0 0 -1
vn 0 0 -1
vn 0 0 -1
vn 0 0 -1
vn 0 0 -1
vn 0 0 -1
vn 0 0 -1
vn 0 0 -1
vn 0 0 -1
vn 0 0 -1
vn 0 0 -1
vn 0 0 -1
vn 0 0 -1
vn 0 0 -1
vn 0 0 -1
vn 0 0 -1
vn 0 0 -1
vn 0 0 -1
vn 0 0 -1
vn 0 0 -1
vn 0 0 -1
vn 0 0 -1
vn 0 0 -1
vn 0 0 -1
vn 0 0 -1
vn 0 0 -1
vn 0 0 -1
vn 0 0 -1
vn 0 0 -1
vn 0 0 -1
vn 0 0 -1
vn 0 0 -1
vn 0 0 -1
vn 0 0 -1
vn 0 0 -1
vn 0 0 -1
vn 0 0 -1
vn 0 0 -1
vn 0 0 -1
vn 0 0 -1
vn 0 0 -1
vn 0 0 -1
vn 0 0 -1
vn 0 0 -1
vn 0 0 -1
vn 0 0 -1
vn 0 0 -1
vn 0 0 -1
vn 0 0 -1
vn 0 0 -1
vn 0 0 -1
vn 0 0 -1
vn 0 0 -1
vn 0 0 -1
vn 0 0 -1
vn 0 0 -1
vn 0 0 -1
vn 0 0 -1
vn 0 0 -1
vn 0 0 -1
vn 0 0 -1
vn 0 0 -1
vn 0 0 -1
vn 0 0 -1
vn 0 0 -1
vn 0 0 -1
vn 0 0 -1
vn 0 0 -1
vn 0 0 -1
vn 0 0 -1
vn 0 0 -1
vn 0 0 -1
vn 0 0 -1
vn 0 0 -1
vn 0 0 -1
vn 0 0 -1
vn 0 0 -1
vn 0 0 -1
vn 0 0 -1
vn 0 0 -1
vn 0 0 -1
vn 0 0 -1
vn 0 0 -1
vn 0 0 -1
vn 0 0 -1
vn 0 0 -1
vn 0 0 -1
vn 0 0 -1
vn 0 0 -1
vn 0 0 -1
vn 0 0 -1
vn 0 0 -1
vn 0 0 -1
vn 0 0 -1
vn 0 0 -1
vn 0 0 -1
vn 0 0 -1
vn 0 0 -1
vn 0 0 -1
vn 0 0 -1
vn 0 0 -1
vn 0 0 -1
vn 0 0 -1
vn 0 0 -1
vn 0 0 -1
vn 0 0 -1
vn 0 0 -1
vn 0 0 -1
vn 0 0 -1
vn 0 0 -1
vn 0 0 -1
vn 0 0 -1
vn 0 0 -1
vn 0 0 -1
vn 0 0 -1
vn 0 0 -1
vn 0 0 -1
vn 0 0 -1
vn 0 0 -1
vn 0 0 -1
vn 0 0 -1
vn 0 0 -1
vn 0 0 -1
vn 0 0 -1
vn 0 0 -1
vn 0 0 -1
vn 0 0 -1
vn 0 0 -1
vn 0 0 -1
vn 0 0 -1
vn 0 0 -1
vn 0 0 -1
vn 0 0 -1
vn 0 0 -1
vn 0 0 -1
vn 0 0 -1
vn 0 0 -1
vn 0 0 -1
vn 0 0 -1
vn 0 0 -1
vn 0 0 -1
vn 0 0 -1
vn 0 0 -1
vn 0 0 -1
vn 0 0 -1
vn 0 0 -1
vn 0 0 -1
vn 0 0 -1
vn 0 0 -1
vn 0 0 -1
vn 0 0 -1
vn 0 0 -1
vn 0 0 -1
vn 0 0 -1
vn 0 0 -1
vn 0 0 -1
vn 0 0 -1
vn 0 0 -1
vn 0 0 -1
vn 0 0 -1
vn 0 0 -1
vn 0 0 -1
vn 0 0 -1
vn 0 0 -1
vn 0 0 -1
vn 0 0 -1
vn 0 0 -1
vn 0 0 -1
vn 0 0 -1
vn 0 0 -1
vn 0 0 -1
vn 0 0 -1
vn 0 0 -1
vn 0 0 -1
vn 0 0 -1
vn 0 0 -1
vn 0 0 -1
vn 0 0 -1
vn 0 0 -1
vn 0 0 -1
vn 0 0 -1
vn 0 0 -1
vn 0 0 -1
vn 0 0 -1
vn 0 0 -1
vn 0 0 -1
vn 0 0 -1
vn 0 0 -1
vn 0 0 -1
vn 0 0 -1
vn 0 0 -1
vn 0 0 -1
vn 0 0 -1
vn 0 0 -1
vn 0 0 -1
vn 0 0 -1
vn 0 0 -1
vn 0 0 -1
vn 0 0 -1
vn 0 0 -1
vn 0 0 -1
vn 0 0 -1
vn 0 0 -1
vn 0 0 -1
vn 0 0 -1
vn 0 0 -1
vn 0 0 -1
vn 0 0 -1
vn 0 0 -1
vn 0 0 -1
vn 0 0 -1
vn 0 0 -1
vn 0 0 -1
vn 0 0 -1
vn 0 0 -1
vn 0 0 -1
vn 0 0 -1
vn 0 0 -1
vn 0 0 -1
vn 0 0 -1
vn 0 0 -1
vn 0 0 -1
vn 0 0 -1
vn 0 0 -1
vn 0 0 -1
vn 0 0 -1
vn 0 0 -1
vn 0 0 -1
vn 0 0 -1
vn 0 0 -1
vn 0 0 -1
vn 0 0 -1
vn 0 0 -1
vn 0 0 -1
vn 0 0 -1
vn 0 0 -1
vn 0 0 -1
vn 0 0 -1
vn 0 0 -1
vn 0 0 -1
vn 0 0 -1
vn 0 0 -1
vn 0 0 -1
vn 0 0 -1
vn 0 0 -1
vn 0 0 -1
vn 0 0 -1
vn 0 0 -1
vn 0 0 -1
vn 0 0 -1
vn 0 0 -1
vn 0 0 -1
vn 0 0 -1
vn 0 0 -1
vn 0 0 -1
vn 0 0 -1
vn 0 0 -1
vn 0 0 -1
vn 0 0 -1
vn 0 0 -1
vn 0 0 -1
vn 0 0 -1
vn 0 0 -1
vn 0 0 -1
vn 0 0 -1
vn 0 0 -1
vn 0 0 -1
vn 0 0 -1
vn 0 0 -1
vn 0 0 -1
vn 0 0 -1
vn 0 0 -1
vn 0 0 -1
vn 0 0 -1
vn 0 0 -1
vn 0 0 -1
vn 0 0 -1
vn 0 0 -1
vn 0 0 -1
vn 0 0 -1
vn 0 0 -1
vn 0 0 -1
vn 0 0 -1
vn 0 0 -1
vn 0 0 -1
vn 0 0 -1
vn 0 0 -1
vn 0 0 -1
vn 0 0 -1
vn 0 0 -1
vn 0 0 -1
vn 0 0 -1
vn 0 0 -1
vn 0 0 -1
vn 0 0 -1
vn 0 0 -1
vn 0 0 -1
vn 0 0 -1
vn 0 0 -1
vn 0 0 -1
vn 0 0 -1
vn 0 0 -1
vn 0 0 -1
vn 0 0 -1
vn 0 0 -1
vn 0 0 -1
vn 0 0 -1
vn 0 0 -1
vn 0 0 -1
vn 0 0 -1
vn 0 0 -1
vn 0 0 -1
vn 0 0 -1
vn 0 0 -1
vn 0 0 -1
vn 0 0 -1
vn 0 0 -1
vn 0 0 -1
vn 0 0 -1
vn 0 0 -1
vn 0 0 -1
vn 0 0 -1
vn 0 0 -1
vn 0 0 -1
vn 0 0 -1
vn 0 0 -1
vn 0 0 -1
vn 0 0 -1
vn 0 0 -1
vn 0 0 -1
vn 0 0 -1
vn 0 0 -1
vn 0 0 -1
vn 0 0 -1
vn 0 0 -1
vn 0 0 -1
vn 0 0 -1
vn 0 0 -1
vn 0 0 -1
vn 0 0 -1
vn 0 0 -1
vn 0 0 -1
vn 0 0 -1
vn 0 0 -1
vn 0 0 -1
vn 0 0 -1
vn 0 0 -1
vn 0 0 -1
vn 0 0 -1
vn 0 0 -1
vn 0 0 -1
vn 0 0 -1
vn 0 0 -1
vn 0 0 -1
vn 0 0 -1
vn 0 0 -1
vn 0 0 -1
vn 0 0 -1
vn 0 0 -1
vn 0 0 -1
vn 0 0 -1
vn 0 0 -1
vn 0 0 -1
vn 0 0 -1
vn 0 0 -1
vn 0 0 -1
vn 0 0 -1
vn 0 0 -1
vn 0 0 -1
vn 0 0 -1
vn 0 0 -1
vn 0 0 -1
vn 0 0 -1
vn 0 0 -1
vn 0 0 -1
vn 0 0 -1
vn 0 0 -1
vn 0 0 -1
vn 0 0 -1
vn 0 0 -1
vn 0 0 -1
vn 0 0 -1
vn 0 0 -1
vn 0 0 -1
vn 0 0 -1
vn 0 0 -1
vn 0 0 -1
vn 0 0 -1
vn 0 0 -1
vn 0 0 -1
vn 0 0 -1
vn 0 0 -1
vn 0 0 -1
vn 0 0 -1
vn 0 0 -1
vn 0 0 -1
vn 0 0 -1
vn 0 0 -1
vn 0 0 -1
vn 0 0 -1
vn 0 0 -1
vn 0 0 -1
vn 0 0 -1
vn 0 0 -1
vn 0 0 -1
vn 0 0 -1
vn 0 0 -1
vn 0 0 -1
vn 0 0 -1
vn 0 0 -1
vn 0 0 -1
vn 0 0 -1
vn 0 0 -1
vn 0 0 -1
vn 0 0 -1
vn 0 0 -1
vn 0 0 -1
vn 0 0 -1
vn 0 0 -1
vn 0 0 -1
vn 0 0 -1
vn 0 0 -1
vn 0 0 -1
vn 0 0 -1
vn 0 0 -1
vn 0 0 -1
vn 0 0 -1
vn 0 0 -1
vn 0 0 -1
vn 0 0 -1
vn 0 0 -1
vn 0 0 -1
vn 0 0 -1
vn 0 0 -1
vn 0 0 -1
vn 0 0 -1
vn 0 0 -1
vn 0 0 -1
vn 0 0 -1
vn 0 0 -1
vn 0 0 -1
vn 0 0 -1
vn 0 0 -1
vn 0 0 -1
vn 0 0 -1
vn 0 0 -1
vn 0 0 -1
vn 0 0 -1
vn 0 0 -1
vn 0 0 -1
vn 0 0 -1
vn 0 0 -1
vn 0 0 -1
vn 0 0 -1
vn 0 0 -1
vn 0 0 -1
vn 0 0 -1
vn 0 0 -1
vn 0 0 -1
vn 0 0 -1
vn 0 0 -1
vn 0 0 -1
vn 0 0 -1
vn 0 0 -1
vn 0 0 -1
vn 0 0 -1
vn 0 0 -1
vn 0 0 -1
vn 0 0 -1
vn 0 0 -1
vn 0 0 -1
vn 0 0 -1
vn 0 0 -1
vn 0 0 -1
vn 0 0 -1
vn 0 0 -1
vn 0 0 -1
vn 0 0 -1
vn 0 0 -1
vn 0 0 -1
vn 0 0 -1
vn 0 0 -1
vn 0 0 -1
vn 0 0 -1
vn 0 0 -1
vn 0 0 -1
vn 0 0 -1
vn 0 0 -1
vn 0 0 -1
vn 0 0 -1
vn 0 0 -1
vn 0 0 -1
vn 0 0 -1
vn 0 0 -1
vn 0 0 -1
vn 0 0 -1
vn 0 0 -1
vn 0 0 -1
vn 0 0 -1
vn 0 0 -1
vn 0 0 -1
vn 0 0 -1
vn 0 0 -1
vn 0 0 -1
vn 0 0 -1
vn 0 0 -1
vn 0 0 -1
vn 0 0 -1
vn 0 0 -1
vn 0 0 -1
vn 0 0 -1
vn 0 0 -1
vn 0 0 -1
vn 0 0 -1
vn 0 0 -1
vn 0 0 -1
vn 0 0 -1
vn 0 0 -1
vn 0 0 -1
vn 0 0 -1
vn 0 0 -1
vn 0 0 -1
vn 0 0 -1
vn 0 0 -1
vn 0 0 -1
vn 0 0 -1
vn 0 0 -1
vn 0 0 -1
vn 0 0 -1
vn 0 0 -1
vn 0 0 -1
vn 0 0 -1
vn 0 0 -1
vn 0 0 -1
vn 0 0 -1
vn 0 0 -1
vn 0 0 -1
vn 0 0 -1
vn 0 0 -1
vn 0 0 -1
vn 0 0 -1
vn 0 0 -1
vn 0 0 -1
vn 0 0 -1
vn 0 0 -1
vn 0 0 -1
vn 0 0 -1
vn 0 0 -1
vn 0 0 -1
vn 0 0 -1
vn 0 0 -1
vn 0 0 -1
vn 0 0 -1
vn 0 0 -1
vn 0 0 -1
vn 0 0 -1
vn 0 0 -1
vn 0 0 -1
vn 0 0 -1
vn 0 0 -1
vn 0 0 -1
vn 0 0 -1
vn 0 0 -1
vn 0 0 -1
vn 0 0 -1
vn 0 0 -1
vn 0 0 -1
vn 0 0 -1
vn 0 0 -1
vn 0 0 -1
vn 0 0 -1
vn 0 0 -1
vn 0 0 -1
vn 0 0 -1
vn 0 0 -1
vn 0 0 -1
vn 0 0 -1
vn 0 0 -1
vn 0 0 -1
vn 0 0 -1
vn 0 0 -1
vn 0 0 -1
vn 0 0 -1
vn 0 0 -1
vn 0 0 -1
vn 0 0 -1
vn 0 0 -1
vn 0 0 -1
vn 0 0 -1
vn 0 0 -1
vn 0 0 -1
vn 0 0 -1
vn 0 0 -1
vn 0 0 -1
vn 0 0 -1
vn 0 0 -1
vn 0 0 -1
vn 0 0 -1
vn 0 0 -1
vn 0 0 -1
vn 0 0 -1
vn 0 0 -1
vn 0 0 -1
vn 0 0 -1
vn 0 0 -1
vn 0 0 -1
vn 0 0 -1
vn 0 0 -1
vn 0 0 -1
vn 0 0 -1
vn 0 0 -1
vn 0 0 -1
vn 0 0 -1
vn 0 0 -1
vn 0 0 -1
vn 0 0 -1
vn 0 0 -1
vn 0 0 -1
vn 0 0 -1
vn 0 0 -1
vn 0 0 -1
vn 0 0 -1
vn 0 0 -1
vn 0 0 -1
vn 0 0 -1
vn 0 0 -1
vn 0 0 -1
vn 0 0 -1
vn 0 0 -1
vn 0 0 -1
vn 0 0 -1
vn 0 0 -1
vn 0 0 -1
vn 0 0 -1
vn 0 0 -1
vn 0 0 -1
vn 0 0 -1
vn 0 0 -1
vn 0 0 -1
vn 0 0 -1
vn 0 0 -1
vn 0 0 -1
vn 0 0 -1
vn 0 0 -1
vn 0 0 -1
vn 0 0 -1
vn 0 0 -1
vn 0 0 -1
vn 0 0 -1
vn 0 0 -1
vn 0 0 -1
vn 0 0 -1
vn 0 0 -1
vn 0 0 -1
vn 0 0 -1
vn 0 0 -1
vn 0 0 -1
vn 0 0 -1
vn 0 0 -1
vn 0 0 -1
vn 0 0 -1
vn 0 0 -1
vn 0 0 -1
vn 0 0 -1
vn 0 0 -1
vn 0 0 -1
vn 0 0 -1
vn 0 0 -1
vn 0 0 -1
vn 0 0 -1
vn 0 0 -1
vn 0 0 -1
vn 0 0 -1
vn 0 0 -1
vn 0 0 -1
vn 0 0 -1
vn 0 0 -1
vn 0 0 -1
vn 0 0 -1
vn 0 0 -1
vn 0 0 -1
vn 0 0 -1
vn 0 0 -1
vn 0 0 -1
vn 0 0 -1
vn 0 0 -1
vn 0 0 -1
vn 0 0 -1
vn 0 0 -1
vn 0 0 -1
vn 0 0 -1
vn 0 0 -1
vn 0 0 -1
vn 0 0 -1
vn 0 0 -1
vn 0 0 -1
vn 0 0 -1
vn 0 0 -1
vn 0 0 -1
vn 0 0 -1
vn 0 0 -1
vn 0 0 -1
vn 0 0 -1
vn 0 0 -1
vn 0 0 -1
vn 0 0 -1
vn 0 0 -1
vn 0 0 -1
vn 0 0 -1
vn 0 0 -1
vn 0 0 -1
vn 0 0 -1
vn 0 0 -1
vn 0 0 -1
vn 0 0 -1
vn 0 0 -1
vn 0 0 -1
vn 0 0 -1
vn 0 0 -1
vn 0 0 -1
vn 0 0 -1
vn 0 0 -1
vn 0 0 -1
vn 0 0 -1
vn 0 0 -1
vn 0 0 -1
vn 0 0 -1
vn 0 0 -1
vn 0 0 -1
vn 0 0 -1
vn 0 0 -1
vn 0 0 -1
vn 0 0 -1
vn 0 0 -1
vn 0 0 -1
vn 0 0 -1
vn 0 0 -1
vn 0 0 -1
vn 0 0 -1
vn 0 0 -1
vn 0 0 -1
vn 0 0 -1
vn 0 0 -1
vn 0 0 -1
vn 0 0 -1
vn 0 0 -1
vn 0 0 -1
vn 0 0 -1
vn 0 0 -1
vn 0 0 -1
vn 0 0 -1
vn 0 0 -1
vn 0 0 -1
vn 0 0 -1
vn 0 0 -1
vn 0 0 -1
vn 0 0 -1
vn 0 0 -1
vn 0 0 -1
vn 0 0 -1
vn 0 0 -1
vn 0 0 -1
vn 0 0 -1
vn 0 0 -1
vn 0 0 -1
vn 0 0 -1
vn 0 0 -1
vn 0 0 -1
vn 0 0 -1
vn 0 0 -1
vn 0 0 -1
vn 0 0 -1
vn 0 0 -1
vn 0 0 -1
vn 0 0 -1
vn 0 0 -1
vn 0 0 -1
vn 0 0 -1
vn 0 0 -1
vn 0 0 -1
vn 0 0 -1
vn 0 0 -1
vn 0 0 -1
vn 0 0 -1
vn 0 0 -1
vn 0 0 -1
vn 0 0 -1
vn 0 0 -1
vn 0 0 -1
vn 0 0 -1
vn 0 0 -1
vn 0 0 -1
vn 0 0 -1
vn 0 0 -1
vn 0 0 -1
vn 0 0 -1
vn 0 0 -1
vn 0 0 -1
vn 0 0 -1
vn 0 0 -1
vn 0 0 -1
vn 0 0 -1
vn 0 0 -1
vn 0 0 -1
vn 0 0 -1
vn 0 0 -1
vn 0 0 -1
vn 0 0 -1
vn 0 0 -1
vn 0 0 -1
vn 0 0 -1
vn 0 0 -1
vn 0 0 -1
vn 0 0 -1
vn 0 0 -1
vn 0 0 -1
vn 0 0 -1
vn 0 0 -1
vn 0 0 -1
vn 0 0 -1
vn 0 0 -1
vn 0 0 -1
vn 0 0 -1
vn 0 0 -1
vn 0 0 -1
vn 0 0 -1
vn 0 0 -1
vn 0 0 -1
vn 0 0 -1
vn 0 0 -1
vn 0 0 -1
vn 0 0 -1
vn 0 0 -1
vn 0 0 -1
vn 0 0 -1
vn 0 0 -1
vn 0 0 -1
vn 0 0 -1
vn 0 0 -1
vn 0 0 -1
vn 0 0 -1
vn 0 0 -1
vn 0 0 -1
vn 0 0 -1
vn 0 0 -1
vn 0 0 -1
vn 0 0 -1
vn 0 0 -1
vn 0 0 -1
vn 0 0 -1
vn 0 0 -1
vn 0 0 -1
vn 0 0 -1
vn 0 0 -1
vn 0 0 -1
vn 0 0 -1
vn 0 0 -1
vn 0 0 -1
vn 0 0 -1
vn 0 0 -1
vn 0 0 -1
vn 0 0 -1
vn 0 0 -1
vn 0 0 -1
vn 0 0 -1
vn 0 0 -1
vn 0 0 -1
vn 0 0 -1
vn 0 0 -1
vn 0 0 -1
vn 0 0 -1
vn 0 0 -1
vn 0 0 -1
vn 0 0 -1
vn 0 0 -1
vn 0 0 -1
vn 0 0 -1
vn 0 0 -1
vn 0 0 -1
vn 0 0 -1
vn 0 0 -1
vn 0 0 -1
vn 0 0 -1
vn 0 0 -1
vn 0 0 -1
vn 0 0 -1
vn 0 0 -1
vn 0 0 -1
vn 0 0 -1
vn 0 0 -1
vn 0 0 -1
vn 0 0 -1
vn 0 0 -1
vn 0 0 -1
vn 0 0 -1
vn 0 0 -1
vn 0 0 -1
vn 0 0 -1
vn 0 0 -1
vn 0 0 -1
vn 0 0 -1
vn 0 0 -1
vn 0 0 -1
vn 0 0 -1
vn 0 0 -1
vn 0 0 -1
vn 0 0 -1
vn 0 0 -1
vn 0 0 -1
vn 0 0 -1
vn 0 0 -1
vn 0 0 -1
vn 0 0 -1
vn 0 0 -1
vn 0 0 -1
vn 0 0 -1
vn 0 0 -1
vn 0 0 -1
vn 0 0 -1
vn 0 0 -1
vn 0 0 -1
vn 0 0 -1
vn 0 0 -1
vn 0 0 -1
vn 0 0 -1
vn 0 0 -1
vn 0 0 -1
vn 0 0 -1
vn 0 0 -1
vn 0 0 -1
vn 0 0 -1
vn 0 0 -1
vn 0 0 -1
vn 0 0 -1
vn 0 0 -1
vn 0 0 -1
vn 0 0 -1
vn 0 0 -1
vn 0 0 -1
vn 0 0 -1
vn 0 0 -1
vn 0 0 -1
vn 0 0 -1
vn 0 0 -1
vn 0 0 -1
vn 0 0 -1
vn 0 0 -1
vn 0 0 -1
vn 0 0 -1
vn 0 0 -1
vn 0 0 -1
vn 0 0 -1
vn 0 0 -1
vn 0 0 -1
vn 0 0 -1
vn 0 0 -1
vn 0 0 -1
vn 0 0 -1
vn 0 0 -1
vn 0 0 -1
vn 0 0 -1
vn 0 0 -1
vn 0 0 -1
vn 0 0 -1
vn 0 0 -1
vn 0 0 -1
vn 0 0 -1
vn 0 0 -1
vn 0 0 -1
vn 0 0 -1
vn 0 0 -1
vn 0 0 -1
vn 0 0 -1
vn 0 0 -1
vn 0 0 -1
vn 0 0 -1
vn 0 0 -1
vn 0 0 -1
vn 0 0 -1
vn 0 0 -1
vn 0 0 -1
vn 0 0 -1
vn 0 0 -1
vn 0 0 -1
vn 0 0 -1
vn 0 0 -1
vn 0 0 -1
vn 0 0 -1
vn 0 0 -1
vn 0 0 -1
vn 0 0 -1
vn 0 0 -1
vn 0 0 -1
vn 0 0 -1
vn 0 0 -1
vn 0 0 -1
vn 0 0 -1
vn 0 0 -1
vn 0 0 -1
vn 0 0 -1
vn 0 0 -1
vn 0 0 -1
vn 0 0 -1
vn 0 0 -1
vn 0 0 -1
vn 0 0 -1
vn 0 0 -1
vn 0 0 -1
vn 0 0 -1
vn 0 0 -1
vn 0 0 -1
vn 0 0 -1
vn 0 0 -1
vn 0 0 -1
vn 0 0 -1
vn 0 0 -1
vn 0 0 -1
vn 0 0 -1
vn 0 0 -1
vn 0 0 -1
vn 0 0 -1
vn 0 0 -1
vn 0 0 -1
vn 0 0 -1
vn 0 0 -1
vn 0 0 -1
vn 0 0 -1
vn 0 0 -1
vn 0 0 -1
vn 0 0 -1
vn 0 0 -1
vn 0 0 -1
vn 0 0 -1
vn 0 0 -1
vn 0 0 -1
vn 0 0 -1
vn 0 0 -1
vn 0 0 -1
vn 0 0 -1
vn 0 0 -1
vn 0 0 -1
vn 0 0 -1
vn 0 0 -1
vn 0 0 -1
vn 0 0 -1
vn 0 0 -1
vn 0 0 -1
vn 0 0 -1
vn 0 0 -1
vn 0 0 -1
vn 0 0 -1
vn 0 0 -1
vn 0 0 -1
vn 0 0 -1
vn 0 0 -1
vn 0 0 -1
vn 0 0 -1
vn 0 0 -1
vn 0 0 -1
vn 0 0 -1
vn 0 0 -1
vn 0 0 -1
vn 0 0 -1
vn 0 0 -1
vn 0 0 -1
vn 0 0 -1
vn 0 0 -1
vn 0 0 -1
vn 0 0 -1
vn 0 0 -1
vn 0 0 -1
vn 0 0 -1
vn 0 0 -1
vn 0 0 -1
vn 0 0 -1
vn 0 0 -1
vn 0 0 -1
vn 0 0 -1
vn 0 0 -1
vn 0 0 -1
vn 0 0 -1
vn 0 0 -1
vn 0 0 -1
vn 0 0 -1
vn 0 0 -1
vn 0 0 -1
vn 0 0 -1
vn 0 0 -1
vn 0 0 -1
vn 0 0 -1
vn 0 0 -1
vn 0 0 -1
vn 0 0 -1
vn 0 0 -1
vn 0 0 -1
vn 0 0 -1
vn 0 0 -1
vn 0 0 -1
vn 0 0 -1
vn 0 0 -1
vn 0 0 -1
vn 0 0 -1
vn 0 0 -1
vn 0 0 -1
vn 0 0 -1
vn 0 0 -1
vn 0 0 -1
vn 0 0 -1
vn 0 0 -1
vn 0 0 -1
vn 0 0 -1
vn 0 0 -1
vn 0 0 -1
vn 0 0 -1
vn 0 0 -1
vn 0 0 -1
vn 0 0 -1
vn 0 0 -1
vn 0 0 -1
vn 0 0 -1
vn 0 0 -1
vn 0 0 -1
vn 0 0 -1
vn 0 0 -1
vn 0 0 -1
vn 0 0 -1
vn 0 0 -1
vn 0 0 -1
vn 0 0 -1
vn 0 0 -1
vn 0 0 -1
vn 0 0 -1
vn 0 0 -1
vn 0 0 -1
vn 0 0 -1
vn 0 0 -1
vn 0 0 -1
vn 0 0 -1
vn 0 0 -1
vn 0 0 -1
vn 0 0 -1
vn 0 0 -1
vn 0 0 -1
vn 0 0 -1
vn 0 0 -1
vn 0 0 -1
vn 0 0 -1
vn 0 0 -1
vn 0 0 -1
vn 0 0 -1
vn 0 0 -1
vn 0 0 -1
vn 0 0 -1
vn 0 0 -1
vn 0 0 -1
vn 0 0 -1
vn 0 0 -1
vn 0 0 -1
vn 0 0 -1
vn 0 0 -1
vn 0 0 -1
vn 0 0 -1
vn 0 0 -1
vn 0 0 -1
vn 0 0 -1
vn 0 0 -1
vn 0 0 -1
vn 0 0 -1
vn 0 0 -1
vn 0 0 -1
vn 0 0 -1
vn 0 0 -1
vn 0 0 -1
vn 0 0 -1
vn 0 0 -1
vn 0 0 -1
vn 0 0 -1
vn 0 0 -1
vn 0 0 -1
vn 0 0 -1
vn 0 0 -1
vn 0 0 -1
vn 0 0 -1
vn 0 0 -1
vn 0 0 -1
vn 0 0 -1
vn 0 0 -1
vn 0 0 -1
vn 0 0 -1
vn 0 0 -1
vn 0 0 -1
vn 0 0 -1
vn 0 0 -1
vn 0 0 -1
vn 0 0 -1
vn 0 0 -1
vn 0 0 -1
vn 0 0 -1
vn 0 0 -1
vn 0 0 -1
vn 0 0 -1
vn 0 0 -1
vn 0 0 -1
vn 0 0 -1
vn 0 0 -1
vn 0 0 -1
vn 0 0 -1
vn 0 0 -1
vn 0 0 -1
vn 0 0 -1
vn 0 0 -1
vn 0 0 -1
vn 0 0 -1
vn 0 0 -1
vn 0 0 -1
vn 0 0 -1
vn 0 0 -1
vn 0 0 -1
vn 0 0 -1
vn 0 0 -1
vn 0 0 -1
vn 0 0 -1
vn 0 0 -1
vn 0 0 -1
vn 0 0 -1
vn 0 0 -1
vn 0 0 -1
vn 0 0 -1
vn 0 0 -1
vn 0 0 -1
vn 0 0 -1
vn 0 0 -1
vn 0 0 -1
vn 0 0 -1
vn 0 0 -1
vn 0 0 -1
vn 0 0 -1
vn 0 0 -1
vn 0 0 -1
vn 0 0 -1
vn 0 0 -1
vn 0 0 -1
vn 0 0 -1
vn 0 0 -1
vn 0 0 -1
vn 0 0 -1
vn 0 0 -1
vn 0 0 -1
vn 0 0 -1
vn 0 0 -1
vn 0 0 -1
vn 0 0 -1
vn 0 0 -1
vn 0 0 -1
vn 0 0 -1
vn 0 0 -1
vn 0 0 -1
vn 0 0 -1
vn 0 0 -1
vn 0 0 -1
vn 0 0 -1
vn 0 0 -1
vn 0 0 -1
vn 0 0 -1
vn 0 0 -1
vn 0 0 -1
vn 0 0 -1
vn 0 0 -1
vn 0 0 -1
vn 0 0 -1
vn 0 0 -1
vn 0 0 -1
vn 0 0 -1
vn 0 0 -1
vn 0 0 -1
vn 0 0 -1
vn 0 0 -1
vn 0 0 -1
vn 0 0 -1
vn 0 0 -1
vn 0 0 -1
vn 0 0 -1
vn 0 0 -1
vn 0 0 -1
vn 0 0 -1
vn 0 0 -1
vn 0 0 -1
vn 0 0 -1
vn 0 0 -1
vn 0 0 -1
vn 0 0 -1
vn 0 0 -1
vn 0 0 -1
vn 0 0 -1
vn 0 0 -1
vn 0 0 -1
vn 0 0 -1
vn 0 0 -1
vn 0 0 -1
vn 0 0 -1
vn 0 0 -1
vn 0 0 -1
vn 0 0 -1
vn 0 0 -1
vn 0 0 -1
vn 0 0 -1
vn 0 0 -1
vn 0 0 -1
vn 0 0 -1
vn 0 0 -1
vn 0 0 -1
vn 0 0 -1
vn 0 0 -1
vn 0 0 -1
vn 0 0 -1
vn 0 0 -1
vn 0 0 -1
vn 0 0 -1
vn 0 0 -1
vn 0 0 -1
vn 0 0 -1
vn 0 0 -1
vn 0 0 -1
vn 0 0 -1
vn 0 0 -1
vn 0 0 -1
vn 0 0 -1
vn 0 0 -1
vn 0 0 -1
vn 0 0 -1
vn 0 0 -1
vn 0 0 -1
vn 0 0 -1
vn 0 0 -1
vn 0 0 -1
vn 0 0 -1
vn 0 0 -1
vn 0 0 -1
vn 0 0 -1
vn 0 0 -1
vn 0 0 -1
vn 0 0 -1
vn 0 0 -1
vn 0 0 -1
vn 0 0 -1
vn 0 0 -1
vn 0 0 -1
vn 0 0 -1
vn 0 0 -1
vn 0 0 -1
vn 0 0 -1
vn 0 0 -1
vn 0 0 -1
vn 0 0 -1
vn 0 0 -1
vn 0 0 -1
vn 0 0 -1
vn 0 0 -1
vn 0 0 -1
vn 0 0 -1
vn 0 0 -1
vn 0 0 -1
vn 0 0 -1
vn 0 0 -1
vn 0 0 -1
vn 0 0 -1
vn 0 0 -1
vn 0 0 -1
vn 0 0 -1
vn 0 0 -1
vn 0 0 -1
vn 0 0 -1
vn 0 0 -1
vn 0 0 -1
vn 0 0 -1
vn 0 0 -1
vn 0 0 -1
vn 0 0 -1
vn 0 0 -1
vn 0 0 -1
vn 0 0 -1
vn 0 0 -1
vn 0 0 -1
vn 0 0 -1
vn 0 0 -1
vn 0 0 -1
vn 0 0 -1
vn 0 0 -1
vn 0 0 -1
vn 0 0 -1
vn 0 0 -1
vn 0 0 -1
vn 0 0 -1
vn 0 0 -1
vn 0 0 -1
vn 0 0 -1
vn 0 0 -1
vn 0 0 -1
vn 0 0 -1
vn 0 0 -1
vn 0 0 -1
vn 0 0 -1
vn 0 0 -1
vn 0 0 -1
vn 0 0 -1
vn 0 0 -1
vn 0 0 -1
vn 0 0 -1
vn 0 0 -1
vn 0 0 -1
vn 0 0 -1
vn 0 0 -1
vn 0 0 -1
vn 0 0 -1
vn 0 0 -1
vn 0 0 -1
vn 0 0 -1
vn 0 0 -1
vn 0 0 -1
vn 0 0 -1
vn 0 0 -1
vn 0 0 -1
vn 0 0 -1
vn 0 0 -1
vn 0 0 -1
vn 0 0 -1
vn 0 0 -1
vn 0 0 -1
vn 0 0 -1
vn 0 0 -1
vn 0 0 -1
vn 0 0 -1
vn 0 0 -1
vn 0 0 -1
vn 0 0 -1
vn 0 0 -1
vn 0 0 -1
vn 0 0 -1
vn 0 0 -1
vn 0 0 -1
vn 0 0 -1
vn 0 0 -1
vn 0 0 -1
vn 0 0 -1
vn 0 0 -1
vn 0 0 -1
vn 0 0 -1
vn 0 0 -1
vn 0 0 -1
vn 0 0 -1
vn 0 0 -1
vn 0 0 -1
vn 0 0 -1
vn 0 0 -1
vn 0 0 -1
vn 0 0 -1
vn 0 0 -1
vn 0 0 -1
vn 0 0 -1
vn 0 0 -1
vn 0 0 -1
vn 0 0 -1
vn 0 0 -1
vn 0 0 -1
vn 0 0 -1
vn 0 0 -1
vn 0 0 -1
vn 0 0 -1
vn 0 0 -1
vn 0 0 -1
vn 0 0 -1
vn 0 0 -1
vn 0 0 -1
vn 0 0 -1
vn 0 0 -1
vn 0 0 -1
vn 0 0 -1
vn 0 0 -1
vn 0 0 -1
vn 0 0 -1
vn 0 0 -1
vn 0 0 -1
vn 0 0 -1
vn 0 0 -1
vn 0 0 -1
vn 0 0 -1
vn 0 0 -1
vn 0 0 -1
vn 0 0 -1
vn 0 0 -1
vn 0 0 -1
vn 0 0 -1
vn 0 0 -1
vn 0 0 -1
vn 0 0 -1
vn 0 0 -1
vn 0 0 -1
vn 0 0 -1
vn 0 0 -1
vn 0 0 -1
vn 0 0 -1
vn 0 0 -1
vn 0 0 -1
vn 0 0 -1
vn 0 0 -1
vn 0 0 -1
vn 0 0 -1
vn 0 0 -1
vn 0 0 -1
vn 0 0 -1
vn 0 0 -1
vn 0 0 -1
vn 0 0 -1
vn 0 0 -1
vn 0 0 -1
vn 0 0 -1
vn 0 0 -1
vn 0 0 -1
vn 0 0 -1
vn 0 0 -1
vn 0 0 -1
vn 0 0 -1
vn 0 0 -1
vn 0 0 -1
vn 0 0 -1
vn 0 0 -1
vn 0 0 -1
vn 0 0 -1
vn 0 0 -1
vn 0 0 -1
vn 0 0 -1
vn 0 0 -1
vn 0 0 -1
vn 0 0 -1
vn 0 0 -1
vn 0 0 -1
vn 0 0 -1
vn 0 0 -1
vn 0 0 -1
vn 0 0 -1
vn 0 0 -1
vn 0 0 -1
vn 0 0 -1
vn 0 0 -1
vn 0 0 -1
vn 0 0 -1
vn 0 0 -1
vn 0 0 -1
vn 0 0 -1
vn 0 0 -1
vn 0 0 -1
vn 0 0 -1
vn 0 0 -1
vn 0 0 -1
vn 0 0 -1
vn 0 0 -1
vn 0 0 -1
vn 0 0 -1
vn 0 0 -1
vn 0 0 -1
vn 0 0 -1
vn 0 0 -1
vn 0 0 -1
vn 0 0 -1
vn 0 0 -1
vn 0 0 -1
vn 0 0 -1
vn 0 0 -1
vn 0 0 -1
vn 0 0 -1
vn 0 0 -1
vn 0 0 -1
vn 0 0 -1
vn 0 0 -1
vn 0 0 -1
vn 0 0 -1
vn 0 0 -1
vn 0 0 -1
vn 0 0 -1
vn 0 0 -1
vn 0 0 -1
vn 0 0 -1
vn 0 0 -1
vn 0 0 -1
vn 0 0 -1
vn 0 0 -1
vn 0 0 -1
vn 0 0 -1
vn 0 0 -1
vn 0 0 -1
vn 0 0 -1
vn 0 0 -1
vn 0 0 -1
vn 0 0 -1
vn 0 0 -1
vn 0 0 -1
vn 0 0 -1
vn 0 0 -1
vn 0 0 -1
vn 0 0 -1
vn 0 0 -1
vn 0 0 -1
vn 0 0 -1
vn 0 0 -1
vn 0 0 -1
vn 0 0 -1
vn 0 0 -1
vn 0 0 -1
vn 0 0 -1
vn 0 0 -1
vn 0 0 -1
vn 0 0 -1
vn 0 0 -1
vn 0 0 -1
vn 0 0 -1
vn 0 0 -1
vn 0 0 -1
vn 0 0 -1
vn 0 0 -1
vn 0 0 -1
vn 0 0 -1
vn 0 0 -1
vn 0 0 -1
vn 0 0 -1
vn 0 0 -1
vn 0 0 -1
vn 0 0 -1
vn 0 0 -1
vn 0 0 -1
vn 0 0 -1
vn 0 0 -1
vn 0 0 -1
vn 0 0 -1
vn 0 0 -1
vn 0 0 -1
vn 0 0 -1
vn 0 0 -1
vn 0 0 -1
vn 0 0 -1
vn 0 0 -1
vn 0 0 -1
vn 0 0 -1
vn 0 0 -1
vn 0 0 -1
vn 0 0 -1
vn 0 0 -1
vn 0 0 -1
vn 0 0 -1
vn 0 0 -1
vn 0 0 -1
vn 0 0 -1
vn 0 0 -1
vn 0 0 -1
vn 0 0 -1
vn 0 0 -1
vn 0 0 -1
vn 0 0 -1
vn 0 0 -1
vn 0 0 -1
vn 0 0 -1
vn 0 0 -1
vn 0 0 -1
vn 0 0 -1
vn 0 0 -1
vn 0 0 -1
vn 0 0 -1
vn 0 0 -1
vn 0 0 -1
vn 0 0 -1
vn 0 0 -1
vn 0 0 -1
vn 0 0 -1
vn 0 0 -1
vn 0 0 -1
vn 0 0 -1
vn 0 0 -1
vn 0 0 -1
vn 0 0 -1
vn 0 0 -1
vn 0 0 -1
vn 0 0 -1
vn 0 0 -1
vn 0 0 -1
vn 0 0 -1
vn 0 0 -1
vn 0 0 -1
vn 0 0 -1
vn 0 0 -1
vn 0 0 -1
vn 0 0 -1
vn 0 0 -1
vn 0 0 -1
vn 0 0 -1
vn 0 0 -1
vn 0 0 -1
vn 0 0 -1
vn 0 0 -1
vn 0 0 -1
vn 0 0 -1
vn 0 0 -1
vn 0 0 -1
vn 0 0 -1
vn 0 0 -1
vn 0 0 -1
vn 0 0 -1
vn 0 0 -1
vn 0 0 -1
vn 0 0 -1
vn 0 0 -1
vn 0 0 -1
vn 0 0 -1
vn 0 0 -1
vn 0 0 -1
vn 0 0 -1
vn 0 0 -1
vn 0 0 -1
vn 0 0 -1
vn 0 0 -1
vn 0 0 -1
vn 0 0 -1
vn 0 0 -1
vn 0 0 -1
vn 0 0 -1
vn 0 0 -1
vn 0 0 -1
vn 0 0 -1
vn 0 0 -1
vn 0 0 -1
vn 0 0 -1
vn 0 0 -1
vn 0 0 -1
vn 0 0 -1
vn 0 0 -1
vn 0 0 -1
vn 0 0 -1
vn 0 0 -1
vn 0 0 -1
vn 0 0 -1
vn 0 0 -1
vn 0 0 -1
vn 0 0 -1
vn 0 0 -1
vn 0 0 -1
vn 0 0 -1
vn 0 0 -1
vn 0 0 -1
vn 0 0 -1
vn 0 0 -1
vn 0 0 -1
vn 0 0 -1
vn 0 0 -1
vn 0 0 -1
vn 0 0 -1
vn 0 0 -1
vn 0 0 -1
vn 0 0 -1
vn 0 0 -1
vn 0 0 -1
vn 0 0 -1
vn 0 0 -1
vn 0 0 -1
vn 0 0 -1
vn 0 0 -1
vn 0 0 -1
vn 0 0 -1
vn 0 0 -1
vn 0 0 -1
vn 0 0 -1
vn 0 0 -1
vn 0 0 -1
vn 0 0 -1
vn 0 0 -1
vn 0 0 -1
vn 0 0 -1
vn 0 0 -1
vn 0 0 -1
vn 0 0 -1
vn 0 0 -1
vn 0 0 -1
vn 0 0 -1
vn 0 0 -1
vn 0 0 -1
vn 0 0 -1
vn 0 0 -1
vn 0 0 -1
vn 0 0 -1
vn 0 0 -1
vn 0 0 -1
vn 0 0 -1
vn 0 0 -1
vn 0 0 -1
vn 0 0 -1
vn 0 0 -1
vn 0 0 -1
vn 0 0 -1
vn 0 0 -1
vn 0 0 -1
vn 0 0 -1
vn 0 0 -1
vn 0 0 -1
vn 0 0 -1
vn 0 0 -1
vn 0 0 -1
vn 0 0 -1
vn 0 0 -1
vn 0 0 -1
vn 0 0 -1
vn 0 0 -1
vn 0 0 -1
vn 0 0 -1
vn 0 0 -1
vn 0 0 -1
vn 0 0 -1
vn 0 0 -1
vn 0 0 -1
vn 0 0 -1
vn 0 0 -1
vn 0 0 -1
vn 0 0 -1
vn 0 0 -1
vn 0 0 -1
vn 0 0 -1
vn 0 0 -1
vn 0 0 -1
vn 0 0 -1
vn 0 0 -1
vn 0 0 -1
vn 0 0 -1
vn 0 0 -1
vn 0 0 -1
vn 0 0 -1
vn 0 0 -1
vn 0 0 -1
vn 0 0 -1
vn 0 0 -1
vn 0 0 -1
vn 0 0 -1
vn 0 0 -1
vn 0 0 -1
vn 0 0 -1
vn 0 0 -1
vn 0 0 -1
vn 0 0 -1
vn 0 0 -1
vn 0 0 -1
vn 0 0 -1
vn 0 0 -1
vn 0 0 -1
vn 0 0 -1
vn 0 0 -1
vn 0 0 -1
vn 0 0 -1
vn 0 0 -1
vn 0 0 -1
vn 0 0 -1
vn 0 0 -1
vn 0 0 -1
vn 0 0 -1
vn 0 0 -1
vn 0 0 -1
vn 0 0 -1
vn 0 0 -1
vn 0 0 -1
vn 0 0 -1
vn 0 0 -1
vn 0 0 -1
vn 0 0 -1
vn 0 0 -1
vn 0 0 -1
vn 0 0 -1
vn 0 0 -1
vn 0 0 -1
vn 0 0 -1
vn 0 0 -1
vn 0 0 -1
vn 0 0 -1
vn 0 0 -1
vn 0 0 -1
vn 0 0 -1
vn 0 0 -1
vn 0 0 -1
vn 0 0 -1
vn 0 0 -1
vn 0 0 -1
vn 0 0 -1
vn 0 0 -1
vn 0 0 -1
vn 0 0 -1
vn 0 0 -1
vn 0 0 -1
vn 0 0 -1
vn 0 0 -1
vn 0 0 -1
vn 0 0 -1
vn 0 0 -1
vn 0 0 -1
vn 0 0 -1
vn 0 0 -1
vn 0 0 -1
vn 0 0 -1
vn 0 0 -1
vn 0 0 -1
vn 0 0 -1
vn 0 0 -1
vn 0 0 -1
vn 0 0 -1
vn 0 0 -1
vn 0 0 -1
vn 0 0 -1
vn 0 0 -1
vn 0 0 -1
vn 0 0 -1
vn 0 0 -1
vn 0 0 -1
vn 0 0 -1
vn 0 0 -1
vn 0 0 -1
vn 0 0 -1
vn 0 0 -1
vn 0 0 -1
vn 0 0 -1
vn 0 0 -1
vn 0 0 -1
vn 0 0 -1
vn 0 0 -1
vn 0 0 -1
vn 0 0 -1
vn 0 0 -1
vn 0 0 -1
vn 0 0 -1
vn 0 0 -1
vn 0 0 -1
vn 0 0 -1
vn 0 0 -1
vn 0 0 -1
vn 0 0 -1
vn 0 0 -1
vn 0 0 -1
vn 0 0 -1
vn 0 0 -1
vn 0 0 -1
vn 0 0 -1
vn 0 0 -1
vn 0 0 -1
vn 0 0 -1
vn 0 0 -1
vn 0 0 -1
vn 0 0 -1
vn 0 0 -1
vn 0 0 -1
vn 0 0 -1
vn 0 0 -1
vn 0 0 -1
vn 0 0 -1
vn 0 0 -1
vn 0 0 -1
vn 0 0 -1
vn 0 0 -1
vn 0 0 -1
vn 0 0 -1
vn 0 0 -1
vn 0 0 -1
vn 0 0 -1
vn 0 0 -1
vn 0 0 -1
vn 0 0 -1
vn 0 0 -1
vn 0 0 -1
vn 0 0 -1
vn 0 0 -1
vn 0 0 -1
vn 0 0 -1
vn 0 0 -1
vn 0 0 -1
vn 0 0 -1
vn 0 0 -1
vn 0 0 -1
vn 0 0 -1
vn 0 0 -1
vn 0 0 -1
vn 0 0 -1
vn 0 0 -1
vn 0 0 -1
vn 0 0 -1
vn 0 0 -1
vn 0 0 -1
vn 0 0 -1
vn 0 0 -1
vn 0 0 -1
vn 0 0 -1
vn 0 0 -1
vn 0 0 -1
vn 0 0 -1
vn 0 0 -1
vn 0 0 -1
vn 0 0 -1
vn 0 0 -1
vn 0 0 -1
vn 0 0 -1
vn 0 0 -1
vn 0 0 -1
vn 0 0 -1
vn 0 0 -1
vn 0 0 -1
vn 0 0 -1
vn 0 0 -1
vn 0 0 -1
vn 0 0 -1
vn 0 0 -1
vn 0 0 -1
vn 0 0 -1
vn 0 0 -1
vn 0 0 -1
vn 0 0 -1
vn 0 0 -1
vn 0 0 -1
vn 0 0 -1
vn 0 0 -1
vn 0 0 -1
vn 0 0 -1
vn 0 0 -1
vn 0 0 -1
vn 0 0 -1
vn 0 0 -1
vn 0 0 -1
vn 0 0 -1
vn 0 0 -1
vn 0 0 -1
vn 0 0 -1
vn 0 0 -1
vn 0 0 -1
vn 0 0 -1
vn 0 0 -1
vn 0 0 -1
vn 0 0 -1
vn 0 0 -1
vn 0 0 -1
vn 0 0 -1
vn 0 0 -1
vn 0 0 -1
vn 0 0 -1
vn 0 0 -1
vn 0 0 -1
vn 0 0 -1
vn 0 0 -1
vn 0 0 -1
vn 0 0 -1
vn 0 0 -1
vn 0 0 -1
vn 0 0 -1
vn 0 0 -1
vn 0 0 -1
vn 0 0 -1
vn 0 0 -1
vn 0 0 -1
vn 0 0 -1
vn 0 0 -1
vn 0 0 -1
vn 0 0 -1
vn 0 0 -1
vn 0 0 -1
vn 0 0 -1
vn 0 0 -1
vn 0 0 -1
vn 0 0 -1
vn 0 0 -1
vn 0 0 -1
vn 0 0 -1
vn 0 0 -1
vn 0 0 -1
vn 0 0 -1
vn 0 0 -1
vn 0 0 -1
vn 0 0 -1
vn 0 0 -1
vn 0 0 -1
vn 0 0 -1
vn 0 0 -1
vn 0 0 -1
vn 0 0 -1
vn 0 0 -1
vn 0 0 -1
vn 0 0 -1
vn 0 0 -1
vn 0 0 -1
vn 0 0 -1
vn 0 0 -1
vn 0 0 -1
vn 0 0 -1
vn 0 0 -1
vn 0 0 -1
vn 0 0 -1
vn 0 0 -1
vn 0 0 -1
vn 0 0 -1
vn 0 0 -1
vn 0 0 -1
vn 0 0 -1
vn 0 0 -1
vn 0 0 -1
vn 0 0 -1
vn 0 0 -1
vn 0 0 -1
vn 0 0 -1
vn 0 0 -1
vn 0 0 -1
vn 0 0 -1
vn 0 0 -1
vn 0 0 -1
vn 0 0 -1
vn 0 0 -1
vn 0 0 -1
vn 0 0 -1
vn 0 0 -1
vn 0 0 -1
vn 0 0 -1
vn 0 0 -1
vn 0 0 -1
vn 0 0 -1
vn 0 0 -1
vn 0 0 -1
vn 0 0 -1
vn 0 0 -1
vn 0 0 -1
vn 0 0 -1
vn 0 0 -1
vn 0 0 -1
vn 0 0 -1
vn 0 0 -1
vn 0 0 -1
vn 0 0 -1
vn 0 0 -1
vn 0 0 -1
vn 0 0 -1
vn 0 0 -1
vn 0 0 -1
vn 0 0 -1
vn 0 0 -1
vn 0 0 -1
vn 0 0 -1
vn 0 0 -1
vn 0 0 -1
vn 0 0 -1
vn 0 0 -1
vn 0 0 -1
vn 0 0 -1
vn 0 0 -1
vn 0 0 -1
vn 0 0 -1
vn 0 0 -1
vn 0 -1 0
vn 0 -1 0
vn 0 -1 0
vn 0 -1 0
vn 0 -1 0
vn 0 -1 0
vn 0 -1 0
vn 0 -1 0
vn 0 -1 0
vn 0 -1 0
vn 0 -1 0
vn 0 -1 0
vn 0 -1 0
vn 0 -1 0
vn 0 -1 0
vn 0 -1 0
vn 0 -1 0
vn 0 -1 0
vn 0 -1 0
vn 0 -1 0
vn 0 -1 0
vn 0 -1 0
vn 0 -1 0
vn 0 -1 0
vn 0 -1 0
vn 0 -1 0
vn 0 -1 0
vn 0 -1 0
vn 0 -1 0
vn 0 -1 0
vn 0 -1 0
vn 0 -1 0
vn 0 -1 0
vn 0 -1 0
vn 0 -1 0
vn 0 -1 0
vn 0 -1 0
vn 0 -1 0
vn 0 -1 0
vn 0 -1 0
vn 0 -1 0
vn 0 -1 0
vn 0 -1 0
vn 0 -1 0
vn 0 -1 0
vn 0 -1 0
vn 0 -1 0
vn 0 -1 0
vn 0 -1 0
vn 0 -1 0
vn 0 -1 0
vn 0 -1 0
vn 0 -1 0
vn 0 -1 0
vn 0 -1 0
vn 0 -1 0
vn 0 -1 0
vn 0 -1 0
vn 0 -1 0
vn 0 -1 0
vn 0 -1 0
vn 0 -1 0
vn 0 -1 0
vn 0 -1 0
vn 0 -1 0
vn 0 -1 0
vn 0 -1 0
vn 0 -1 0
vn 0 -1 0
vn 0 -1 0
vn 0 -1 0
vn 0 -1 0
vn 0 -1 0
vn 0 -1 0
vn 0 -1 0
vn 0 -1 0
vn 0 -1 0
vn 0 -1 0
vn 0 -1 0
vn 0 -1 0
vn 0 -1 0
vn 0 -1 0
vn 0 -1 0
vn 0 -1 0
vn 0 -1 0
vn 0 -1 0
vn 0 -1 0
vn 0 -1 0
vn 0 -1 0
vn 0 -1 0
vn 0 -1 0
vn 0 -1 0
vn 0 -1 0
vn 0 -1 0
vn 0 -1 0
vn 0 -1 0
vn 0 -1 0
vn 0 -1 0
vn 0 -1 0
vn 0 -1 0
vn 0 -1 0
vn 0 -1 0
vn 0 -1 0
vn 0 -1 0
vn 0 -1 0
vn 0 -1 0
vn 0 -1 0
vn 0 -1 0
vn 0 -1 0
vn 0 -1 0
vn 0 -1 0
vn 0 -1 0
vn 0 -1 0
vn 0 -1 0
vn 0 -1 0
vn 0 -1 0
vn 0 -1 0
vn 0 -1 0
vn 0 -1 0
vn 0 -1 0
vn 0 -1 0
vn 0 -1 0
vn 0 -1 0
vn 0 -1 0
vn 0 -1 0
vn 0 -1 0
vn 0 -1 0
vn 0 -1 0
vn 0 -1 0
vn 1 0 0
vn 1 0 0
vn 1 0 0
vn 1 0 0
vn 1 0 0
vn 1 0 0
vn 1 0 0
vn 1 0 0
vn 1 0 0
vn 1 0 0
vn 1 0 0
vn 1 0 0
vn 1 0 0
vn 1 0 0
vn 1 0 0
vn 1 0 0
vn 1 0 0
vn 1 0 0
vn 1 0 0
vn 1 0 0
vn 1 0 0
vn 1 0 0
vn 1 0 0
vn 1 0 0
vn 1 0 0
vn 1 0 0
vn 1 0 0
vn 1 0 0
vn 1 0 0
vn 1 0 0
vn 1 0 0
vn 1 0 0
vn 1 0 0
vn 1 0 0
vn 1 0 0
vn 1 0 0
vn 1 0 0
vn 1 0 0
vn 1 0 0
vn 1 0 0
vn 1 0 0
vn 1 0 0
vn 1 0 0
vn 1 0 0
vn 1 0 0
vn 1 0 0
vn 1 0 0
vn 1 0 0
vn 1 0 0
vn 1 0 0
vn 1 0 0
vn 1 0 0
vn 1 0 0
vn 1 0 0
vn 1 0 0
vn 1 0 0
vn 1 0 0
vn 1 0 0
vn 1 0 0
vn 1 0 0
vn 1 0 0
vn 1 0 0
vn 1 0 0
vn 1 0 0
vn 1 0 0
vn 1 0 0
vn 1 0 0
vn 1 0 0
vn 1 0 0
vn 1 0 0
vn 1 0 0
vn 1 0 0
vn 1 0 0
vn 1 0 0
vn 1 0 0
vn 1 0 0
vn 1 0 0
vn 1 0 0
vn 1 0 0
vn 1 0 0
vn 1 0 0
vn 1 0 0
vn 1 0 0
vn 1 0 0
vn 1 0 0
vn 1 0 0
vn 1 0 0
vn 1 0 0
vn 1 0 0
vn 1 0 0
vn 1 0 0
vn 1 0 0
vn 1 0 0
vn 1 0 0
vn 1 0 0
vn 1 0 0
vn 1 0 0
vn 1 0 0
vn 1 0 0
vn 1 0 0
vn 1 0 0
vn 1 0 0
vn 1 0 0
vn 1 0 0
vn 1 0 0
vn 1 0 0
vn 1 0 0
vn 1 0 0
vn 1 0 0
vn 1 0 0
vn 1 0 0
vn 1 0 0
vn 1 0 0
vn 1 0 0
vn 1 0 0
vn 1 0 0
vn 1 0 0
vn 1 0 0
vn 1 0 0
vn 1 0 0
vn 1 0 0
vn 1 0 0
vn 1 0 0
vn 1 0 0
vn 1 0 0
vn 1 0 0
vn 0 1 0
vn 0 1 0
vn 0 1 0
vn 0 1 0
vn 0 1 0
vn 0 1 0
vn 0 1 0
vn 0 1 0
vn 0 1 0
vn 0 1 0
vn 0 1 0
vn 0 1 0
vn 0 1 0
vn 0 1 0
vn 0 1 0
vn 0 1 0
vn 0 1 0
vn 0 1 0
vn 0 1 0
vn 0 1 0
vn 0 1 0
vn 0 1 0
vn 0 1 0
vn 0 1 0
vn 0 1 0
vn 0 1 0
vn 0 1 0
vn 0 1 0
vn 0 1 0
vn 0 1 0
vn 0 1 0
vn 0 1 0
vn 0 1 0
vn 0 1 0
vn 0 1 0
vn 0 1 0
vn 0 1 0
vn 0 1 0
vn 0 1 0
vn 0 1 0
vn 0 1 0
vn 0 1 0
vn 0 1 0
vn 0 1 0
vn 0 1 0
vn 0 1 0
vn 0 1 0
vn 0 1 0
vn 0 1 0
vn 0 1 0
vn 0 1 0
vn 0 1 0
vn 0 1 0
vn 0 1 0
vn 0 1 0
vn 0 1 0
vn 0 1 0
vn 0 1 0
vn 0 1 0
vn 0 1 0
vn 0 1 0
vn 0 1 0
vn 0 1 0
vn 0 1 0
vn 0 1 0
vn 0 1 0
vn 0 1 0
vn 0 1 0
vn 0 1 0
vn 0 1 0
vn 0 1 0
vn 0 1 0
vn 0 1 0
vn 0 1 0
vn 0 1 0
vn 0 1 0
vn 0 1 0
vn 0 1 0
vn 0 1 0
vn 0 1 0
vn 0 1 0
vn 0 1 0
vn 0 1 0
vn 0 1 0
vn 0 1 0
vn 0 1 0
vn 0 1 0
vn 0 1 0
vn 0 1 0
vn 0 1 0
vn 0 1 0
vn 0 1 0
vn 0 1 0
vn 0 1 0
vn 0 1 0
vn 0 1 0
vn 0 1 0
vn 0 1 0
vn 0 1 0
vn 0 1 0
vn 0 1 0
vn 0 1 0
vn 0 1 0
vn 0 1 0
vn 0 1 0
vn 0 1 0
vn 0 1 0
vn 0 1 0
vn 0 1 0
vn 0 1 0
vn 0 1 0
vn 0 1 0
vn 0 1 0
vn 0 1 0
vn 0 1 0
vn 0 1 0
vn 0 1 0
vn 0 1 0
vn 0 1 0
vn 0 1 0
vn 0 1 0
vn 0 1 0
vn 0 1 0
vn 0 1 0
vn 0 1 0
vn 0 1 0
vn 0 1 0
vn 0 1 0
vn 0 1 0
vn -1 0 0
vn -1 0 0
vn -1 0 0
vn -1 0 0
vn -1 0 0
vn -1 0 0
vn -1 0 0
vn -1 0 0
vn -1 0 0
vn -1 0 0
vn -1 0 0
vn -1 0 0
vn -1 0 0
vn -1 0 0
vn -1 0 0
vn -1 0 0
vn -1 0 0
vn -1 0 0
vn -1 0 0
vn -1 0 0
vn -1 0 0
vn -1 0 0
vn -1 0 0
vn -1 0 0
vn -1 0 0
vn -1 0 0
vn -1 0 0
vn -1 0 0
vn -1 0 0
vn -1 0 0
vn -1 0 0
vn -1 0 0
vn -1 0 0
vn -1 0 0
vn -1 0 0
vn -1 0 0
vn -1 0 0
vn -1 0 0
vn -1 0 0
vn -1 0 0
vn -1 0 0
vn -1 0 0
vn -1 0 0
vn -1 0 0
vn -1 0 0
vn -1 0 0
vn -1 0 0
vn -1 0 0
vn -1 0 0
vn -1 0 0
vn -1 0 0
vn -1 0 0
vn -1 0 0
vn -1 0 0
vn -1 0 0
vn -1 0 0
vn -1 0 0
vn -1 0 0
vn -1 0 0
vn -1 0 0
vn -1 0 0
vn -1 0 0
vn -1 0 0
vn -1 0 0
vn -1 0 0
vn -1 0 0
vn -1 0 0
vn -1 0 0
vn -1 0 0
vn -1 0 0
vn -1 0 0
vn -1 0 0
vn -1 0 0
vn -1 0 0
vn -1 0 0
vn -1 0 0
vn -1 0 0
vn -1 0 0
vn -1 0 0
vn -1 0 0
vn -1 0 0
vn -1 0 0
vn -1 0 0
vn -1 0 0
vn -1 0 0
vn -1 0 0
vn -1 0 0
vn -1 0 0
vn -1 0 0
vn -1 0 0
vn -1 0 0
vn -1 0 0
vn -1 0 0
vn -1 0 0
vn -1 0 0
vn -1 0 0
vn -1 0 0
vn -1 0 0
vn -1 0 0
vn -1 0 0
vn -1 0 0
vn -1 0 0
vn -1 0 0
vn -1 0 0
vn -1 0 0
vn -1 0 0
vn -1 0 0
vn -1 0 0
vn -1 0 0
vn -1 0 0
vn -1 0 0
vn -1 0 0
vn -1 0 0
vn -1 0 0
vn -1 0 0
vn -1 0 0
vn -1 0 0
vn -1 0 0
vn -1 0 0
vn -1 0 0
vn -1 0 0
vn -1 0 0
vn -1 0 0
vn -1 0 0
vn -1 0 0
vn -1 0 0
vn -0.087199201699612247 -0.99619089497091384 0
vn -0.087199201699612247 -0.99619089497091384 0
vn -0.087199201699612247 -0.99619089497091384 0
vn -0.087099960001744497 -0.99619957687588612 0
vn -0.087099960001744497 -0.99619957687588612 0
vn -0.087099960001744497 -0.99619957687588612 0
vn -0.258807730974495 -0.96592885782951599 0
vn -0.258807730974495 -0.96592885782951599 0
vn -0.258807730974495 -0.96592885782951599 0
vn -0.25890101967180396 -0.96590385754116348 0
vn -0.25890101967180396 -0.96590385754116348 0
vn -0.25890101967180396 -0.96590385754116348 0
vn -0.42252410581080924 -0.90635168671370392 0
vn -0.42252410581080924 -0.90635168671370392 0
vn -0.42252410581080924 -0.90635168671370392 0
vn -0.42268836733042764 -0.90627509296214115 0
vn -0.42268836733042764 -0.90627509296214115 0
vn -0.42268836733042764 -0.90627509296214115 0
vn -0.57361668670423349 -0.8191238592145007 0
vn -0.57361668670423349 -0.8191238592145007 0
vn -0.57361668670423349 -0.8191238592145007 0
vn -0.57361668670423349 -0.8191238592145007 0
vn -0.57361668670423349 -0.8191238592145007 0
vn -0.57361668670423349 -0.8191238592145007 0
vn -0.70710678118654757 -0.70710678118654757 0
vn -0.70710678118654757 -0.70710678118654757 0
vn -0.70710678118654757 -0.70710678118654757 0
vn -0.70710678118654757 -0.70710678118654757 0
vn -0.70710678118654757 -0.70710678118654757 0
vn -0.70710678118654757 -0.70710678118654757 0
vn -0.81920373520410372 -0.57350260699289302 0
vn -0.81920373520410372 -0.57350260699289302 0
vn -0.81920373520410372 -0.57350260699289302 0
vn -0.81920373520410372 -0.57350260699289302 0
vn -0.81920373520410372 -0.57350260699289302 0
vn -0.81920373520410372 -0.57350260699289302 0
vn -0.90627509296214115 -0.42268836733042764 0
vn -0.90627509296214115 -0.42268836733042764 0
vn -0.90627509296214115 -0.42268836733042764 0
vn -0.90631339194103622 -0.42260624177635336 0
vn -0.90631339194103622 -0.42260624177635336 0
vn -0.90631339194103622 -0.42260624177635336 0
vn -0.96590385754116348 -0.25890101967180396 0
vn -0.96590385754116348 -0.25890101967180396 0
vn -0.96590385754116348 -0.25890101967180396 0
vn -0.96590385754116348 -0.25890101967180396 0
vn -0.96590385754116348 -0.25890101967180396 0
vn -0.96590385754116348 -0.25890101967180396 0
vn -0.99619957687588612 -0.087099960001744497 0
vn -0.99619957687588612 -0.087099960001744497 0
vn -0.99619957687588612 -0.087099960001744497 0
vn -0.99619957687588612 -0.087099960001744497 0
vn -0.99619957687588612 -0.087099960001744497 0
vn -0.99619957687588612 -0.087099960001744497 0
vn -0.99619957687588612 0.087099960001744497 0
vn -0.99619957687588612 0.087099960001744497 0
vn -0.99619957687588612 0.087099960001744497 0
vn -0.99619957687588612 0.087099960001744497 0
vn -0.99619957687588612 0.087099960001744497 0
vn -0.99619957687588612 0.087099960001744497 0
vn -0.96590385754116348 0.25890101967180396 0
vn -0.96590385754116348 0.25890101967180396 0
vn -0.96590385754116348 0.25890101967180396 0
vn -0.96590385754116348 0.25890101967180396 0
vn -0.96590385754116348 0.25890101967180396 0
vn -0.96590385754116348 0.25890101967180396 0
vn -0.90627509296214115 0.42268836733042764 0
vn -0.90627509296214115 0.42268836733042764 0
vn -0.90627509296214115 0.42268836733042764 0
vn -0.90631339194103622 0.42260624177635336 0
vn -0.90631339194103622 0.42260624177635336 0
vn -0.90631339194103622 0.42260624177635336 0
vn -0.81915674559068619 0.5735697221378373 0
vn -0.81915674559068619 0.5735697221378373 0
vn -0.81915674559068619 0.5735697221378373 0
vn -0.81915674559068619 0.5735697221378373 0
vn -0.81915674559068619 0.5735697221378373 0
vn -0.81915674559068619 0.5735697221378373 0
vn -0.70710678118654757 0.70710678118654757 0
vn -0.70710678118654757 0.70710678118654757 0
vn -0.70710678118654757 0.70710678118654757 0
vn -0.70710678118654757 0.70710678118654757 0
vn -0.70710678118654757 0.70710678118654757 0
vn -0.70710678118654757 0.70710678118654757 0
vn -0.57361668670423349 0.8191238592145007 0
vn -0.57361668670423349 0.8191238592145007 0
vn -0.57361668670423349 0.8191238592145007 0
vn -0.57361668670423349 0.8191238592145007 0
vn -0.57361668670423349 0.8191238592145007 0
vn -0.57361668670423349 0.8191238592145007 0
vn -0.42260624177635336 0.90631339194103622 0
vn -0.42260624177635336 0.90631339194103622 0
vn -0.42260624177635336 0.90631339194103622 0
vn -0.42260624177635336 0.90631339194103622 0
vn -0.42260624177635336 0.90631339194103622 0
vn -0.42260624177635336 0.90631339194103622 0
vn -0.25890101967180396 0.96590385754116348 0
vn -0.25890101967180396 0.96590385754116348 0
vn -0.25890101967180396 0.96590385754116348 0
vn -0.25890101967180396 0.96590385754116348 0
vn -0.25890101967180396 0.96590385754116348 0
vn -0.25890101967180396 0.96590385754116348 0
vn -0.087099960001744497 0.99619957687588612 0
vn -0.087099960001744497 0.99619957687588612 0
vn -0.087099960001744497 0.99619957687588612 0
vn -0.087199201699612247 0.99619089497091384 0
vn -0.087199201699612247 0.99619089497091384 0
vn -0.087199201699612247 0.99619089497091384 0
vn 0.087199201699612247 0.99619089497091384 0
vn 0.087199201699612247 0.99619089497091384 0
vn 0.087199201699612247 0.99619089497091384 0
vn 0.087099960001744497 0.99619957687588612 0
vn 0.087099960001744497 0.99619957687588612 0
vn 0.087099960001744497 0.99619957687588612 0
vn 0.25890101967180396 0.96590385754116348 0
vn 0.25890101967180396 0.96590385754116348 0
vn 0.25890101967180396 0.96590385754116348 0
vn 0.25890101967180396 0.96590385754116348 0
vn 0.25890101967180396 0.96590385754116348 0
vn 0.25890101967180396 0.96590385754116348 0
vn 0.42260624177635336 0.90631339194103622 0
vn 0.42260624177635336 0.90631339194103622 0
vn 0.42260624177635336 0.90631339194103622 0
vn 0.42260624177635336 0.90631339194103622 0
vn 0.42260624177635336 0.90631339194103622 0
vn 0.42260624177635336 0.90631339194103622 0
vn 0.57361668670423349 0.8191238592145007 0
vn 0.57361668670423349 0.8191238592145007 0
vn 0.57361668670423349 0.8191238592145007 0
vn 0.57361668670423349 0.8191238592145007 0
vn 0.57361668670423349 0.8191238592145007 0
vn 0.57361668670423349 0.8191238592145007 0
vn 0.70710678118654757 0.70710678118654757 0
vn 0.70710678118654757 0.70710678118654757 0
vn 0.70710678118654757 0.70710678118654757 0
vn 0.70710678118654757 0.70710678118654757 0
vn 0.70710678118654757 0.70710678118654757 0
vn 0.70710678118654757 0.70710678118654757 0
vn 0.8191238592145007 0.57361668670423349 0
vn 0.8191238592145007 0.57361668670423349 0
vn 0.8191238592145007 0.57361668670423349 0
vn 0.8191238592145007 0.57361668670423349 0
vn 0.8191238592145007 0.57361668670423349 0
vn 0.8191238592145007 0.57361668670423349 0
vn 0.90631339194103622 0.42260624177635336 0
vn 0.90631339194103622 0.42260624177635336 0
vn 0.90631339194103622 0.42260624177635336 0
vn 0.90631339194103622 0.42260624177635336 0
vn 0.90631339194103622 0.42260624177635336 0
vn 0.90631339194103622 0.42260624177635336 0
vn 0.96592885782951599 0.258807730974495 0
vn 0.96592885782951599 0.258807730974495 0
vn 0.96592885782951599 0.258807730974495 0
vn 0.96592885782951599 0.258807730974495 0
vn 0.96592885782951599 0.258807730974495 0
vn 0.96592885782951599 0.258807730974495 0
vn 0.99619089497091384 0.087199201699612247 0
vn 0.99619089497091384 0.087199201699612247 0
vn 0.99619089497091384 0.087199201699612247 0
vn 0.99619089497091384 0.087199201699612247 0
vn 0.99619089497091384 0.087199201699612247 0
vn 0.99619089497091384 0.087199201699612247 0
vn 0.99619089497091384 -0.087199201699612247 0
vn 0.99619089497091384 -0.087199201699612247 0
vn 0.99619089497091384 -0.087199201699612247 0
vn 0.99619089497091384 -0.087199201699612247 0
vn 0.99619089497091384 -0.087199201699612247 0
vn 0.99619089497091384 -0.087199201699612247 0
vn 0.96592885782951599 -0.258807730974495 0
vn 0.96592885782951599 -0.258807730974495 0
vn 0.96592885782951599 -0.258807730974495 0
vn 0.96592885782951599 -0.258807730974495 0
vn 0.96592885782951599 -0.258807730974495 0
vn 0.96592885782951599 -0.258807730974495 0
vn 0.90631339194103622 -0.42260624177635336 0
vn 0.90631339194103622 -0.42260624177635336 0
vn 0.90631339194103622 -0.42260624177635336 0
vn 0.90631339194103622 -0.42260624177635336 0
vn 0.90631339194103622 -0.42260624177635336 0
vn 0.90631339194103622 -0.42260624177635336 0
vn 0.81915674559068619 -0.5735697221378373 0
vn 0.81915674559068619 -0.5735697221378373 0
vn 0.81915674559068619 -0.5735697221378373 0
vn 0.81915674559068619 -0.5735697221378373 0
vn 0.81915674559068619 -0.5735697221378373 0
vn 0.81915674559068619 -0.5735697221378373 0
vn 0.70710678118654757 -0.70710678118654757 0
vn 0.70710678118654757 -0.70710678118654757 0
vn 0.70710678118654757 -0.70710678118654757 0
vn 0.70710678118654757 -0.70710678118654757 0
vn 0.70710678118654757 -0.70710678118654757 0
vn 0.70710678118654757 -0.70710678118654757 0
vn 0.57361668670423349 -0.8191238592145007 0
vn 0.57361668670423349 -0.8191238592145007 0
vn 0.57361668670423349 -0.8191238592145007 0
vn 0.57361668670423349 -0.8191238592145007 0
vn 0.57361668670423349 -0.8191238592145007 0
vn 0.57361668670423349 -0.8191238592145007 0
vn 0.42260624177635336 -0.90631339194103622 0
vn 0.42260624177635336 -0.90631339194103622 0
vn 0.42260624177635336 -0.90631339194103622 0
vn 0.42248580482338161 -0.90636954092838951 0
vn 0.42248580482338161 -0.90636954092838951 0
vn 0.42248580482338161 -0.90636954092838951 0
vn 0.25890101967180396 -0.96590385754116348 0
vn 0.25890101967180396 -0.96590385754116348 0
vn 0.25890101967180396 -0.96590385754116348 0
vn 0.258807730974495 -0.96592885782951599 0
vn 0.258807730974495 -0.96592885782951599 0
vn 0.258807730974495 -0.96592885782951599 0
vn 0.087099960001744497 -0.99619957687588612 0
vn 0.087099960001744497 -0.99619957687588612 0
vn 0.087099960001744497 -0.99619957687588612 0
vn 0.087199201699612247 -0.99619089497091384 0
vn 0.087199201699612247 -0.99619089497091384 0
vn 0.087199201699612247 -0.99619089497091384 0
vn -0.087199201699612247 -0.99619089497091384 0
vn -0.087199201699612247 -0.99619089497091384 0
vn -0.087199201699612247 -0.99619089497091384 0
vn -0.087099960001744497 -0.99619957687588612 0
vn -0.087099960001744497 -0.99619957687588612 0
vn -0.087099960001744497 -0.99619957687588612 0
vn -0.258807730974495 -0.96592885782951599 0
vn -0.258807730974495 -0.96592885782951599 0
vn -0.258807730974495 -0.96592885782951599 0
vn -0.25890101967180396 -0.96590385754116348 0
vn -0.25890101967180396 -0.96590385754116348 0
vn -0.25890101967180396 -0.96590385754116348 0
vn -0.42252410581080924 -0.90635168671370392 0
vn -0.42252410581080924 -0.90635168671370392 0
vn -0.42252410581080924 -0.90635168671370392 0
vn -0.42268836733042764 -0.90627509296214115 0
vn -0.42268836733042764 -0.90627509296214115 0
vn -0.42268836733042764 -0.90627509296214115 0
vn -0.57361668670423349 -0.8191238592145007 0
vn -0.57361668670423349 -0.8191238592145007 0
vn -0.57361668670423349 -0.8191238592145007 0
vn -0.57361668670423349 -0.8191238592145007 0
vn -0.57361668670423349 -0.8191238592145007 0
vn -0.57361668670423349 -0.8191238592145007 0
vn -0.70710678118654757 -0.70710678118654757 0
vn -0.70710678118654757 -0.70710678118654757 0
vn -0.70710678118654757 -0.70710678118654757 0
vn -0.70705677417667934 -0.70715678466014031 0
vn -0.70705677417667934 -0.70715678466014031 0
vn -0.70705677417667934 -0.70715678466014031 0
vn -0.81915674559068619 -0.5735697221378373 0
vn -0.81915674559068619 -0.5735697221378373 0
vn -0.81915674559068619 -0.5735697221378373 0
vn -0.81915674559068619 -0.5735697221378373 0
vn -0.81915674559068619 -0.5735697221378373 0
vn -0.81915674559068619 -0.5735697221378373 0
vn -0.90631339194103622 -0.42260624177635336 0
vn -0.90631339194103622 -0.42260624177635336 0
vn -0.90631339194103622 -0.42260624177635336 0
vn -0.90631339194103622 -0.42260624177635336 0
vn -0.90631339194103622 -0.42260624177635336 0
vn -0.90631339194103622 -0.42260624177635336 0
vn -0.96590385754116348 -0.25890101967180396 0
vn -0.96590385754116348 -0.25890101967180396 0
vn -0.96590385754116348 -0.25890101967180396 0
vn -0.96590385754116348 -0.25890101967180396 0
vn -0.96590385754116348 -0.25890101967180396 0
vn -0.96590385754116348 -0.25890101967180396 0
vn -0.99619957687588612 -0.087099960001744497 0
vn -0.99619957687588612 -0.087099960001744497 0
vn -0.99619957687588612 -0.087099960001744497 0
vn -0.99619957687588612 -0.087099960001744497 0
vn -0.99619957687588612 -0.087099960001744497 0
vn -0.99619957687588612 -0.087099960001744497 0
vn -0.99619957687588612 0.087099960001744497 0
vn -0.99619957687588612 0.087099960001744497 0
vn -0.99619957687588612 0.087099960001744497 0
vn -0.99619957687588612 0.087099960001744497 0
vn -0.99619957687588612 0.087099960001744497 0
vn -0.99619957687588612 0.087099960001744497 0
vn -0.96590385754116348 0.25890101967180396 0
vn -0.96590385754116348 0.25890101967180396 0
vn -0.96590385754116348 0.25890101967180396 0
vn -0.96590385754116348 0.25890101967180396 0
vn -0.96590385754116348 0.25890101967180396 0
vn -0.96590385754116348 0.25890101967180396 0
vn -0.90631339194103622 0.42260624177635336 0
vn -0.90631339194103622 0.42260624177635336 0
vn -0.90631339194103622 0.42260624177635336 0
vn -0.90631339194103622 0.42260624177635336 0
vn -0.90631339194103622 0.42260624177635336 0
vn -0.90631339194103622 0.42260624177635336 0
vn -0.8191238592145007 0.57361668670423349 0
vn -0.8191238592145007 0.57361668670423349 0
vn -0.8191238592145007 0.57361668670423349 0
vn -0.8191238592145007 0.57361668670423349 0
vn -0.8191238592145007 0.57361668670423349 0
vn -0.8191238592145007 0.57361668670423349 0
vn -0.70710678118654757 0.70710678118654757 0
vn -0.70710678118654757 0.70710678118654757 0
vn -0.70710678118654757 0.70710678118654757 0
vn -0.70710678118654757 0.70710678118654757 0
vn -0.70710678118654757 0.70710678118654757 0
vn -0.70710678118654757 0.70710678118654757 0
vn -0.57361668670423349 0.8191238592145007 0
vn -0.57361668670423349 0.8191238592145007 0
vn -0.57361668670423349 0.8191238592145007 0
vn -0.57361668670423349 0.8191238592145007 0
vn -0.57361668670423349 0.8191238592145007 0
vn -0.57361668670423349 0.8191238592145007 0
vn -0.42260624177635336 0.90631339194103622 0
vn -0.42260624177635336 0.90631339194103622 0
vn -0.42260624177635336 0.90631339194103622 0
vn -0.42260624177635336 0.90631339194103622 0
vn -0.42260624177635336 0.90631339194103622 0
vn -0.42260624177635336 0.90631339194103622 0
vn -0.25890101967180396 0.96590385754116348 0
vn -0.25890101967180396 0.96590385754116348 0
vn -0.25890101967180396 0.96590385754116348 0
vn -0.25890101967180396 0.96590385754116348 0
vn -0.25890101967180396 0.96590385754116348 0
vn -0.25890101967180396 0.96590385754116348 0
vn -0.087099960001744497 0.99619957687588612 0
vn -0.087099960001744497 0.99619957687588612 0
vn -0.087099960001744497 0.99619957687588612 0
vn -0.087199201699612247 0.99619089497091384 0
vn -0.087199201699612247 0.99619089497091384 0
vn -0.087199201699612247 0.99619089497091384 0
vn 0.087199201699612247 0.99619089497091384 0
vn 0.087199201699612247 0.99619089497091384 0
vn 0.087199201699612247 0.99619089497091384 0
vn 0.087099960001744497 0.99619957687588612 0
vn 0.087099960001744497 0.99619957687588612 0
vn 0.087099960001744497 0.99619957687588612 0
vn 0.25890101967180396 0.96590385754116348 0
vn 0.25890101967180396 0.96590385754116348 0
vn 0.25890101967180396 0.96590385754116348 0
vn 0.25890101967180396 0.96590385754116348 0
vn 0.25890101967180396 0.96590385754116348 0
vn 0.25890101967180396 0.96590385754116348 0
vn 0.42260624177635336 0.90631339194103622 0
vn 0.42260624177635336 0.90631339194103622 0
vn 0.42260624177635336 0.90631339194103622 0
vn 0.42260624177635336 0.90631339194103622 0
vn 0.42260624177635336 0.90631339194103622 0
vn 0.42260624177635336 0.90631339194103622 0
vn 0.5735697221378373 0.81915674559068619 0
vn 0.5735697221378373 0.81915674559068619 0
vn 0.5735697221378373 0.81915674559068619 0
vn 0.5735697221378373 0.81915674559068619 0
vn 0.5735697221378373 0.81915674559068619 0
vn 0.5735697221378373 0.81915674559068619 0
vn 0.70710678118654757 0.70710678118654757 0
vn 0.70710678118654757 0.70710678118654757 0
vn 0.70710678118654757 0.70710678118654757 0
vn 0.70710678118654757 0.70710678118654757 0
vn 0.70710678118654757 0.70710678118654757 0
vn 0.70710678118654757 0.70710678118654757 0
vn 0.8191238592145007 0.57361668670423349 0
vn 0.8191238592145007 0.57361668670423349 0
vn 0.8191238592145007 0.57361668670423349 0
vn 0.8191238592145007 0.57361668670423349 0
vn 0.8191238592145007 0.57361668670423349 0
vn 0.8191238592145007 0.57361668670423349 0
vn 0.90631339194103622 0.42260624177635336 0
vn 0.90631339194103622 0.42260624177635336 0
vn 0.90631339194103622 0.42260624177635336 0
vn 0.90631339194103622 0.42260624177635336 0
vn 0.90631339194103622 0.42260624177635336 0
vn 0.90631339194103622 0.42260624177635336 0
vn 0.96590385754116348 0.25890101967180396 0
vn 0.96590385754116348 0.25890101967180396 0
vn 0.96590385754116348 0.25890101967180396 0
vn 0.96590385754116348 0.25890101967180396 0
vn 0.96590385754116348 0.25890101967180396 0
vn 0.96590385754116348 0.25890101967180396 0
vn 0.99619957687588612 0.087099960001744497 0
vn 0.99619957687588612 0.087099960001744497 0
vn 0.99619957687588612 0.087099960001744497 0
vn 0.99619957687588612 0.087099960001744497 0
vn 0.99619957687588612 0.087099960001744497 0
vn 0.99619957687588612 0.087099960001744497 0
vn 0.99619957687588612 -0.087099960001744497 0
vn 0.99619957687588612 -0.087099960001744497 0
vn 0.99619957687588612 -0.087099960001744497 0
vn 0.99619957687588612 -0.087099960001744497 0
vn 0.99619957687588612 -0.087099960001744497 0
vn 0.99619957687588612 -0.087099960001744497 0
vn 0.96590385754116348 -0.25890101967180396 0
vn 0.96590385754116348 -0.25890101967180396 0
vn 0.96590385754116348 -0.25890101967180396 0
vn 0.96590385754116348 -0.25890101967180396 0
vn 0.96590385754116348 -0.25890101967180396 0
vn 0.96590385754116348 -0.25890101967180396 0
vn 0.90631339194103622 -0.42260624177635336 0
vn 0.90631339194103622 -0.42260624177635336 0
vn 0.90631339194103622 -0.42260624177635336 0
vn 0.90631339194103622 -0.42260624177635336 0
vn 0.90631339194103622 -0.42260624177635336 0
vn 0.90631339194103622 -0.42260624177635336 0
vn 0.81915674559068619 -0.5735697221378373 0
vn 0.81915674559068619 -0.5735697221378373 0
vn 0.81915674559068619 -0.5735697221378373 0
vn 0.81915674559068619 -0.5735697221378373 0
vn 0.81915674559068619 -0.5735697221378373 0
vn 0.81915674559068619 -0.5735697221378373 0
vn 0.70710678118654757 -0.70710678118654757 0
vn 0.70710678118654757 -0.70710678118654757 0
vn 0.70710678118654757 -0.70710678118654757 0
vn 0.70710678118654757 -0.70710678118654757 0
vn 0.70710678118654757 -0.70710678118654757 0
vn 0.70710678118654757 -0.70710678118654757 0
vn 0.5735697221378373 -0.81915674559068619 0
vn 0.5735697221378373 -0.81915674559068619 0
vn 0.5735697221378373 -0.81915674559068619 0
vn 0.5735697221378373 -0.81915674559068619 0
vn 0.5735697221378373 -0.81915674559068619 0
vn 0.5735697221378373 -0.81915674559068619 0
vn 0.42268836733042764 -0.90627509296214115 0
vn 0.42268836733042764 -0.90627509296214115 0
vn 0.42268836733042764 -0.90627509296214115 0
vn 0.42260624177635336 -0.90631339194103622 0
vn 0.42260624177635336 -0.90631339194103622 0
vn 0.42260624177635336 -0.90631339194103622 0
vn 0.25890101967180396 -0.96590385754116348 0
vn 0.25890101967180396 -0.96590385754116348 0
vn 0.25890101967180396 -0.96590385754116348 0
vn 0.258807730974495 -0.96592885782951599 0
vn 0.258807730974495 -0.96592885782951599 0
vn 0.258807730974495 -0.96592885782951599 0
vn 0.087099960001744497 -0.99619957687588612 0
vn 0.087099960001744497 -0.99619957687588612 0
vn 0.087099960001744497 -0.99619957687588612 0
vn 0.087199201699612247 -0.99619089497091384 0
vn 0.087199201699612247 -0.99619089497091384 0
vn 0.087199201699612247 -0.99619089497091384 0
vn -0.087199201699612247 -0.99619089497091384 0
vn -0.087199201699612247 -0.99619089497091384 0
vn -0.087199201699612247 -0.99619089497091384 0
vn -0.087199201699612247 -0.99619089497091384 0
vn -0.087199201699612247 -0.99619089497091384 0
vn -0.087199201699612247 -0.99619089497091384 0
vn -0.258807730974495 -0.96592885782951599 0
vn -0.258807730974495 -0.96592885782951599 0
vn -0.258807730974495 -0.96592885782951599 0
vn -0.25871443503449448 -0.96595385040113702 0
vn -0.25871443503449448 -0.96595385040113702 0
vn -0.25871443503449448 -0.96595385040113702 0
vn -0.42260624177635336 -0.90631339194103622 0
vn -0.42260624177635336 -0.90631339194103622 0
vn -0.42260624177635336 -0.90631339194103622 0
vn -0.42268836733042764 -0.90627509296214115 0
vn -0.42268836733042764 -0.90627509296214115 0
vn -0.42268836733042764 -0.90627509296214115 0
vn -0.57361668670423349 -0.8191238592145007 0
vn -0.57361668670423349 -0.8191238592145007 0
vn -0.57361668670423349 -0.8191238592145007 0
vn -0.57361668670423349 -0.8191238592145007 0
vn -0.57361668670423349 -0.8191238592145007 0
vn -0.57361668670423349 -0.8191238592145007 0
vn -0.70710678118654757 -0.70710678118654757 0
vn -0.70710678118654757 -0.70710678118654757 0
vn -0.70710678118654757 -0.70710678118654757 0
vn -0.70710678118654757 -0.70710678118654757 0
vn -0.70710678118654757 -0.70710678118654757 0
vn -0.70710678118654757 -0.70710678118654757 0
vn -0.81920373520410372 -0.57350260699289302 0
vn -0.81920373520410372 -0.57350260699289302 0
vn -0.81920373520410372 -0.57350260699289302 0
vn -0.8191238592145007 -0.57361668670423349 0
vn -0.8191238592145007 -0.57361668670423349 0
vn -0.8191238592145007 -0.57361668670423349 0
vn -0.90631339194103622 -0.42260624177635336 0
vn -0.90631339194103622 -0.42260624177635336 0
vn -0.90631339194103622 -0.42260624177635336 0
vn -0.90631339194103622 -0.42260624177635336 0
vn -0.90631339194103622 -0.42260624177635336 0
vn -0.90631339194103622 -0.42260624177635336 0
vn -0.96590385754116348 -0.25890101967180396 0
vn -0.96590385754116348 -0.25890101967180396 0
vn -0.96590385754116348 -0.25890101967180396 0
vn -0.96590385754116348 -0.25890101967180396 0
vn -0.96590385754116348 -0.25890101967180396 0
vn -0.96590385754116348 -0.25890101967180396 0
vn -0.99619957687588612 -0.087099960001744497 0
vn -0.99619957687588612 -0.087099960001744497 0
vn -0.99619957687588612 -0.087099960001744497 0
vn -0.99619957687588612 -0.087099960001744497 0
vn -0.99619957687588612 -0.087099960001744497 0
vn -0.99619957687588612 -0.087099960001744497 0
vn -0.99619957687588612 0.087099960001744497 0
vn -0.99619957687588612 0.087099960001744497 0
vn -0.99619957687588612 0.087099960001744497 0
vn -0.99619957687588612 0.087099960001744497 0
vn -0.99619957687588612 0.087099960001744497 0
vn -0.99619957687588612 0.087099960001744497 0
vn -0.96590385754116348 0.25890101967180396 0
vn -0.96590385754116348 0.25890101967180396 0
vn -0.96590385754116348 0.25890101967180396 0
vn -0.96590385754116348 0.25890101967180396 0
vn -0.96590385754116348 0.25890101967180396 0
vn -0.96590385754116348 0.25890101967180396 0
vn -0.90627509296214115 0.42268836733042764 0
vn -0.90627509296214115 0.42268836733042764 0
vn -0.90627509296214115 0.42268836733042764 0
vn -0.90627509296214115 0.42268836733042764 0
vn -0.90627509296214115 0.42268836733042764 0
vn -0.90627509296214115 0.42268836733042764 0
vn -0.81915674559068619 0.5735697221378373 0
vn -0.81915674559068619 0.5735697221378373 0
vn -0.81915674559068619 0.5735697221378373 0
vn -0.81920373520410372 0.57350260699289302 0
vn -0.81920373520410372 0.57350260699289302 0
vn -0.81920373520410372 0.57350260699289302 0
vn -0.70710678118654757 0.70710678118654757 0
vn -0.70710678118654757 0.70710678118654757 0
vn -0.70710678118654757 0.70710678118654757 0
vn -0.70710678118654757 0.70710678118654757 0
vn -0.70710678118654757 0.70710678118654757 0
vn -0.70710678118654757 0.70710678118654757 0
vn -0.57361668670423349 0.8191238592145007 0
vn -0.57361668670423349 0.8191238592145007 0
vn -0.57361668670423349 0.8191238592145007 0
vn -0.57361668670423349 0.8191238592145007 0
vn -0.57361668670423349 0.8191238592145007 0
vn -0.57361668670423349 0.8191238592145007 0
vn -0.42268836733042764 0.90627509296214115 0
vn -0.42268836733042764 0.90627509296214115 0
vn -0.42268836733042764 0.90627509296214115 0
vn -0.42260624177635336 0.90631339194103622 0
vn -0.42260624177635336 0.90631339194103622 0
vn -0.42260624177635336 0.90631339194103622 0
vn -0.258807730974495 0.96592885782951599 0
vn -0.258807730974495 0.96592885782951599 0
vn -0.258807730974495 0.96592885782951599 0
vn -0.25871443503449448 0.96595385040113702 0
vn -0.25871443503449448 0.96595385040113702 0
vn -0.25871443503449448 0.96595385040113702 0
vn -0.087199201699612247 0.99619089497091384 0
vn -0.087199201699612247 0.99619089497091384 0
vn -0.087199201699612247 0.99619089497091384 0
vn -0.087298440801354793 0.99618220333112362 0
vn -0.087298440801354793 0.99618220333112362 0
vn -0.087298440801354793 0.99618220333112362 0
vn 0.087298440801354793 0.99618220333112362 0
vn 0.087298440801354793 0.99618220333112362 0
vn 0.087298440801354793 0.99618220333112362 0
vn 0.087199201699612247 0.99619089497091384 0
vn 0.087199201699612247 0.99619089497091384 0
vn 0.087199201699612247 0.99619089497091384 0
vn 0.25871443503449448 0.96595385040113702 0
vn 0.25871443503449448 0.96595385040113702 0
vn 0.25871443503449448 0.96595385040113702 0
vn 0.258807730974495 0.96592885782951599 0
vn 0.258807730974495 0.96592885782951599 0
vn 0.258807730974495 0.96592885782951599 0
vn 0.42260624177635336 0.90631339194103622 0
vn 0.42260624177635336 0.90631339194103622 0
vn 0.42260624177635336 0.90631339194103622 0
vn 0.42260624177635336 0.90631339194103622 0
vn 0.42260624177635336 0.90631339194103622 0
vn 0.42260624177635336 0.90631339194103622 0
vn 0.57361668670423349 0.8191238592145007 0
vn 0.57361668670423349 0.8191238592145007 0
vn 0.57361668670423349 0.8191238592145007 0
vn 0.57361668670423349 0.8191238592145007 0
vn 0.57361668670423349 0.8191238592145007 0
vn 0.57361668670423349 0.8191238592145007 0
vn 0.70710678118654757 0.70710678118654757 0
vn 0.70710678118654757 0.70710678118654757 0
vn 0.70710678118654757 0.70710678118654757 0
vn 0.70710678118654757 0.70710678118654757 0
vn 0.70710678118654757 0.70710678118654757 0
vn 0.70710678118654757 0.70710678118654757 0
vn 0.81915674559068619 0.5735697221378373 0
vn 0.81915674559068619 0.5735697221378373 0
vn 0.81915674559068619 0.5735697221378373 0
vn 0.8191238592145007 0.57361668670423349 0
vn 0.8191238592145007 0.57361668670423349 0
vn 0.8191238592145007 0.57361668670423349 0
vn 0.90631339194103622 0.42260624177635336 0
vn 0.90631339194103622 0.42260624177635336 0
vn 0.90631339194103622 0.42260624177635336 0
vn 0.90631339194103622 0.42260624177635336 0
vn 0.90631339194103622 0.42260624177635336 0
vn 0.90631339194103622 0.42260624177635336 0
vn 0.96592885782951599 0.258807730974495 0
vn 0.96592885782951599 0.258807730974495 0
vn 0.96592885782951599 0.258807730974495 0
vn 0.96592885782951599 0.258807730974495 0
vn 0.96592885782951599 0.258807730974495 0
vn 0.96592885782951599 0.258807730974495 0
vn 0.99619089497091384 0.087199201699612247 0
vn 0.99619089497091384 0.087199201699612247 0
vn 0.99619089497091384 0.087199201699612247 0
vn 0.99619089497091384 0.087199201699612247 0
vn 0.99619089497091384 0.087199201699612247 0
vn 0.99619089497091384 0.087199201699612247 0
vn 0.99619089497091384 -0.087199201699612247 0
vn 0.99619089497091384 -0.087199201699612247 0
vn 0.99619089497091384 -0.087199201699612247 0
vn 0.99619089497091384 -0.087199201699612247 0
vn 0.99619089497091384 -0.087199201699612247 0
vn 0.99619089497091384 -0.087199201699612247 0
vn 0.96592885782951599 -0.258807730974495 0
vn 0.96592885782951599 -0.258807730974495 0
vn 0.96592885782951599 -0.258807730974495 0
vn 0.96592885782951599 -0.258807730974495 0
vn 0.96592885782951599 -0.258807730974495 0
vn 0.96592885782951599 -0.258807730974495 0
vn 0.90631339194103622 -0.42260624177635336 0
vn 0.90631339194103622 -0.42260624177635336 0
vn 0.90631339194103622 -0.42260624177635336 0
vn 0.90631339194103622 -0.42260624177635336 0
vn 0.90631339194103622 -0.42260624177635336 0
vn 0.90631339194103622 -0.42260624177635336 0
vn 0.8191238592145007 -0.57361668670423349 0
vn 0.8191238592145007 -0.57361668670423349 0
vn 0.8191238592145007 -0.57361668670423349 0
vn 0.81915674559068619 -0.5735697221378373 0
vn 0.81915674559068619 -0.5735697221378373 0
vn 0.81915674559068619 -0.5735697221378373 0
vn 0.70710678118654757 -0.70710678118654757 0
vn 0.70710678118654757 -0.70710678118654757 0
vn 0.70710678118654757 -0.70710678118654757 0
vn 0.70710678118654757 -0.70710678118654757 0
vn 0.70710678118654757 -0.70710678118654757 0
vn 0.70710678118654757 -0.70710678118654757 0
vn 0.57361668670423349 -0.8191238592145007 0
vn 0.57361668670423349 -0.8191238592145007 0
vn 0.57361668670423349 -0.8191238592145007 0
vn 0.57361668670423349 -0.8191238592145007 0
vn 0.57361668670423349 -0.8191238592145007 0
vn 0.57361668670423349 -0.8191238592145007 0
vn 0.42260624177635336 -0.90631339194103622 0
vn 0.42260624177635336 -0.90631339194103622 0
vn 0.42260624177635336 -0.90631339194103622 0
vn 0.42260624177635336 -0.90631339194103622 0
vn 0.42260624177635336 -0.90631339194103622 0
vn 0.42260624177635336 -0.90631339194103622 0
vn 0.25871443503449448 -0.96595385040113702 0
vn 0.25871443503449448 -0.96595385040113702 0
vn 0.25871443503449448 -0.96595385040113702 0
vn 0.258807730974495 -0.96592885782951599 0
vn 0.258807730974495 -0.96592885782951599 0
vn 0.258807730974495 -0.96592885782951599 0
vn 0.087199201699612247 -0.99619089497091384 0
vn 0.087199201699612247 -0.99619089497091384 0
vn 0.087199201699612247 -0.99619089497091384 0
vn 0.087199201699612247 -0.99619089497091384 0
vn 0.087199201699612247 -0.99619089497091384 0
vn 0.087199201699612247 -0.99619089497091384 0
vn -0.087199201699612247 -0.99619089497091384 0
vn -0.087199201699612247 -0.99619089497091384 0
vn -0.087199201699612247 -0.99619089497091384 0
vn -0.087199201699612247 -0.99619089497091384 0
vn -0.087199201699612247 -0.99619089497091384 0
vn -0.087199201699612247 -0.99619089497091384 0
vn -0.258807730974495 -0.96592885782951599 0
vn -0.258807730974495 -0.96592885782951599 0
vn -0.258807730974495 -0.96592885782951599 0
vn -0.25871443503449448 -0.96595385040113702 0
vn -0.25871443503449448 -0.96595385040113702 0
vn -0.25871443503449448 -0.96595385040113702 0
vn -0.42260624177635336 -0.90631339194103622 0
vn -0.42260624177635336 -0.90631339194103622 0
vn -0.42260624177635336 -0.90631339194103622 0
vn -0.42268836733042764 -0.90627509296214115 0
vn -0.42268836733042764 -0.90627509296214115 0
vn -0.42268836733042764 -0.90627509296214115 0
vn -0.57361668670423349 -0.8191238592145007 0
vn -0.57361668670423349 -0.8191238592145007 0
vn -0.57361668670423349 -0.8191238592145007 0
vn -0.57361668670423349 -0.8191238592145007 0
vn -0.57361668670423349 -0.8191238592145007 0
vn -0.57361668670423349 -0.8191238592145007 0
vn -0.70705677417667934 -0.70715678466014031 0
vn -0.70705677417667934 -0.70715678466014031 0
vn -0.70705677417667934 -0.70715678466014031 0
vn -0.70710678118654757 -0.70710678118654757 0
vn -0.70710678118654757 -0.70710678118654757 0
vn -0.70710678118654757 -0.70710678118654757 0
vn -0.81915674559068619 -0.5735697221378373 0
vn -0.81915674559068619 -0.5735697221378373 0
vn -0.81915674559068619 -0.5735697221378373 0
vn -0.8191238592145007 -0.57361668670423349 0
vn -0.8191238592145007 -0.57361668670423349 0
vn -0.8191238592145007 -0.57361668670423349 0
vn -0.90631339194103622 -0.42260624177635336 0
vn -0.90631339194103622 -0.42260624177635336 0
vn -0.90631339194103622 -0.42260624177635336 0
vn -0.90631339194103622 -0.42260624177635336 0
vn -0.90631339194103622 -0.42260624177635336 0
vn -0.90631339194103622 -0.42260624177635336 0
vn -0.96590385754116348 -0.25890101967180396 0
vn -0.96590385754116348 -0.25890101967180396 0
vn -0.96590385754116348 -0.25890101967180396 0
vn -0.96590385754116348 -0.25890101967180396 0
vn -0.96590385754116348 -0.25890101967180396 0
vn -0.96590385754116348 -0.25890101967180396 0
vn -0.99619957687588612 -0.087099960001744497 0
vn -0.99619957687588612 -0.087099960001744497 0
vn -0.99619957687588612 -0.087099960001744497 0
vn -0.99619957687588612 -0.087099960001744497 0
vn -0.99619957687588612 -0.087099960001744497 0
vn -0.99619957687588612 -0.087099960001744497 0
vn -0.99619957687588612 0.087099960001744497 0
vn -0.99619957687588612 0.087099960001744497 0
vn -0.99619957687588612 0.087099960001744497 0
vn -0.99619957687588612 0.087099960001744497 0
vn -0.99619957687588612 0.087099960001744497 0
vn -0.99619957687588612 0.087099960001744497 0
vn -0.96590385754116348 0.25890101967180396 0
vn -0.96590385754116348 0.25890101967180396 0
vn -0.96590385754116348 0.25890101967180396 0
vn -0.96590385754116348 0.25890101967180396 0
vn -0.96590385754116348 0.25890101967180396 0
vn -0.96590385754116348 0.25890101967180396 0
vn -0.90631339194103622 0.42260624177635336 0
vn -0.90631339194103622 0.42260624177635336 0
vn -0.90631339194103622 0.42260624177635336 0
vn -0.90631339194103622 0.42260624177635336 0
vn -0.90631339194103622 0.42260624177635336 0
vn -0.90631339194103622 0.42260624177635336 0
vn -0.8191238592145007 0.57361668670423349 0
vn -0.8191238592145007 0.57361668670423349 0
vn -0.8191238592145007 0.57361668670423349 0
vn -0.81915674559068619 0.5735697221378373 0
vn -0.81915674559068619 0.5735697221378373 0
vn -0.81915674559068619 0.5735697221378373 0
vn -0.70710678118654757 0.70710678118654757 0
vn -0.70710678118654757 0.70710678118654757 0
vn -0.70710678118654757 0.70710678118654757 0
vn -0.70710678118654757 0.70710678118654757 0
vn -0.70710678118654757 0.70710678118654757 0
vn -0.70710678118654757 0.70710678118654757 0
vn -0.57361668670423349 0.8191238592145007 0
vn -0.57361668670423349 0.8191238592145007 0
vn -0.57361668670423349 0.8191238592145007 0
vn -0.57361668670423349 0.8191238592145007 0
vn -0.57361668670423349 0.8191238592145007 0
vn -0.57361668670423349 0.8191238592145007 0
vn -0.42268836733042764 0.90627509296214115 0
vn -0.42268836733042764 0.90627509296214115 0
vn -0.42268836733042764 0.90627509296214115 0
vn -0.42260624177635336 0.90631339194103622 0
vn -0.42260624177635336 0.90631339194103622 0
vn -0.42260624177635336 0.90631339194103622 0
vn -0.258807730974495 0.96592885782951599 0
vn -0.258807730974495 0.96592885782951599 0
vn -0.258807730974495 0.96592885782951599 0
vn -0.25871443503449448 0.96595385040113702 0
vn -0.25871443503449448 0.96595385040113702 0
vn -0.25871443503449448 0.96595385040113702 0
vn -0.087199201699612247 0.99619089497091384 0
vn -0.087199201699612247 0.99619089497091384 0
vn -0.087199201699612247 0.99619089497091384 0
vn -0.087298440801354793 0.99618220333112362 0
vn -0.087298440801354793 0.99618220333112362 0
vn -0.087298440801354793 0.99618220333112362 0
vn 0.087298440801354793 0.99618220333112362 0
vn 0.087298440801354793 0.99618220333112362 0
vn 0.087298440801354793 0.99618220333112362 0
vn 0.087199201699612247 0.99619089497091384 0
vn 0.087199201699612247 0.99619089497091384 0
vn 0.087199201699612247 0.99619089497091384 0
vn 0.25868944120192428 0.96596054423078581 0
vn 0.25868944120192428 0.96596054423078581 0
vn 0.25868944120192428 0.96596054423078581 0
vn 0.258807730974495 0.96592885782951599 0
vn 0.258807730974495 0.96592885782951599 0
vn 0.258807730974495 0.96592885782951599 0
vn 0.42260624177635336 0.90631339194103622 0
vn 0.42260624177635336 0.90631339194103622 0
vn 0.42260624177635336 0.90631339194103622 0
vn 0.42268836733042764 0.90627509296214115 0
vn 0.42268836733042764 0.90627509296214115 0
vn 0.42268836733042764 0.90627509296214115 0
vn 0.5735697221378373 0.81915674559068619 0
vn 0.5735697221378373 0.81915674559068619 0
vn 0.5735697221378373 0.81915674559068619 0
vn 0.5735697221378373 0.81915674559068619 0
vn 0.5735697221378373 0.81915674559068619 0
vn 0.5735697221378373 0.81915674559068619 0
vn 0.70710678118654757 0.70710678118654757 0
vn 0.70710678118654757 0.70710678118654757 0
vn 0.70710678118654757 0.70710678118654757 0
vn 0.70710678118654757 0.70710678118654757 0
vn 0.70710678118654757 0.70710678118654757 0
vn 0.70710678118654757 0.70710678118654757 0
vn 0.81915674559068619 0.5735697221378373 0
vn 0.81915674559068619 0.5735697221378373 0
vn 0.81915674559068619 0.5735697221378373 0
vn 0.8191238592145007 0.57361668670423349 0
vn 0.8191238592145007 0.57361668670423349 0
vn 0.8191238592145007 0.57361668670423349 0
vn 0.90631339194103622 0.42260624177635336 0
vn 0.90631339194103622 0.42260624177635336 0
vn 0.90631339194103622 0.42260624177635336 0
vn 0.90631339194103622 0.42260624177635336 0
vn 0.90631339194103622 0.42260624177635336 0
vn 0.90631339194103622 0.42260624177635336 0
vn 0.96590385754116348 0.25890101967180396 0
vn 0.96590385754116348 0.25890101967180396 0
vn 0.96590385754116348 0.25890101967180396 0
vn 0.96590385754116348 0.25890101967180396 0
vn 0.96590385754116348 0.25890101967180396 0
vn 0.96590385754116348 0.25890101967180396 0
vn 0.99619957687588612 0.087099960001744497 0
vn 0.99619957687588612 0.087099960001744497 0
vn 0.99619957687588612 0.087099960001744497 0
vn 0.99619957687588612 0.087099960001744497 0
vn 0.99619957687588612 0.087099960001744497 0
vn 0.99619957687588612 0.087099960001744497 0
vn 0.99619957687588612 -0.087099960001744497 0
vn 0.99619957687588612 -0.087099960001744497 0
vn 0.99619957687588612 -0.087099960001744497 0
vn 0.99619957687588612 -0.087099960001744497 0
vn 0.99619957687588612 -0.087099960001744497 0
vn 0.99619957687588612 -0.087099960001744497 0
vn 0.96590385754116348 -0.25890101967180396 0
vn 0.96590385754116348 -0.25890101967180396 0
vn 0.96590385754116348 -0.25890101967180396 0
vn 0.96590385754116348 -0.25890101967180396 0
vn 0.96590385754116348 -0.25890101967180396 0
vn 0.96590385754116348 -0.25890101967180396 0
vn 0.90631339194103622 -0.42260624177635336 0
vn 0.90631339194103622 -0.42260624177635336 0
vn 0.90631339194103622 -0.42260624177635336 0
vn 0.90631339194103622 -0.42260624177635336 0
vn 0.90631339194103622 -0.42260624177635336 0
vn 0.90631339194103622 -0.42260624177635336 0
vn 0.8191238592145007 -0.57361668670423349 0
vn 0.8191238592145007 -0.57361668670423349 0
vn 0.8191238592145007 -0.57361668670423349 0
vn 0.81915674559068619 -0.5735697221378373 0
vn 0.81915674559068619 -0.5735697221378373 0
vn 0.81915674559068619 -0.5735697221378373 0
vn 0.70710678118654757 -0.70710678118654757 0
vn 0.70710678118654757 -0.70710678118654757 0
vn 0.70710678118654757 -0.70710678118654757 0
vn 0.70710678118654757 -0.70710678118654757 0
vn 0.70710678118654757 -0.70710678118654757 0
vn 0.70710678118654757 -0.70710678118654757 0
vn 0.57361668670423349 -0.8191238592145007 0
vn 0.57361668670423349 -0.8191238592145007 0
vn 0.57361668670423349 -0.8191238592145007 0
vn 0.5735697221378373 -0.81915674559068619 0
vn 0.5735697221378373 -0.81915674559068619 0
vn 0.5735697221378373 -0.81915674559068619 0
vn 0.42268836733042764 -0.90627509296214115 0
vn 0.42268836733042764 -0.90627509296214115 0
vn 0.42268836733042764 -0.90627509296214115 0
vn 0.42260624177635336 -0.90631339194103622 0
vn 0.42260624177635336 -0.90631339194103622 0
vn 0.42260624177635336 -0.90631339194103622 0
vn 0.25868944120192428 -0.96596054423078581 0
vn 0.25868944120192428 -0.96596054423078581 0
vn 0.25868944120192428 -0.96596054423078581 0
vn 0.258807730974495 -0.96592885782951599 0
vn 0.258807730974495 -0.96592885782951599 0
vn 0.258807730974495 -0.96592885782951599 0
vn 0.087199201699612247 -0.99619089497091384 0
vn 0.087199201699612247 -0.99619089497091384 0
vn 0.087199201699612247 -0.99619089497091384 0
vn 0.087199201699612247 -0.99619089497091384 0
vn 0.087199201699612247 -0.99619089497091384 0
vn 0.087199201699612247 -0.99619089497091384 0
vn -0.087099960001744497 -0.99619957687588612 0
vn -0.087099960001744497 -0.99619957687588612 0
vn -0.087099960001744497 -0.99619957687588612 0
vn -0.087199201699612247 -0.99619089497091384 0
vn -0.087199201699612247 -0.99619089497091384 0
vn -0.087199201699612247 -0.99619089497091384 0
vn -0.258807730974495 -0.96592885782951599 0
vn -0.258807730974495 -0.96592885782951599 0
vn -0.258807730974495 -0.96592885782951599 0
vn -0.25868944120192428 -0.96596054423078581 0
vn -0.25868944120192428 -0.96596054423078581 0
vn -0.25868944120192428 -0.96596054423078581 0
vn -0.42268836733042764 -0.90627509296214115 0
vn -0.42268836733042764 -0.90627509296214115 0
vn -0.42268836733042764 -0.90627509296214115 0
vn -0.42260624177635336 -0.90631339194103622 0
vn -0.42260624177635336 -0.90631339194103622 0
vn -0.42260624177635336 -0.90631339194103622 0
vn -0.57368379040557804 -0.81907686368611887 0
vn -0.57368379040557804 -0.81907686368611887 0
vn -0.57368379040557804 -0.81907686368611887 0
vn -0.57361668670423349 -0.8191238592145007 0
vn -0.57361668670423349 -0.8191238592145007 0
vn -0.57361668670423349 -0.8191238592145007 0
vn -0.70710678118654757 -0.70710678118654757 0
vn -0.70710678118654757 -0.70710678118654757 0
vn -0.70710678118654757 -0.70710678118654757 0
vn -0.70705677417667934 -0.70715678466014031 0
vn -0.70705677417667934 -0.70715678466014031 0
vn -0.70705677417667934 -0.70715678466014031 0
vn -0.8191238592145007 -0.57361668670423349 0
vn -0.8191238592145007 -0.57361668670423349 0
vn -0.8191238592145007 -0.57361668670423349 0
vn -0.8191238592145007 -0.57361668670423349 0
vn -0.8191238592145007 -0.57361668670423349 0
vn -0.8191238592145007 -0.57361668670423349 0
vn -0.90631339194103622 -0.42260624177635336 0
vn -0.90631339194103622 -0.42260624177635336 0
vn -0.90631339194103622 -0.42260624177635336 0
vn -0.90631339194103622 -0.42260624177635336 0
vn -0.90631339194103622 -0.42260624177635336 0
vn -0.90631339194103622 -0.42260624177635336 0
vn -0.96590385754116348 -0.25890101967180396 0
vn -0.96590385754116348 -0.25890101967180396 0
vn -0.96590385754116348 -0.25890101967180396 0
vn -0.96592885782951599 -0.258807730974495 0
vn -0.96592885782951599 -0.258807730974495 0
vn -0.96592885782951599 -0.258807730974495 0
vn -0.99619957687588612 -0.087099960001744497 0
vn -0.99619957687588612 -0.087099960001744497 0
vn -0.99619957687588612 -0.087099960001744497 0
vn -0.99619957687588612 -0.087099960001744497 0
vn -0.99619957687588612 -0.087099960001744497 0
vn -0.99619957687588612 -0.087099960001744497 0
vn -0.99619957687588612 0.087099960001744497 0
vn -0.99619957687588612 0.087099960001744497 0
vn -0.99619957687588612 0.087099960001744497 0
vn -0.99619957687588612 0.087099960001744497 0
vn -0.99619957687588612 0.087099960001744497 0
vn -0.99619957687588612 0.087099960001744497 0
vn -0.96590385754116348 0.25890101967180396 0
vn -0.96590385754116348 0.25890101967180396 0
vn -0.96590385754116348 0.25890101967180396 0
vn -0.96590385754116348 0.25890101967180396 0
vn -0.96590385754116348 0.25890101967180396 0
vn -0.96590385754116348 0.25890101967180396 0
vn -0.90631339194103622 0.42260624177635336 0
vn -0.90631339194103622 0.42260624177635336 0
vn -0.90631339194103622 0.42260624177635336 0
vn -0.90631339194103622 0.42260624177635336 0
vn -0.90631339194103622 0.42260624177635336 0
vn -0.90631339194103622 0.42260624177635336 0
vn -0.8191238592145007 0.57361668670423349 0
vn -0.8191238592145007 0.57361668670423349 0
vn -0.8191238592145007 0.57361668670423349 0
vn -0.8191238592145007 0.57361668670423349 0
vn -0.8191238592145007 0.57361668670423349 0
vn -0.8191238592145007 0.57361668670423349 0
vn -0.70710678118654757 0.70710678118654757 0
vn -0.70710678118654757 0.70710678118654757 0
vn -0.70710678118654757 0.70710678118654757 0
vn -0.70710678118654757 0.70710678118654757 0
vn -0.70710678118654757 0.70710678118654757 0
vn -0.70710678118654757 0.70710678118654757 0
vn -0.57350260699289302 0.81920373520410372 0
vn -0.57350260699289302 0.81920373520410372 0
vn -0.57350260699289302 0.81920373520410372 0
vn -0.57361668670423349 0.8191238592145007 0
vn -0.57361668670423349 0.8191238592145007 0
vn -0.57361668670423349 0.8191238592145007 0
vn -0.42268836733042764 0.90627509296214115 0
vn -0.42268836733042764 0.90627509296214115 0
vn -0.42268836733042764 0.90627509296214115 0
vn -0.42268836733042764 0.90627509296214115 0
vn -0.42268836733042764 0.90627509296214115 0
vn -0.42268836733042764 0.90627509296214115 0
vn -0.25850281523516583 0.96601050435049285 0
vn -0.25850281523516583 0.96601050435049285 0
vn -0.25850281523516583 0.96601050435049285 0
vn -0.258807730974495 0.96592885782951599 0
vn -0.258807730974495 0.96592885782951599 0
vn -0.258807730974495 0.96592885782951599 0
vn -0.087397669910634648 0.99617350260594251 0
vn -0.087397669910634648 0.99617350260594251 0
vn -0.087397669910634648 0.99617350260594251 0
vn -0.087199201699612247 0.99619089497091384 0
vn -0.087199201699612247 0.99619089497091384 0
vn -0.087199201699612247 0.99619089497091384 0
vn 0.087199201699612247 0.99619089497091384 0
vn 0.087199201699612247 0.99619089497091384 0
vn 0.087199201699612247 0.99619089497091384 0
vn 0.087397669910634648 0.99617350260594251 0
vn 0.087397669910634648 0.99617350260594251 0
vn 0.087397669910634648 0.99617350260594251 0
vn 0.258807730974495 0.96592885782951599 0
vn 0.258807730974495 0.96592885782951599 0
vn 0.258807730974495 0.96592885782951599 0
vn 0.25859611793362564 0.96598553187387759 0
vn 0.25859611793362564 0.96598553187387759 0
vn 0.25859611793362564 0.96598553187387759 0
vn 0.42268836733042764 0.90627509296214115 0
vn 0.42268836733042764 0.90627509296214115 0
vn 0.42268836733042764 0.90627509296214115 0
vn 0.42268836733042764 0.90627509296214115 0
vn 0.42268836733042764 0.90627509296214115 0
vn 0.42268836733042764 0.90627509296214115 0
vn 0.57361668670423349 0.8191238592145007 0
vn 0.57361668670423349 0.8191238592145007 0
vn 0.57361668670423349 0.8191238592145007 0
vn 0.57350260699289302 0.81920373520410372 0
vn 0.57350260699289302 0.81920373520410372 0
vn 0.57350260699289302 0.81920373520410372 0
vn 0.70715678466014031 0.70705677417667934 0
vn 0.70715678466014031 0.70705677417667934 0
vn 0.70715678466014031 0.70705677417667934 0
vn 0.70715678466014031 0.70705677417667934 0
vn 0.70715678466014031 0.70705677417667934 0
vn 0.70715678466014031 0.70705677417667934 0
vn 0.81907686368611887 0.57368379040557804 0
vn 0.81907686368611887 0.57368379040557804 0
vn 0.81907686368611887 0.57368379040557804 0
vn 0.81907686368611887 0.57368379040557804 0
vn 0.81907686368611887 0.57368379040557804 0
vn 0.81907686368611887 0.57368379040557804 0
vn 0.90636954092838951 0.42248580482338161 0
vn 0.90636954092838951 0.42248580482338161 0
vn 0.90636954092838951 0.42248580482338161 0
vn 0.90636954092838951 0.42248580482338161 0
vn 0.90636954092838951 0.42248580482338161 0
vn 0.90636954092838951 0.42248580482338161 0
vn 0.96590385754116348 0.25890101967180396 0
vn 0.96590385754116348 0.25890101967180396 0
vn 0.96590385754116348 0.25890101967180396 0
vn 0.96590385754116348 0.25890101967180396 0
vn 0.96590385754116348 0.25890101967180396 0
vn 0.96590385754116348 0.25890101967180396 0
vn 0.99619957687588612 0.087099960001744497 0
vn 0.99619957687588612 0.087099960001744497 0
vn 0.99619957687588612 0.087099960001744497 0
vn 0.99619957687588612 0.087099960001744497 0
vn 0.99619957687588612 0.087099960001744497 0
vn 0.99619957687588612 0.087099960001744497 0
vn 0.99619957687588612 -0.087099960001744497 0
vn 0.99619957687588612 -0.087099960001744497 0
vn 0.99619957687588612 -0.087099960001744497 0
vn 0.99619957687588612 -0.087099960001744497 0
vn 0.99619957687588612 -0.087099960001744497 0
vn 0.99619957687588612 -0.087099960001744497 0
vn 0.96590385754116348 -0.25890101967180396 0
vn 0.96590385754116348 -0.25890101967180396 0
vn 0.96590385754116348 -0.25890101967180396 0
vn 0.96590385754116348 -0.25890101967180396 0
vn 0.96590385754116348 -0.25890101967180396 0
vn 0.96590385754116348 -0.25890101967180396 0
vn 0.90636954092838951 -0.42248580482338161 0
vn 0.90636954092838951 -0.42248580482338161 0
vn 0.90636954092838951 -0.42248580482338161 0
vn 0.90631339194103622 -0.42260624177635336 0
vn 0.90631339194103622 -0.42260624177635336 0
vn 0.90631339194103622 -0.42260624177635336 0
vn 0.81907686368611887 -0.57368379040557804 0
vn 0.81907686368611887 -0.57368379040557804 0
vn 0.81907686368611887 -0.57368379040557804 0
vn 0.81907686368611887 -0.57368379040557804 0
vn 0.81907686368611887 -0.57368379040557804 0
vn 0.81907686368611887 -0.57368379040557804 0
vn 0.70710678118654757 -0.70710678118654757 0
vn 0.70710678118654757 -0.70710678118654757 0
vn 0.70710678118654757 -0.70710678118654757 0
vn 0.70715678466014031 -0.70705677417667934 0
vn 0.70715678466014031 -0.70705677417667934 0
vn 0.70715678466014031 -0.70705677417667934 0
vn 0.57361668670423349 -0.8191238592145007 0
vn 0.57361668670423349 -0.8191238592145007 0
vn 0.57361668670423349 -0.8191238592145007 0
vn 0.57368379040557804 -0.81907686368611887 0
vn 0.57368379040557804 -0.81907686368611887 0
vn 0.57368379040557804 -0.81907686368611887 0
vn 0.42260624177635336 -0.90631339194103622 0
vn 0.42260624177635336 -0.90631339194103622 0
vn 0.42260624177635336 -0.90631339194103622 0
vn 0.42268836733042764 -0.90627509296214115 0
vn 0.42268836733042764 -0.90627509296214115 0
vn 0.42268836733042764 -0.90627509296214115 0
vn 0.25868944120192428 -0.96596054423078581 0
vn 0.25868944120192428 -0.96596054423078581 0
vn 0.25868944120192428 -0.96596054423078581 0
vn 0.258807730974495 -0.96592885782951599 0
vn 0.258807730974495 -0.96592885782951599 0
vn 0.258807730974495 -0.96592885782951599 0
vn 0.087199201699612247 -0.99619089497091384 0
vn 0.087199201699612247 -0.99619089497091384 0
vn 0.087199201699612247 -0.99619089497091384 0
vn 0.087099960001744497 -0.99619957687588612 0
vn 0.087099960001744497 -0.99619957687588612 0
vn 0.087099960001744497 -0.99619957687588612 0
vn -0.087099960001744497 -0.99619957687588612 0
vn -0.087099960001744497 -0.99619957687588612 0
vn -0.087099960001744497 -0.99619957687588612 0
vn -0.087099960001744497 -0.99619957687588612 0
vn -0.087099960001744497 -0.99619957687588612 0
vn -0.087099960001744497 -0.99619957687588612 0
vn -0.25890101967180396 -0.96590385754116348 0
vn -0.25890101967180396 -0.96590385754116348 0
vn -0.25890101967180396 -0.96590385754116348 0
vn -0.258807730974495 -0.96592885782951599 0
vn -0.258807730974495 -0.96592885782951599 0
vn -0.258807730974495 -0.96592885782951599 0
vn -0.42260624177635336 -0.90631339194103622 0
vn -0.42260624177635336 -0.90631339194103622 0
vn -0.42260624177635336 -0.90631339194103622 0
vn -0.42260624177635336 -0.90631339194103622 0
vn -0.42260624177635336 -0.90631339194103622 0
vn -0.42260624177635336 -0.90631339194103622 0
vn -0.42248580482338161 -0.90636954092838951 0
vn -0.42248580482338161 -0.90636954092838951 0
vn -0.42248580482338161 -0.90636954092838951 0
vn -0.42260624177635336 -0.90631339194103622 0
vn -0.42260624177635336 -0.90631339194103622 0
vn -0.42260624177635336 -0.90631339194103622 0
vn -0.5735697221378373 -0.81915674559068619 0
vn -0.5735697221378373 -0.81915674559068619 0
vn -0.5735697221378373 -0.81915674559068619 0
vn -0.57361668670423349 -0.8191238592145007 0
vn -0.57361668670423349 -0.8191238592145007 0
vn -0.57361668670423349 -0.8191238592145007 0
vn -0.70710678118654757 -0.70710678118654757 0
vn -0.70710678118654757 -0.70710678118654757 0
vn -0.70710678118654757 -0.70710678118654757 0
vn -0.70710678118654757 -0.70710678118654757 0
vn -0.70710678118654757 -0.70710678118654757 0
vn -0.70710678118654757 -0.70710678118654757 0
vn -0.8191238592145007 -0.57361668670423349 0
vn -0.8191238592145007 -0.57361668670423349 0
vn -0.8191238592145007 -0.57361668670423349 0
vn -0.81920373520410372 -0.57350260699289302 0
vn -0.81920373520410372 -0.57350260699289302 0
vn -0.81920373520410372 -0.57350260699289302 0
vn -0.8191238592145007 -0.57361668670423349 0
vn -0.8191238592145007 -0.57361668670423349 0
vn -0.8191238592145007 -0.57361668670423349 0
vn -0.81920373520410372 -0.57350260699289302 0
vn -0.81920373520410372 -0.57350260699289302 0
vn -0.81920373520410372 -0.57350260699289302 0
vn -0.90631339194103622 -0.42260624177635336 0
vn -0.90631339194103622 -0.42260624177635336 0
vn -0.90631339194103622 -0.42260624177635336 0
vn -0.90631339194103622 -0.42260624177635336 0
vn -0.90631339194103622 -0.42260624177635336 0
vn -0.90631339194103622 -0.42260624177635336 0
vn -0.96592885782951599 -0.258807730974495 0
vn -0.96592885782951599 -0.258807730974495 0
vn -0.96592885782951599 -0.258807730974495 0
vn -0.96592885782951599 -0.258807730974495 0
vn -0.96592885782951599 -0.258807730974495 0
vn -0.96592885782951599 -0.258807730974495 0
vn -0.99619089497091384 -0.087199201699612247 0
vn -0.99619089497091384 -0.087199201699612247 0
vn -0.99619089497091384 -0.087199201699612247 0
vn -0.99619089497091384 -0.087199201699612247 0
vn -0.99619089497091384 -0.087199201699612247 0
vn -0.99619089497091384 -0.087199201699612247 0
vn -0.99619089497091384 0.087199201699612247 0
vn -0.99619089497091384 0.087199201699612247 0
vn -0.99619089497091384 0.087199201699612247 0
vn -0.99619089497091384 0.087199201699612247 0
vn -0.99619089497091384 0.087199201699612247 0
vn -0.99619089497091384 0.087199201699612247 0
vn -0.96592885782951599 0.258807730974495 0
vn -0.96592885782951599 0.258807730974495 0
vn -0.96592885782951599 0.258807730974495 0
vn -0.96592885782951599 0.258807730974495 0
vn -0.96592885782951599 0.258807730974495 0
vn -0.96592885782951599 0.258807730974495 0
vn -0.90631339194103622 0.42260624177635336 0
vn -0.90631339194103622 0.42260624177635336 0
vn -0.90631339194103622 0.42260624177635336 0
vn -0.90631339194103622 0.42260624177635336 0
vn -0.90631339194103622 0.42260624177635336 0
vn -0.90631339194103622 0.42260624177635336 0
vn -0.81915674559068619 0.5735697221378373 0
vn -0.81915674559068619 0.5735697221378373 0
vn -0.81915674559068619 0.5735697221378373 0
vn -0.81915674559068619 0.5735697221378373 0
vn -0.81915674559068619 0.5735697221378373 0
vn -0.81915674559068619 0.5735697221378373 0
vn -0.70710678118654757 0.70710678118654757 0
vn -0.70710678118654757 0.70710678118654757 0
vn -0.70710678118654757 0.70710678118654757 0
vn -0.70710678118654757 0.70710678118654757 0
vn -0.70710678118654757 0.70710678118654757 0
vn -0.70710678118654757 0.70710678118654757 0
vn -0.5735697221378373 0.81915674559068619 0
vn -0.5735697221378373 0.81915674559068619 0
vn -0.5735697221378373 0.81915674559068619 0
vn -0.5735697221378373 0.81915674559068619 0
vn -0.5735697221378373 0.81915674559068619 0
vn -0.5735697221378373 0.81915674559068619 0
vn -0.42260624177635336 0.90631339194103622 0
vn -0.42260624177635336 0.90631339194103622 0
vn -0.42260624177635336 0.90631339194103622 0
vn -0.42260624177635336 0.90631339194103622 0
vn -0.42260624177635336 0.90631339194103622 0
vn -0.42260624177635336 0.90631339194103622 0
vn -0.42260624177635336 0.90631339194103622 0
vn -0.42260624177635336 0.90631339194103622 0
vn -0.42260624177635336 0.90631339194103622 0
vn -0.42260624177635336 0.90631339194103622 0
vn -0.42260624177635336 0.90631339194103622 0
vn -0.42260624177635336 0.90631339194103622 0
vn -0.25890101967180396 0.96590385754116348 0
vn -0.25890101967180396 0.96590385754116348 0
vn -0.25890101967180396 0.96590385754116348 0
vn -0.258807730974495 0.96592885782951599 0
vn -0.258807730974495 0.96592885782951599 0
vn -0.258807730974495 0.96592885782951599 0
vn -0.087099960001744497 0.99619957687588612 0
vn -0.087099960001744497 0.99619957687588612 0
vn -0.087099960001744497 0.99619957687588612 0
vn -0.087199201699612247 0.99619089497091384 0
vn -0.087199201699612247 0.99619089497091384 0
vn -0.087199201699612247 0.99619089497091384 0
vn 0.087199201699612247 0.99619089497091384 0
vn 0.087199201699612247 0.99619089497091384 0
vn 0.087199201699612247 0.99619089497091384 0
vn 0.087099960001744497 0.99619957687588612 0
vn 0.087099960001744497 0.99619957687588612 0
vn 0.087099960001744497 0.99619957687588612 0
vn 0.258807730974495 0.96592885782951599 0
vn 0.258807730974495 0.96592885782951599 0
vn 0.258807730974495 0.96592885782951599 0
vn 0.25890101967180396 0.96590385754116348 0
vn 0.25890101967180396 0.96590385754116348 0
vn 0.25890101967180396 0.96590385754116348 0
vn 0.42260624177635336 0.90631339194103622 0
vn 0.42260624177635336 0.90631339194103622 0
vn 0.42260624177635336 0.90631339194103622 0
vn 0.42260624177635336 0.90631339194103622 0
vn 0.42260624177635336 0.90631339194103622 0
vn 0.42260624177635336 0.90631339194103622 0
vn 0.42260624177635336 0.90631339194103622 0
vn 0.42260624177635336 0.90631339194103622 0
vn 0.42260624177635336 0.90631339194103622 0
vn 0.42260624177635336 0.90631339194103622 0
vn 0.42260624177635336 0.90631339194103622 0
vn 0.42260624177635336 0.90631339194103622 0
vn 0.5735697221378373 0.81915674559068619 0
vn 0.5735697221378373 0.81915674559068619 0
vn 0.5735697221378373 0.81915674559068619 0
vn 0.5735697221378373 0.81915674559068619 0
vn 0.5735697221378373 0.81915674559068619 0
vn 0.5735697221378373 0.81915674559068619 0
vn 0.70710678118654757 0.70710678118654757 0
vn 0.70710678118654757 0.70710678118654757 0
vn 0.70710678118654757 0.70710678118654757 0
vn 0.70710678118654757 0.70710678118654757 0
vn 0.70710678118654757 0.70710678118654757 0
vn 0.70710678118654757 0.70710678118654757 0
vn 0.81915674559068619 0.5735697221378373 0
vn 0.81915674559068619 0.5735697221378373 0
vn 0.81915674559068619 0.5735697221378373 0
vn 0.81915674559068619 0.5735697221378373 0
vn 0.81915674559068619 0.5735697221378373 0
vn 0.81915674559068619 0.5735697221378373 0
vn 0.90631339194103622 0.42260624177635336 0
vn 0.90631339194103622 0.42260624177635336 0
vn 0.90631339194103622 0.42260624177635336 0
vn 0.90631339194103622 0.42260624177635336 0
vn 0.90631339194103622 0.42260624177635336 0
vn 0.90631339194103622 0.42260624177635336 0
vn 0.96592885782951599 0.258807730974495 0
vn 0.96592885782951599 0.258807730974495 0
vn 0.96592885782951599 0.258807730974495 0
vn 0.96592885782951599 0.258807730974495 0
vn 0.96592885782951599 0.258807730974495 0
vn 0.96592885782951599 0.258807730974495 0
vn 0.99619089497091384 0.087199201699612247 0
vn 0.99619089497091384 0.087199201699612247 0
vn 0.99619089497091384 0.087199201699612247 0
vn 0.99619089497091384 0.087199201699612247 0
vn 0.99619089497091384 0.087199201699612247 0
vn 0.99619089497091384 0.087199201699612247 0
vn 0.99619089497091384 -0.087199201699612247 0
vn 0.99619089497091384 -0.087199201699612247 0
vn 0.99619089497091384 -0.087199201699612247 0
vn 0.99619089497091384 -0.087199201699612247 0
vn 0.99619089497091384 -0.087199201699612247 0
vn 0.99619089497091384 -0.087199201699612247 0
vn 0.96592885782951599 -0.258807730974495 0
vn 0.96592885782951599 -0.258807730974495 0
vn 0.96592885782951599 -0.258807730974495 0
vn 0.96592885782951599 -0.258807730974495 0
vn 0.96592885782951599 -0.258807730974495 0
vn 0.96592885782951599 -0.258807730974495 0
vn 0.90631339194103622 -0.42260624177635336 0
vn 0.90631339194103622 -0.42260624177635336 0
vn 0.90631339194103622 -0.42260624177635336 0
vn 0.90631339194103622 -0.42260624177635336 0
vn 0.90631339194103622 -0.42260624177635336 0
vn 0.90631339194103622 -0.42260624177635336 0
vn 0.81915674559068619 -0.5735697221378373 0
vn 0.81915674559068619 -0.5735697221378373 0
vn 0.81915674559068619 -0.5735697221378373 0
vn 0.8191238592145007 -0.57361668670423349 0
vn 0.8191238592145007 -0.57361668670423349 0
vn 0.8191238592145007 -0.57361668670423349 0
vn 0.81920373520410372 -0.57350260699289302 0
vn 0.81920373520410372 -0.57350260699289302 0
vn 0.81920373520410372 -0.57350260699289302 0
vn 0.8191238592145007 -0.57361668670423349 0
vn 0.8191238592145007 -0.57361668670423349 0
vn 0.8191238592145007 -0.57361668670423349 0
vn 0.70710678118654757 -0.70710678118654757 0
vn 0.70710678118654757 -0.70710678118654757 0
vn 0.70710678118654757 -0.70710678118654757 0
vn 0.70710678118654757 -0.70710678118654757 0
vn 0.70710678118654757 -0.70710678118654757 0
vn 0.70710678118654757 -0.70710678118654757 0
vn 0.57361668670423349 -0.8191238592145007 0
vn 0.57361668670423349 -0.8191238592145007 0
vn 0.57361668670423349 -0.8191238592145007 0
vn 0.5735697221378373 -0.81915674559068619 0
vn 0.5735697221378373 -0.81915674559068619 0
vn 0.5735697221378373 -0.81915674559068619 0
vn 0.42252410581080924 -0.90635168671370392 0
vn 0.42252410581080924 -0.90635168671370392 0
vn 0.42252410581080924 -0.90635168671370392 0
vn 0.42248580482338161 -0.90636954092838951 0
vn 0.42248580482338161 -0.90636954092838951 0
vn 0.42248580482338161 -0.90636954092838951 0
vn 0.42260624177635336 -0.90631339194103622 0
vn 0.42260624177635336 -0.90631339194103622 0
vn 0.42260624177635336 -0.90631339194103622 0
vn 0.42260624177635336 -0.90631339194103622 0
vn 0.42260624177635336 -0.90631339194103622 0
vn 0.42260624177635336 -0.90631339194103622 0
vn 0.258807730974495 -0.96592885782951599 0
vn 0.258807730974495 -0.96592885782951599 0
vn 0.258807730974495 -0.96592885782951599 0
vn 0.25890101967180396 -0.96590385754116348 0
vn 0.25890101967180396 -0.96590385754116348 0
vn 0.25890101967180396 -0.96590385754116348 0
vn 0.087099960001744497 -0.99619957687588612 0
vn 0.087099960001744497 -0.99619957687588612 0
vn 0.087099960001744497 -0.99619957687588612 0
vn 0.087099960001744497 -0.99619957687588612 0
vn 0.087099960001744497 -0.99619957687588612 0
vn 0.087099960001744497 -0.99619957687588612 0
vn 0 1 0
vn 0 1 0
vn 0 1 0
vn 0 1 0
vn 0 1 0
vn 0 1 0
vn 0 1 0
vn 0 1 0
vn 0 1 0
vn 0 1 0
vn 0 1 0
vn 0 1 0
vn -1 0 0
vn -1 0 0
vn -1 0 0
vn -1 0 0
vn -1 0 0
vn -1 0 0
vn 0 -1 0
vn 0 -1 0
vn 0 -1 0
vn 0 -1 0
vn 0 -1 0
vn 0 -1 0
vn 0 -1 0
vn 0 -1 0
vn 0 -1 0
vn 0 -1 0
vn 0 -1 0
vn 0 -1 0
vn 1 0 0
vn 1 0 0
vn 1 0 0
vn 1 0 0
vn 1 0 0
vn 1 0 0
vn -0.087199201699612247 -0.99619089497091384 0
vn -0.087199201699612247 -0.99619089497091384 0
vn -0.087199201699612247 -0.99619089497091384 0
vn -0.087199201699612247 -0.99619089497091384 0
vn -0.087199201699612247 -0.99619089497091384 0
vn -0.087199201699612247 -0.99619089497091384 0
vn -0.258807730974495 -0.96592885782951599 0
vn -0.258807730974495 -0.96592885782951599 0
vn -0.258807730974495 -0.96592885782951599 0
vn -0.258807730974495 -0.96592885782951599 0
vn -0.258807730974495 -0.96592885782951599 0
vn -0.258807730974495 -0.96592885782951599 0
vn -0.42260624177635336 -0.90631339194103622 0
vn -0.42260624177635336 -0.90631339194103622 0
vn -0.42260624177635336 -0.90631339194103622 0
vn -0.42260624177635336 -0.90631339194103622 0
vn -0.42260624177635336 -0.90631339194103622 0
vn -0.42260624177635336 -0.90631339194103622 0
vn -0.5735697221378373 -0.81915674559068619 0
vn -0.5735697221378373 -0.81915674559068619 0
vn -0.5735697221378373 -0.81915674559068619 0
vn -0.5735697221378373 -0.81915674559068619 0
vn -0.5735697221378373 -0.81915674559068619 0
vn -0.5735697221378373 -0.81915674559068619 0
vn -0.70710678118654757 -0.70710678118654757 0
vn -0.70710678118654757 -0.70710678118654757 0
vn -0.70710678118654757 -0.70710678118654757 0
vn -0.70710678118654757 -0.70710678118654757 0
vn -0.70710678118654757 -0.70710678118654757 0
vn -0.70710678118654757 -0.70710678118654757 0
vn -0.8191238592145007 -0.57361668670423349 0
vn -0.8191238592145007 -0.57361668670423349 0
vn -0.8191238592145007 -0.57361668670423349 0
vn -0.8191238592145007 -0.57361668670423349 0
vn -0.8191238592145007 -0.57361668670423349 0
vn -0.8191238592145007 -0.57361668670423349 0
vn -0.90631339194103622 -0.42260624177635336 0
vn -0.90631339194103622 -0.42260624177635336 0
vn -0.90631339194103622 -0.42260624177635336 0
vn -0.90631339194103622 -0.42260624177635336 0
vn -0.90631339194103622 -0.42260624177635336 0
vn -0.90631339194103622 -0.42260624177635336 0
vn -0.96592885782951599 -0.258807730974495 0
vn -0.96592885782951599 -0.258807730974495 0
vn -0.96592885782951599 -0.258807730974495 0
vn -0.96592885782951599 -0.258807730974495 0
vn -0.96592885782951599 -0.258807730974495 0
vn -0.96592885782951599 -0.258807730974495 0
vn -0.99619089497091384 -0.087199201699612247 0
vn -0.99619089497091384 -0.087199201699612247 0
vn -0.99619089497091384 -0.087199201699612247 0
vn -0.99619089497091384 -0.087199201699612247 0
vn -0.99619089497091384 -0.087199201699612247 0
vn -0.99619089497091384 -0.087199201699612247 0
vn -0.99619089497091384 0.087199201699612247 0
vn -0.99619089497091384 0.087199201699612247 0
vn -0.99619089497091384 0.087199201699612247 0
vn -0.99619089497091384 0.087199201699612247 0
vn -0.99619089497091384 0.087199201699612247 0
vn -0.99619089497091384 0.087199201699612247 0
vn -0.96592885782951599 0.258807730974495 0
vn -0.96592885782951599 0.258807730974495 0
vn -0.96592885782951599 0.258807730974495 0
vn -0.96592885782951599 0.258807730974495 0
vn -0.96592885782951599 0.258807730974495 0
vn -0.96592885782951599 0.258807730974495 0
vn -0.90631339194103622 0.42260624177635336 0
vn -0.90631339194103622 0.42260624177635336 0
vn -0.90631339194103622 0.42260624177635336 0
vn -0.90631339194103622 0.42260624177635336 0
vn -0.90631339194103622 0.42260624177635336 0
vn -0.90631339194103622 0.42260624177635336 0
vn -0.8191238592145007 0.57361668670423349 0
vn -0.8191238592145007 0.57361668670423349 0
vn -0.8191238592145007 0.57361668670423349 0
vn -0.8191238592145007 0.57361668670423349 0
vn -0.8191238592145007 0.57361668670423349 0
vn -0.8191238592145007 0.57361668670423349 0
vn -0.70710678118654757 0.70710678118654757 0
vn -0.70710678118654757 0.70710678118654757 0
vn -0.70710678118654757 0.70710678118654757 0
vn -0.70710678118654757 0.70710678118654757 0
vn -0.70710678118654757 0.70710678118654757 0
vn -0.70710678118654757 0.70710678118654757 0
vn -0.57361668670423349 0.8191238592145007 0
vn -0.57361668670423349 0.8191238592145007 0
vn -0.57361668670423349 0.8191238592145007 0
vn -0.5735697221378373 0.81915674559068619 0
vn -0.5735697221378373 0.81915674559068619 0
vn -0.5735697221378373 0.81915674559068619 0
vn -0.42260624177635336 0.90631339194103622 0
vn -0.42260624177635336 0.90631339194103622 0
vn -0.42260624177635336 0.90631339194103622 0
vn -0.42260624177635336 0.90631339194103622 0
vn -0.42260624177635336 0.90631339194103622 0
vn -0.42260624177635336 0.90631339194103622 0
vn -0.258807730974495 0.96592885782951599 0
vn -0.258807730974495 0.96592885782951599 0
vn -0.258807730974495 0.96592885782951599 0
vn -0.258807730974495 0.96592885782951599 0
vn -0.258807730974495 0.96592885782951599 0
vn -0.258807730974495 0.96592885782951599 0
vn -0.087199201699612247 0.99619089497091384 0
vn -0.087199201699612247 0.99619089497091384 0
vn -0.087199201699612247 0.99619089497091384 0
vn -0.087199201699612247 0.99619089497091384 0
vn -0.087199201699612247 0.99619089497091384 0
vn -0.087199201699612247 0.99619089497091384 0
vn 0.087199201699612247 0.99619089497091384 0
vn 0.087199201699612247 0.99619089497091384 0
vn 0.087199201699612247 0.99619089497091384 0
vn 0.087199201699612247 0.99619089497091384 0
vn 0.087199201699612247 0.99619089497091384 0
vn 0.087199201699612247 0.99619089497091384 0
vn 0.258807730974495 0.96592885782951599 0
vn 0.258807730974495 0.96592885782951599 0
vn 0.258807730974495 0.96592885782951599 0
vn 0.258807730974495 0.96592885782951599 0
vn 0.258807730974495 0.96592885782951599 0
vn 0.258807730974495 0.96592885782951599 0
vn 0.42260624177635336 0.90631339194103622 0
vn 0.42260624177635336 0.90631339194103622 0
vn 0.42260624177635336 0.90631339194103622 0
vn 0.42260624177635336 0.90631339194103622 0
vn 0.42260624177635336 0.90631339194103622 0
vn 0.42260624177635336 0.90631339194103622 0
vn 0.5735697221378373 0.81915674559068619 0
vn 0.5735697221378373 0.81915674559068619 0
vn 0.5735697221378373 0.81915674559068619 0
vn 0.57361668670423349 0.8191238592145007 0
vn 0.57361668670423349 0.8191238592145007 0
vn 0.57361668670423349 0.8191238592145007 0
vn 0.70710678118654757 0.70710678118654757 0
vn 0.70710678118654757 0.70710678118654757 0
vn 0.70710678118654757 0.70710678118654757 0
vn 0.70710678118654757 0.70710678118654757 0
vn 0.70710678118654757 0.70710678118654757 0
vn 0.70710678118654757 0.70710678118654757 0
vn 0.8191238592145007 0.57361668670423349 0
vn 0.8191238592145007 0.57361668670423349 0
vn 0.8191238592145007 0.57361668670423349 0
vn 0.8191238592145007 0.57361668670423349 0
vn 0.8191238592145007 0.57361668670423349 0
vn 0.8191238592145007 0.57361668670423349 0
vn 0.90631339194103622 0.42260624177635336 0
vn 0.90631339194103622 0.42260624177635336 0
vn 0.90631339194103622 0.42260624177635336 0
vn 0.90631339194103622 0.42260624177635336 0
vn 0.90631339194103622 0.42260624177635336 0
vn 0.90631339194103622 0.42260624177635336 0
vn 0.96590385754116348 0.25890101967180396 0
vn 0.96590385754116348 0.25890101967180396 0
vn 0.96590385754116348 0.25890101967180396 0
vn 0.96590385754116348 0.25890101967180396 0
vn 0.96590385754116348 0.25890101967180396 0
vn 0.96590385754116348 0.25890101967180396 0
vn 0.99619089497091384 0.087199201699612247 0
vn 0.99619089497091384 0.087199201699612247 0
vn 0.99619089497091384 0.087199201699612247 0
vn 0.99619089497091384 0.087199201699612247 0
vn 0.99619089497091384 0.087199201699612247 0
vn 0.99619089497091384 0.087199201699612247 0
vn 0.99619089497091384 -0.087199201699612247 0
vn 0.99619089497091384 -0.087199201699612247 0
vn 0.99619089497091384 -0.087199201699612247 0
vn 0.99619089497091384 -0.087199201699612247 0
vn 0.99619089497091384 -0.087199201699612247 0
vn 0.99619089497091384 -0.087199201699612247 0
vn 0.96590385754116348 -0.25890101967180396 0
vn 0.96590385754116348 -0.25890101967180396 0
vn 0.96590385754116348 -0.25890101967180396 0
vn 0.96592885782951599 -0.258807730974495 0
vn 0.96592885782951599 -0.258807730974495 0
vn 0.96592885782951599 -0.258807730974495 0
vn 0.90631339194103622 -0.42260624177635336 0
vn 0.90631339194103622 -0.42260624177635336 0
vn 0.90631339194103622 -0.42260624177635336 0
vn 0.90631339194103622 -0.42260624177635336 0
vn 0.90631339194103622 -0.42260624177635336 0
vn 0.90631339194103622 -0.42260624177635336 0
vn 0.8191238592145007 -0.57361668670423349 0
vn 0.8191238592145007 -0.57361668670423349 0
vn 0.8191238592145007 -0.57361668670423349 0
vn 0.8191238592145007 -0.57361668670423349 0
vn 0.8191238592145007 -0.57361668670423349 0
vn 0.8191238592145007 -0.57361668670423349 0
vn 0.70710678118654757 -0.70710678118654757 0
vn 0.70710678118654757 -0.70710678118654757 0
vn 0.70710678118654757 -0.70710678118654757 0
vn 0.70710678118654757 -0.70710678118654757 0
vn 0.70710678118654757 -0.70710678118654757 0
vn 0.70710678118654757 -0.70710678118654757 0
vn 0.5735697221378373 -0.81915674559068619 0
vn 0.5735697221378373 -0.81915674559068619 0
vn 0.5735697221378373 -0.81915674559068619 0
vn 0.5735697221378373 -0.81915674559068619 0
vn 0.5735697221378373 -0.81915674559068619 0
vn 0.5735697221378373 -0.81915674559068619 0
vn 0.42260624177635336 -0.90631339194103622 0
vn 0.42260624177635336 -0.90631339194103622 0
vn 0.42260624177635336 -0.90631339194103622 0
vn 0.42260624177635336 -0.90631339194103622 0
vn 0.42260624177635336 -0.90631339194103622 0
vn 0.42260624177635336 -0.90631339194103622 0
vn 0.258807730974495 -0.96592885782951599 0
vn 0.258807730974495 -0.96592885782951599 0
vn 0.258807730974495 -0.96592885782951599 0
vn 0.258807730974495 -0.96592885782951599 0
vn 0.258807730974495 -0.96592885782951599 0
vn 0.258807730974495 -0.96592885782951599 0
vn 0.087199201699612247 -0.99619089497091384 0
vn 0.087199201699612247 -0.99619089497091384 0
vn 0.087199201699612247 -0.99619089497091384 0
vn 0.087199201699612247 -0.99619089497091384 0
vn 0.087199201699612247 -0.99619089497091384 0
vn 0.087199201699612247 -0.99619089497091384 0
vn 0 1 0
vn 0 1 0
vn 0 1 0
vn 0 1 0
vn 0 1 0
vn 0 1 0
vn -1 0 0
vn -1 0 0
vn -1 0 0
vn -1 0 0
vn -1 0 0
vn -1 0 0
vn 0 -1 0
vn 0 -1 0
vn 0 -1 0
vn 0 -1 0
vn 0 -1 0
vn 0 -1 0
vn 1 0 0
vn 1 0 0
vn 1 0 0
vn 1 0 0
vn 1 0 0
vn 1 0 0
vn -0.087199201699612247 -0.99619089497091384 0
vn -0.087199201699612247 -0.99619089497091384 0
vn -0.087199201699612247 -0.99619089497091384 0
vn -0.087199201699612247 -0.99619089497091384 0
vn -0.087199201699612247 -0.99619089497091384 0
vn -0.087199201699612247 -0.99619089497091384 0
vn -0.258807730974495 -0.96592885782951599 0
vn -0.258807730974495 -0.96592885782951599 0
vn -0.258807730974495 -0.96592885782951599 0
vn -0.258807730974495 -0.96592885782951599 0
vn -0.258807730974495 -0.96592885782951599 0
vn -0.258807730974495 -0.96592885782951599 0
vn -0.42260624177635336 -0.90631339194103622 0
vn -0.42260624177635336 -0.90631339194103622 0
vn -0.42260624177635336 -0.90631339194103622 0
vn -0.42260624177635336 -0.90631339194103622 0
vn -0.42260624177635336 -0.90631339194103622 0
vn -0.42260624177635336 -0.90631339194103622 0
vn -0.42260624177635336 -0.90631339194103622 0
vn -0.42260624177635336 -0.90631339194103622 0
vn -0.42260624177635336 -0.90631339194103622 0
vn -0.42268836733042764 -0.90627509296214115 0
vn -0.42268836733042764 -0.90627509296214115 0
vn -0.42268836733042764 -0.90627509296214115 0
vn -0.5735697221378373 -0.81915674559068619 0
vn -0.5735697221378373 -0.81915674559068619 0
vn -0.5735697221378373 -0.81915674559068619 0
vn -0.5735697221378373 -0.81915674559068619 0
vn -0.5735697221378373 -0.81915674559068619 0
vn -0.5735697221378373 -0.81915674559068619 0
vn -0.70710678118654757 -0.70710678118654757 0
vn -0.70710678118654757 -0.70710678118654757 0
vn -0.70710678118654757 -0.70710678118654757 0
vn -0.70710678118654757 -0.70710678118654757 0
vn -0.70710678118654757 -0.70710678118654757 0
vn -0.70710678118654757 -0.70710678118654757 0
vn -0.70700678636827363 -0.70720676186615072 0
vn -0.70700678636827363 -0.70720676186615072 0
vn -0.70700678636827363 -0.70720676186615072 0
vn -0.70700678636827363 -0.70720676186615072 0
vn -0.70700678636827363 -0.70720676186615072 0
vn -0.70700678636827363 -0.70720676186615072 0
vn -0.81915674559068619 -0.5735697221378373 0
vn -0.81915674559068619 -0.5735697221378373 0
vn -0.81915674559068619 -0.5735697221378373 0
vn -0.81915674559068619 -0.5735697221378373 0
vn -0.81915674559068619 -0.5735697221378373 0
vn -0.81915674559068619 -0.5735697221378373 0
vn -0.90627509296214115 -0.42268836733042764 0
vn -0.90627509296214115 -0.42268836733042764 0
vn -0.90627509296214115 -0.42268836733042764 0
vn -0.90627509296214115 -0.42268836733042764 0
vn -0.90627509296214115 -0.42268836733042764 0
vn -0.90627509296214115 -0.42268836733042764 0
vn -0.90631339194103622 -0.42260624177635336 0
vn -0.90631339194103622 -0.42260624177635336 0
vn -0.90631339194103622 -0.42260624177635336 0
vn -0.90631339194103622 -0.42260624177635336 0
vn -0.90631339194103622 -0.42260624177635336 0
vn -0.90631339194103622 -0.42260624177635336 0
vn -0.96592885782951599 -0.258807730974495 0
vn -0.96592885782951599 -0.258807730974495 0
vn -0.96592885782951599 -0.258807730974495 0
vn -0.96592885782951599 -0.258807730974495 0
vn -0.96592885782951599 -0.258807730974495 0
vn -0.96592885782951599 -0.258807730974495 0
vn -0.99619089497091384 -0.087199201699612247 0
vn -0.99619089497091384 -0.087199201699612247 0
vn -0.99619089497091384 -0.087199201699612247 0
vn -0.99619089497091384 -0.087199201699612247 0
vn -0.99619089497091384 -0.087199201699612247 0
vn -0.99619089497091384 -0.087199201699612247 0
vn -0.99619089497091384 0.087199201699612247 0
vn -0.99619089497091384 0.087199201699612247 0
vn -0.99619089497091384 0.087199201699612247 0
vn -0.99619089497091384 0.087199201699612247 0
vn -0.99619089497091384 0.087199201699612247 0
vn -0.99619089497091384 0.087199201699612247 0
vn -0.96592885782951599 0.258807730974495 0
vn -0.96592885782951599 0.258807730974495 0
vn -0.96592885782951599 0.258807730974495 0
vn -0.96592885782951599 0.258807730974495 0
vn -0.96592885782951599 0.258807730974495 0
vn -0.96592885782951599 0.258807730974495 0
vn -0.90631339194103622 0.42260624177635336 0
vn -0.90631339194103622 0.42260624177635336 0
vn -0.90631339194103622 0.42260624177635336 0
vn -0.90631339194103622 0.42260624177635336 0
vn -0.90631339194103622 0.42260624177635336 0
vn -0.90631339194103622 0.42260624177635336 0
vn -0.90631339194103622 0.42260624177635336 0
vn -0.90631339194103622 0.42260624177635336 0
vn -0.90631339194103622 0.42260624177635336 0
vn -0.90627509296214115 0.42268836733042764 0
vn -0.90627509296214115 0.42268836733042764 0
vn -0.90627509296214115 0.42268836733042764 0
vn -0.81915674559068619 0.5735697221378373 0
vn -0.81915674559068619 0.5735697221378373 0
vn -0.81915674559068619 0.5735697221378373 0
vn -0.81915674559068619 0.5735697221378373 0
vn -0.81915674559068619 0.5735697221378373 0
vn -0.81915674559068619 0.5735697221378373 0
vn -0.70720676186615072 0.70700678636827363 0
vn -0.70720676186615072 0.70700678636827363 0
vn -0.70720676186615072 0.70700678636827363 0
vn -0.70700678636827363 0.70720676186615072 0
vn -0.70700678636827363 0.70720676186615072 0
vn -0.70700678636827363 0.70720676186615072 0
vn -0.70710678118654757 0.70710678118654757 0
vn -0.70710678118654757 0.70710678118654757 0
vn -0.70710678118654757 0.70710678118654757 0
vn -0.70710678118654757 0.70710678118654757 0
vn -0.70710678118654757 0.70710678118654757 0
vn -0.70710678118654757 0.70710678118654757 0
vn -0.57361668670423349 0.8191238592145007 0
vn -0.57361668670423349 0.8191238592145007 0
vn -0.57361668670423349 0.8191238592145007 0
vn -0.5735697221378373 0.81915674559068619 0
vn -0.5735697221378373 0.81915674559068619 0
vn -0.5735697221378373 0.81915674559068619 0
vn -0.42260624177635336 0.90631339194103622 0
vn -0.42260624177635336 0.90631339194103622 0
vn -0.42260624177635336 0.90631339194103622 0
vn -0.42260624177635336 0.90631339194103622 0
vn -0.42260624177635336 0.90631339194103622 0
vn -0.42260624177635336 0.90631339194103622 0
vn -0.258807730974495 0.96592885782951599 0
vn -0.258807730974495 0.96592885782951599 0
vn -0.258807730974495 0.96592885782951599 0
vn -0.258807730974495 0.96592885782951599 0
vn -0.258807730974495 0.96592885782951599 0
vn -0.258807730974495 0.96592885782951599 0
vn -0.087099960001744497 0.99619957687588612 0
vn -0.087099960001744497 0.99619957687588612 0
vn -0.087099960001744497 0.99619957687588612 0
vn -0.087099960001744497 0.99619957687588612 0
vn -0.087099960001744497 0.99619957687588612 0
vn -0.087099960001744497 0.99619957687588612 0
vn 0.087099960001744497 0.99619957687588612 0
vn 0.087099960001744497 0.99619957687588612 0
vn 0.087099960001744497 0.99619957687588612 0
vn 0.087099960001744497 0.99619957687588612 0
vn 0.087099960001744497 0.99619957687588612 0
vn 0.087099960001744497 0.99619957687588612 0
vn 0.258807730974495 0.96592885782951599 0
vn 0.258807730974495 0.96592885782951599 0
vn 0.258807730974495 0.96592885782951599 0
vn 0.258807730974495 0.96592885782951599 0
vn 0.258807730974495 0.96592885782951599 0
vn 0.258807730974495 0.96592885782951599 0
vn 0.42260624177635336 0.90631339194103622 0
vn 0.42260624177635336 0.90631339194103622 0
vn 0.42260624177635336 0.90631339194103622 0
vn 0.42260624177635336 0.90631339194103622 0
vn 0.42260624177635336 0.90631339194103622 0
vn 0.42260624177635336 0.90631339194103622 0
vn 0.5735697221378373 0.81915674559068619 0
vn 0.5735697221378373 0.81915674559068619 0
vn 0.5735697221378373 0.81915674559068619 0
vn 0.57361668670423349 0.8191238592145007 0
vn 0.57361668670423349 0.8191238592145007 0
vn 0.57361668670423349 0.8191238592145007 0
vn 0.70710678118654757 0.70710678118654757 0
vn 0.70710678118654757 0.70710678118654757 0
vn 0.70710678118654757 0.70710678118654757 0
vn 0.70710678118654757 0.70710678118654757 0
vn 0.70710678118654757 0.70710678118654757 0
vn 0.70710678118654757 0.70710678118654757 0
vn 0.70700678636827363 0.70720676186615072 0
vn 0.70700678636827363 0.70720676186615072 0
vn 0.70700678636827363 0.70720676186615072 0
vn 0.70720676186615072 0.70700678636827363 0
vn 0.70720676186615072 0.70700678636827363 0
vn 0.70720676186615072 0.70700678636827363 0
vn 0.81915674559068619 0.5735697221378373 0
vn 0.81915674559068619 0.5735697221378373 0
vn 0.81915674559068619 0.5735697221378373 0
vn 0.81915674559068619 0.5735697221378373 0
vn 0.81915674559068619 0.5735697221378373 0
vn 0.81915674559068619 0.5735697221378373 0
vn 0.90627509296214115 0.42268836733042764 0
vn 0.90627509296214115 0.42268836733042764 0
vn 0.90627509296214115 0.42268836733042764 0
vn 0.90631339194103622 0.42260624177635336 0
vn 0.90631339194103622 0.42260624177635336 0
vn 0.90631339194103622 0.42260624177635336 0
vn 0.90631339194103622 0.42260624177635336 0
vn 0.90631339194103622 0.42260624177635336 0
vn 0.90631339194103622 0.42260624177635336 0
vn 0.90631339194103622 0.42260624177635336 0
vn 0.90631339194103622 0.42260624177635336 0
vn 0.90631339194103622 0.42260624177635336 0
vn 0.96592885782951599 0.258807730974495 0
vn 0.96592885782951599 0.258807730974495 0
vn 0.96592885782951599 0.258807730974495 0
vn 0.96592885782951599 0.258807730974495 0
vn 0.96592885782951599 0.258807730974495 0
vn 0.96592885782951599 0.258807730974495 0
vn 0.99619089497091384 0.087199201699612247 0
vn 0.99619089497091384 0.087199201699612247 0
vn 0.99619089497091384 0.087199201699612247 0
vn 0.99619089497091384 0.087199201699612247 0
vn 0.99619089497091384 0.087199201699612247 0
vn 0.99619089497091384 0.087199201699612247 0
vn 0.99619089497091384 -0.087199201699612247 0
vn 0.99619089497091384 -0.087199201699612247 0
vn 0.99619089497091384 -0.087199201699612247 0
vn 0.99619089497091384 -0.087199201699612247 0
vn 0.99619089497091384 -0.087199201699612247 0
vn 0.99619089497091384 -0.087199201699612247 0
vn 0.96592885782951599 -0.258807730974495 0
vn 0.96592885782951599 -0.258807730974495 0
vn 0.96592885782951599 -0.258807730974495 0
vn 0.96592885782951599 -0.258807730974495 0
vn 0.96592885782951599 -0.258807730974495 0
vn 0.96592885782951599 -0.258807730974495 0
vn 0.90631339194103622 -0.42260624177635336 0
vn 0.90631339194103622 -0.42260624177635336 0
vn 0.90631339194103622 -0.42260624177635336 0
vn 0.90631339194103622 -0.42260624177635336 0
vn 0.90631339194103622 -0.42260624177635336 0
vn 0.90631339194103622 -0.42260624177635336 0
vn 0.90627509296214115 -0.42268836733042764 0
vn 0.90627509296214115 -0.42268836733042764 0
vn 0.90627509296214115 -0.42268836733042764 0
vn 0.90627509296214115 -0.42268836733042764 0
vn 0.90627509296214115 -0.42268836733042764 0
vn 0.90627509296214115 -0.42268836733042764 0
vn 0.81915674559068619 -0.5735697221378373 0
vn 0.81915674559068619 -0.5735697221378373 0
vn 0.81915674559068619 -0.5735697221378373 0
vn 0.81915674559068619 -0.5735697221378373 0
vn 0.81915674559068619 -0.5735697221378373 0
vn 0.81915674559068619 -0.5735697221378373 0
vn 0.70700678636827363 -0.70720676186615072 0
vn 0.70700678636827363 -0.70720676186615072 0
vn 0.70700678636827363 -0.70720676186615072 0
vn 0.70700678636827363 -0.70720676186615072 0
vn 0.70700678636827363 -0.70720676186615072 0
vn 0.70700678636827363 -0.70720676186615072 0
vn 0.70710678118654757 -0.70710678118654757 0
vn 0.70710678118654757 -0.70710678118654757 0
vn 0.70710678118654757 -0.70710678118654757 0
vn 0.70710678118654757 -0.70710678118654757 0
vn 0.70710678118654757 -0.70710678118654757 0
vn 0.70710678118654757 -0.70710678118654757 0
vn 0.5735697221378373 -0.81915674559068619 0
vn 0.5735697221378373 -0.81915674559068619 0
vn 0.5735697221378373 -0.81915674559068619 0
vn 0.5735697221378373 -0.81915674559068619 0
vn 0.5735697221378373 -0.81915674559068619 0
vn 0.5735697221378373 -0.81915674559068619 0
vn 0.42268836733042764 -0.90627509296214115 0
vn 0.42268836733042764 -0.90627509296214115 0
vn 0.42268836733042764 -0.90627509296214115 0
vn 0.42260624177635336 -0.90631339194103622 0
vn 0.42260624177635336 -0.90631339194103622 0
vn 0.42260624177635336 -0.90631339194103622 0
vn 0.42260624177635336 -0.90631339194103622 0
vn 0.42260624177635336 -0.90631339194103622 0
vn 0.42260624177635336 -0.90631339194103622 0
vn 0.42260624177635336 -0.90631339194103622 0
vn 0.42260624177635336 -0.90631339194103622 0
vn 0.42260624177635336 -0.90631339194103622 0
vn 0.258807730974495 -0.96592885782951599 0
vn 0.258807730974495 -0.96592885782951599 0
vn 0.258807730974495 -0.96592885782951599 0
vn 0.258807730974495 -0.96592885782951599 0
vn 0.258807730974495 -0.96592885782951599 0
vn 0.258807730974495 -0.96592885782951599 0
vn 0.087199201699612247 -0.99619089497091384 0
vn 0.087199201699612247 -0.99619089497091384 0
vn 0.087199201699612247 -0.99619089497091384 0
vn 0.087199201699612247 -0.99619089497091384 0
vn 0.087199201699612247 -0.99619089497091384 0
vn 0.087199201699612247 -0.99619089497091384 0
vn -0.087099960001744497 -0.99619957687588612 0
vn -0.087099960001744497 -0.99619957687588612 0
vn -0.087099960001744497 -0.99619957687588612 0
vn -0.087099960001744497 -0.99619957687588612 0
vn -0.087099960001744497 -0.99619957687588612 0
vn -0.087099960001744497 -0.99619957687588612 0
vn -0.258807730974495 -0.96592885782951599 0
vn -0.258807730974495 -0.96592885782951599 0
vn -0.258807730974495 -0.96592885782951599 0
vn -0.258807730974495 -0.96592885782951599 0
vn -0.258807730974495 -0.96592885782951599 0
vn -0.258807730974495 -0.96592885782951599 0
vn -0.42260624177635336 -0.90631339194103622 0
vn -0.42260624177635336 -0.90631339194103622 0
vn -0.42260624177635336 -0.90631339194103622 0
vn -0.42260624177635336 -0.90631339194103622 0
vn -0.42260624177635336 -0.90631339194103622 0
vn -0.42260624177635336 -0.90631339194103622 0
vn -0.5735697221378373 -0.81915674559068619 0
vn -0.5735697221378373 -0.81915674559068619 0
vn -0.5735697221378373 -0.81915674559068619 0
vn -0.5735697221378373 -0.81915674559068619 0
vn -0.5735697221378373 -0.81915674559068619 0
vn -0.5735697221378373 -0.81915674559068619 0
vn -0.70710678118654757 -0.70710678118654757 0
vn -0.70710678118654757 -0.70710678118654757 0
vn -0.70710678118654757 -0.70710678118654757 0
vn -0.70710678118654757 -0.70710678118654757 0
vn -0.70710678118654757 -0.70710678118654757 0
vn -0.70710678118654757 -0.70710678118654757 0
vn -0.81915674559068619 -0.5735697221378373 0
vn -0.81915674559068619 -0.5735697221378373 0
vn -0.81915674559068619 -0.5735697221378373 0
vn -0.81915674559068619 -0.5735697221378373 0
vn -0.81915674559068619 -0.5735697221378373 0
vn -0.81915674559068619 -0.5735697221378373 0
vn -0.90627509296214115 -0.42268836733042764 0
vn -0.90627509296214115 -0.42268836733042764 0
vn -0.90627509296214115 -0.42268836733042764 0
vn -0.90640783671501546 -0.42240363817278581 0
vn -0.90640783671501546 -0.42240363817278581 0
vn -0.90640783671501546 -0.42240363817278581 0
vn -0.90631339194103622 -0.42260624177635336 0
vn -0.90631339194103622 -0.42260624177635336 0
vn -0.90631339194103622 -0.42260624177635336 0
vn -0.90631339194103622 -0.42260624177635336 0
vn -0.90631339194103622 -0.42260624177635336 0
vn -0.90631339194103622 -0.42260624177635336 0
vn -0.96592885782951599 -0.258807730974495 0
vn -0.96592885782951599 -0.258807730974495 0
vn -0.96592885782951599 -0.258807730974495 0
vn -0.96592885782951599 -0.258807730974495 0
vn -0.96592885782951599 -0.258807730974495 0
vn -0.96592885782951599 -0.258807730974495 0
vn -0.99619089497091384 -0.087199201699612247 0
vn -0.99619089497091384 -0.087199201699612247 0
vn -0.99619089497091384 -0.087199201699612247 0
vn -0.99619089497091384 -0.087199201699612247 0
vn -0.99619089497091384 -0.087199201699612247 0
vn -0.99619089497091384 -0.087199201699612247 0
vn -0.99619089497091384 0.087199201699612247 0
vn -0.99619089497091384 0.087199201699612247 0
vn -0.99619089497091384 0.087199201699612247 0
vn -0.99619089497091384 0.087199201699612247 0
vn -0.99619089497091384 0.087199201699612247 0
vn -0.99619089497091384 0.087199201699612247 0
vn -0.96592885782951599 0.258807730974495 0
vn -0.96592885782951599 0.258807730974495 0
vn -0.96592885782951599 0.258807730974495 0
vn -0.96592885782951599 0.258807730974495 0
vn -0.96592885782951599 0.258807730974495 0
vn -0.96592885782951599 0.258807730974495 0
vn -0.90631339194103622 0.42260624177635336 0
vn -0.90631339194103622 0.42260624177635336 0
vn -0.90631339194103622 0.42260624177635336 0
vn -0.90631339194103622 0.42260624177635336 0
vn -0.90631339194103622 0.42260624177635336 0
vn -0.90631339194103622 0.42260624177635336 0
vn -0.90576373446137592 0.42378303096582581 0
vn -0.90576373446137592 0.42378303096582581 0
vn -0.9055561957122511 0.42422632686710426 0
vn -0.90576362124998178 0.42378297799719178 -0.00049997995105922682
vn -0.90576373446137592 0.42378303096582581 0
vn -0.90576373446137592 0.42378303096582581 0
vn -0.81915674559068619 0.5735697221378373 0
vn -0.81915674559068619 0.5735697221378373 0
vn -0.81915674559068619 0.5735697221378373 0
vn -0.81915674559068619 0.5735697221378373 0
vn -0.81915674559068619 0.5735697221378373 0
vn -0.81915674559068619 0.5735697221378373 0
vn -0.70710678118654757 0.70710678118654757 0
vn -0.70710678118654757 0.70710678118654757 0
vn -0.70710678118654757 0.70710678118654757 0
vn -0.70710678118654757 0.70710678118654757 0
vn -0.70710678118654757 0.70710678118654757 0
vn -0.70710678118654757 0.70710678118654757 0
vn -0.5735697221378373 0.81915674559068619 0
vn -0.5735697221378373 0.81915674559068619 0
vn -0.5735697221378373 0.81915674559068619 0
vn -0.5735697221378373 0.81915674559068619 0
vn -0.5735697221378373 0.81915674559068619 0
vn -0.5735697221378373 0.81915674559068619 0
vn -0.42260624177635336 0.90631339194103622 0
vn -0.42260624177635336 0.90631339194103622 0
vn -0.42260624177635336 0.90631339194103622 0
vn -0.42260624177635336 0.90631339194103622 0
vn -0.42260624177635336 0.90631339194103622 0
vn -0.42260624177635336 0.90631339194103622 0
vn -0.258807730974495 0.96592885782951599 0
vn -0.258807730974495 0.96592885782951599 0
vn -0.258807730974495 0.96592885782951599 0
vn -0.258807730974495 0.96592885782951599 0
vn -0.258807730974495 0.96592885782951599 0
vn -0.258807730974495 0.96592885782951599 0
vn -0.087199201699612247 0.99619089497091384 0
vn -0.087199201699612247 0.99619089497091384 0
vn -0.087199201699612247 0.99619089497091384 0
vn -0.087199201699612247 0.99619089497091384 0
vn -0.087199201699612247 0.99619089497091384 0
vn -0.087199201699612247 0.99619089497091384 0
vn 0.087199201699612247 0.99619089497091384 0
vn 0.087199201699612247 0.99619089497091384 0
vn 0.087199201699612247 0.99619089497091384 0
vn 0.087199201699612247 0.99619089497091384 0
vn 0.087199201699612247 0.99619089497091384 0
vn 0.087199201699612247 0.99619089497091384 0
vn 0.258807730974495 0.96592885782951599 0
vn 0.258807730974495 0.96592885782951599 0
vn 0.258807730974495 0.96592885782951599 0
vn 0.258807730974495 0.96592885782951599 0
vn 0.258807730974495 0.96592885782951599 0
vn 0.258807730974495 0.96592885782951599 0
vn 0.42260624177635336 0.90631339194103622 0
vn 0.42260624177635336 0.90631339194103622 0
vn 0.42260624177635336 0.90631339194103622 0
vn 0.42260624177635336 0.90631339194103622 0
vn 0.42260624177635336 0.90631339194103622 0
vn 0.42260624177635336 0.90631339194103622 0
vn 0.5735697221378373 0.81915674559068619 0
vn 0.5735697221378373 0.81915674559068619 0
vn 0.5735697221378373 0.81915674559068619 0
vn 0.5735697221378373 0.81915674559068619 0
vn 0.5735697221378373 0.81915674559068619 0
vn 0.5735697221378373 0.81915674559068619 0
vn 0.70710678118654757 0.70710678118654757 0
vn 0.70710678118654757 0.70710678118654757 0
vn 0.70710678118654757 0.70710678118654757 0
vn 0.70710678118654757 0.70710678118654757 0
vn 0.70710678118654757 0.70710678118654757 0
vn 0.70710678118654757 0.70710678118654757 0
vn 0.8191238592145007 0.57361668670423349 0
vn 0.8191238592145007 0.57361668670423349 0
vn 0.8191238592145007 0.57361668670423349 0
vn 0.8191238592145007 0.57361668670423349 0
vn 0.8191238592145007 0.57361668670423349 0
vn 0.8191238592145007 0.57361668670423349 0
vn 0.9067851185382898 0.42159310810009681 0
vn 0.9067851185382898 0.42159310810009681 0
vn 0.90701170050931779 0.4211054204581029 0
vn 0.90678500519387362 0.42159305540268954 -0.0004999917711766916
vn 0.9067851185382898 0.42159310810009681 0
vn 0.90678489638331117 0.42159300481321438 0.00069998833744486591
vn 0.90631327864852673 0.4226061889490178 -0.00050000734491835442
vn 0.90627487093704873 0.42268826377751689 0.00069998055966909525
vn 0.90631339194103622 0.42260624177635336 0
vn 0.90631339194103622 0.42260624177635336 0
vn 0.90602978967965564 0.42321391779221884 0
vn 0.90631339194103622 0.42260624177635336 0
vn 0.96592885782951599 0.258807730974495 0
vn 0.96592885782951599 0.258807730974495 0
vn 0.96592885782951599 0.258807730974495 0
vn 0.96592885782951599 0.258807730974495 0
vn 0.96592885782951599 0.258807730974495 0
vn 0.96592885782951599 0.258807730974495 0
vn 0.99619957687588612 0.087099960001744497 0
vn 0.99619957687588612 0.087099960001744497 0
vn 0.99619957687588612 0.087099960001744497 0
vn 0.99619957687588612 0.087099960001744497 0
vn 0.99619957687588612 0.087099960001744497 0
vn 0.99619957687588612 0.087099960001744497 0
vn 0.99619957687588612 -0.087099960001744497 0
vn 0.99619957687588612 -0.087099960001744497 0
vn 0.99619957687588612 -0.087099960001744497 0
vn 0.99619957687588612 -0.087099960001744497 0
vn 0.99619957687588612 -0.087099960001744497 0
vn 0.99619957687588612 -0.087099960001744497 0
vn 0.96592885782951599 -0.258807730974495 0
vn 0.96592885782951599 -0.258807730974495 0
vn 0.96592885782951599 -0.258807730974495 0
vn 0.96592885782951599 -0.258807730974495 0
vn 0.96592885782951599 -0.258807730974495 0
vn 0.96592885782951599 -0.258807730974495 0
vn 0.90631339194103622 -0.42260624177635336 0
vn 0.90631339194103622 -0.42260624177635336 0
vn 0.90593515921393175 -0.42341644665745815 0
vn 0.90627472594114455 -0.42268819615116093 -0.00089997487793115117
vn 0.90631339194103622 -0.42260624177635336 0
vn 0.90631302487350718 -0.42260607061588024 0.00090001291063358834
vn 0.90748136878348984 -0.42009136547206155 -0.00089998147892765112
vn 0.90748136878348984 -0.42009136547206155 0.00089998147892765112
vn 0.9074817362985409 -0.4200915356021655 0
vn 0.90733200831119809 -0.42041482691975546 0
vn 0.90770750791927934 -0.41960347956966648 0
vn 0.90733200831119809 -0.42041482691975546 0
vn 0.8191238592145007 -0.57361668670423349 0
vn 0.8191238592145007 -0.57361668670423349 0
vn 0.8191238592145007 -0.57361668670423349 0
vn 0.8191238592145007 -0.57361668670423349 0
vn 0.8191238592145007 -0.57361668670423349 0
vn 0.8191238592145007 -0.57361668670423349 0
vn 0.70710678118654757 -0.70710678118654757 0
vn 0.70710678118654757 -0.70710678118654757 0
vn 0.70710678118654757 -0.70710678118654757 0
vn 0.70710678118654757 -0.70710678118654757 0
vn 0.70710678118654757 -0.70710678118654757 0
vn 0.70710678118654757 -0.70710678118654757 0
vn 0.57361668670423349 -0.8191238592145007 0
vn 0.57361668670423349 -0.8191238592145007 0
vn 0.57361668670423349 -0.8191238592145007 0
vn 0.57361668670423349 -0.8191238592145007 0
vn 0.57361668670423349 -0.8191238592145007 0
vn 0.57361668670423349 -0.8191238592145007 0
vn 0.42260624177635336 -0.90631339194103622 0
vn 0.42260624177635336 -0.90631339194103622 0
vn 0.42260624177635336 -0.90631339194103622 0
vn 0.42260624177635336 -0.90631339194103622 0
vn 0.42260624177635336 -0.90631339194103622 0
vn 0.42260624177635336 -0.90631339194103622 0
vn 0.258807730974495 -0.96592885782951599 0
vn 0.258807730974495 -0.96592885782951599 0
vn 0.258807730974495 -0.96592885782951599 0
vn 0.258807730974495 -0.96592885782951599 0
vn 0.258807730974495 -0.96592885782951599 0
vn 0.258807730974495 -0.96592885782951599 0
vn 0.087099960001744497 -0.99619957687588612 0
vn 0.087099960001744497 -0.99619957687588612 0
vn 0.087099960001744497 -0.99619957687588612 0
vn 0.087099960001744497 -0.99619957687588612 0
vn 0.087099960001744497 -0.99619957687588612 0
vn 0.087099960001744497 -0.99619957687588612 0
vn -0.087199201699612247 -0.99619089497091384 0
vn -0.087199201699612247 -0.99619089497091384 0
vn -0.087199201699612247 -0.99619089497091384 0
vn -0.087199201699612247 -0.99619089497091384 0
vn -0.087199201699612247 -0.99619089497091384 0
vn -0.087199201699612247 -0.99619089497091384 0
vn -0.258807730974495 -0.96592885782951599 0
vn -0.258807730974495 -0.96592885782951599 0
vn -0.258807730974495 -0.96592885782951599 0
vn -0.258807730974495 -0.96592885782951599 0
vn -0.258807730974495 -0.96592885782951599 0
vn -0.258807730974495 -0.96592885782951599 0
vn -0.42260624177635336 -0.90631339194103622 0
vn -0.42260624177635336 -0.90631339194103622 0
vn -0.42260624177635336 -0.90631339194103622 0
vn -0.42260624177635336 -0.90631339194103622 0
vn -0.42260624177635336 -0.90631339194103622 0
vn -0.42260624177635336 -0.90631339194103622 0
vn -0.57361668670423349 -0.8191238592145007 0
vn -0.57361668670423349 -0.8191238592145007 0
vn -0.57361668670423349 -0.8191238592145007 0
vn -0.57361668670423349 -0.8191238592145007 0
vn -0.57361668670423349 -0.8191238592145007 0
vn -0.57361668670423349 -0.8191238592145007 0
vn -0.57350260699289302 -0.81920373520410372 0
vn -0.57350260699289302 -0.81920373520410372 0
vn -0.57350260699289302 -0.81920373520410372 0
vn -0.57350260699289302 -0.81920373520410372 0
vn -0.57350260699289302 -0.81920373520410372 0
vn -0.57350260699289302 -0.81920373520410372 0
vn -0.70710678118654757 -0.70710678118654757 0
vn -0.70710678118654757 -0.70710678118654757 0
vn -0.70710678118654757 -0.70710678118654757 0
vn -0.70710678118654757 -0.70710678118654757 0
vn -0.70710678118654757 -0.70710678118654757 0
vn -0.70710678118654757 -0.70710678118654757 0
vn -0.70710678118654757 -0.70710678118654757 0
vn -0.70710678118654757 -0.70710678118654757 0
vn -0.70710678118654757 -0.70710678118654757 0
vn -0.70710678118654757 -0.70710678118654757 0
vn -0.70710678118654757 -0.70710678118654757 0
vn -0.70710678118654757 -0.70710678118654757 0
vn -0.8191238592145007 -0.57361668670423349 0
vn -0.8191238592145007 -0.57361668670423349 0
vn -0.8191238592145007 -0.57361668670423349 0
vn -0.81915674559068619 -0.5735697221378373 0
vn -0.81915674559068619 -0.5735697221378373 0
vn -0.81915674559068619 -0.5735697221378373 0
vn -0.90631339194103622 -0.42260624177635336 0
vn -0.90631339194103622 -0.42260624177635336 0
vn -0.90631339194103622 -0.42260624177635336 0
vn -0.90631339194103622 -0.42260624177635336 0
vn -0.90631339194103622 -0.42260624177635336 0
vn -0.90631339194103622 -0.42260624177635336 0
vn -0.96590385754116348 -0.25890101967180396 0
vn -0.96590385754116348 -0.25890101967180396 0
vn -0.96590385754116348 -0.25890101967180396 0
vn -0.96590385754116348 -0.25890101967180396 0
vn -0.96590385754116348 -0.25890101967180396 0
vn -0.96590385754116348 -0.25890101967180396 0
vn -0.99619957687588612 -0.087099960001744497 0
vn -0.99619957687588612 -0.087099960001744497 0
vn -0.99619957687588612 -0.087099960001744497 0
vn -0.99619957687588612 -0.087099960001744497 0
vn -0.99619957687588612 -0.087099960001744497 0
vn -0.99619957687588612 -0.087099960001744497 0
vn -0.99619957687588612 0.087099960001744497 0
vn -0.99619957687588612 0.087099960001744497 0
vn -0.99619957687588612 0.087099960001744497 0
vn -0.99619957687588612 0.087099960001744497 0
vn -0.99619957687588612 0.087099960001744497 0
vn -0.99619957687588612 0.087099960001744497 0
vn -0.96590385754116348 0.25890101967180396 0
vn -0.96590385754116348 0.25890101967180396 0
vn -0.96590385754116348 0.25890101967180396 0
vn -0.96590385754116348 0.25890101967180396 0
vn -0.96590385754116348 0.25890101967180396 0
vn -0.96590385754116348 0.25890101967180396 0
vn -0.90631339194103622 0.42260624177635336 0
vn -0.90631339194103622 0.42260624177635336 0
vn -0.90631339194103622 0.42260624177635336 0
vn -0.90631339194103622 0.42260624177635336 0
vn -0.90631339194103622 0.42260624177635336 0
vn -0.90631339194103622 0.42260624177635336 0
vn -0.81915674559068619 0.5735697221378373 0
vn -0.81915674559068619 0.5735697221378373 0
vn -0.81915674559068619 0.5735697221378373 0
vn -0.8191238592145007 0.57361668670423349 0
vn -0.8191238592145007 0.57361668670423349 0
vn -0.8191238592145007 0.57361668670423349 0
vn -0.70710678118654757 0.70710678118654757 0
vn -0.70710678118654757 0.70710678118654757 0
vn -0.70710678118654757 0.70710678118654757 0
vn -0.70710678118654757 0.70710678118654757 0
vn -0.70710678118654757 0.70710678118654757 0
vn -0.70710678118654757 0.70710678118654757 0
vn -0.70710678118654757 0.70710678118654757 0
vn -0.70710678118654757 0.70710678118654757 0
vn -0.70710678118654757 0.70710678118654757 0
vn -0.70710678118654757 0.70710678118654757 0
vn -0.70710678118654757 0.70710678118654757 0
vn -0.70710678118654757 0.70710678118654757 0
vn -0.57350260699289302 0.81920373520410372 0
vn -0.57350260699289302 0.81920373520410372 0
vn -0.57350260699289302 0.81920373520410372 0
vn -0.57361668670423349 0.8191238592145007 0
vn -0.57361668670423349 0.8191238592145007 0
vn -0.57361668670423349 0.8191238592145007 0
vn -0.57361668670423349 0.8191238592145007 0
vn -0.57361668670423349 0.8191238592145007 0
vn -0.57361668670423349 0.8191238592145007 0
vn -0.57361668670423349 0.8191238592145007 0
vn -0.57361668670423349 0.8191238592145007 0
vn -0.57361668670423349 0.8191238592145007 0
vn -0.42260624177635336 0.90631339194103622 0
vn -0.42260624177635336 0.90631339194103622 0
vn -0.42260624177635336 0.90631339194103622 0
vn -0.42260624177635336 0.90631339194103622 0
vn -0.42260624177635336 0.90631339194103622 0
vn -0.42260624177635336 0.90631339194103622 0
vn -0.258807730974495 0.96592885782951599 0
vn -0.258807730974495 0.96592885782951599 0
vn -0.258807730974495 0.96592885782951599 0
vn -0.258807730974495 0.96592885782951599 0
vn -0.258807730974495 0.96592885782951599 0
vn -0.258807730974495 0.96592885782951599 0
vn -0.087199201699612247 0.99619089497091384 0
vn -0.087199201699612247 0.99619089497091384 0
vn -0.087199201699612247 0.99619089497091384 0
vn -0.087199201699612247 0.99619089497091384 0
vn -0.087199201699612247 0.99619089497091384 0
vn -0.087199201699612247 0.99619089497091384 0
vn 0.087199201699612247 0.99619089497091384 0
vn 0.087199201699612247 0.99619089497091384 0
vn 0.087199201699612247 0.99619089497091384 0
vn 0.087199201699612247 0.99619089497091384 0
vn 0.087199201699612247 0.99619089497091384 0
vn 0.087199201699612247 0.99619089497091384 0
vn 0.258807730974495 0.96592885782951599 0
vn 0.258807730974495 0.96592885782951599 0
vn 0.258807730974495 0.96592885782951599 0
vn 0.258807730974495 0.96592885782951599 0
vn 0.258807730974495 0.96592885782951599 0
vn 0.258807730974495 0.96592885782951599 0
vn 0.42260624177635336 0.90631339194103622 0
vn 0.42260624177635336 0.90631339194103622 0
vn 0.42260624177635336 0.90631339194103622 0
vn 0.42260624177635336 0.90631339194103622 0
vn 0.42260624177635336 0.90631339194103622 0
vn 0.42260624177635336 0.90631339194103622 0
vn 0.5735697221378373 0.81915674559068619 0
vn 0.5735697221378373 0.81915674559068619 0
vn 0.5735697221378373 0.81915674559068619 0
vn 0.57361668670423349 0.8191238592145007 0
vn 0.57361668670423349 0.8191238592145007 0
vn 0.57361668670423349 0.8191238592145007 0
vn 0.57361668670423349 0.8191238592145007 0
vn 0.57361668670423349 0.8191238592145007 0
vn 0.57361668670423349 0.8191238592145007 0
vn 0.57350260699289302 0.81920373520410372 0
vn 0.57350260699289302 0.81920373520410372 0
vn 0.57350260699289302 0.81920373520410372 0
vn 0.70710678118654757 0.70710678118654757 0
vn 0.70710678118654757 0.70710678118654757 0
vn 0.70710678118654757 0.70710678118654757 0
vn 0.70710678118654757 0.70710678118654757 0
vn 0.70710678118654757 0.70710678118654757 0
vn 0.70710678118654757 0.70710678118654757 0
vn 0.70710678118654757 0.70710678118654757 0
vn 0.70710678118654757 0.70710678118654757 0
vn 0.70710678118654757 0.70710678118654757 0
vn 0.70710678118654757 0.70710678118654757 0
vn 0.70710678118654757 0.70710678118654757 0
vn 0.70710678118654757 0.70710678118654757 0
vn 0.8191238592145007 0.57361668670423349 0
vn 0.8191238592145007 0.57361668670423349 0
vn 0.8191238592145007 0.57361668670423349 0
vn 0.81915674559068619 0.5735697221378373 0
vn 0.81915674559068619 0.5735697221378373 0
vn 0.81915674559068619 0.5735697221378373 0
vn 0.90631339194103622 0.42260624177635336 0
vn 0.90631339194103622 0.42260624177635336 0
vn 0.90631339194103622 0.42260624177635336 0
vn 0.90631339194103622 0.42260624177635336 0
vn 0.90631339194103622 0.42260624177635336 0
vn 0.90631339194103622 0.42260624177635336 0
vn 0.96592885782951599 0.258807730974495 0
vn 0.96592885782951599 0.258807730974495 0
vn 0.96592885782951599 0.258807730974495 0
vn 0.96592885782951599 0.258807730974495 0
vn 0.96592885782951599 0.258807730974495 0
vn 0.96592885782951599 0.258807730974495 0
vn 0.99619089497091384 0.087199201699612247 0
vn 0.99619089497091384 0.087199201699612247 0
vn 0.99619089497091384 0.087199201699612247 0
vn 0.99619089497091384 0.087199201699612247 0
vn 0.99619089497091384 0.087199201699612247 0
vn 0.99619089497091384 0.087199201699612247 0
vn 0.99619089497091384 -0.087199201699612247 0
vn 0.99619089497091384 -0.087199201699612247 0
vn 0.99619089497091384 -0.087199201699612247 0
vn 0.99619089497091384 -0.087199201699612247 0
vn 0.99619089497091384 -0.087199201699612247 0
vn 0.99619089497091384 -0.087199201699612247 0
vn 0.96592885782951599 -0.258807730974495 0
vn 0.96592885782951599 -0.258807730974495 0
vn 0.96592885782951599 -0.258807730974495 0
vn 0.96592885782951599 -0.258807730974495 0
vn 0.96592885782951599 -0.258807730974495 0
vn 0.96592885782951599 -0.258807730974495 0
vn 0.90631339194103622 -0.42260624177635336 0
vn 0.90631339194103622 -0.42260624177635336 0
vn 0.90631339194103622 -0.42260624177635336 0
vn 0.90631339194103622 -0.42260624177635336 0
vn 0.90631339194103622 -0.42260624177635336 0
vn 0.90631339194103622 -0.42260624177635336 0
vn 0.81915674559068619 -0.5735697221378373 0
vn 0.81915674559068619 -0.5735697221378373 0
vn 0.81915674559068619 -0.5735697221378373 0
vn 0.8191238592145007 -0.57361668670423349 0
vn 0.8191238592145007 -0.57361668670423349 0
vn 0.8191238592145007 -0.57361668670423349 0
vn 0.70710678118654757 -0.70710678118654757 0
vn 0.70710678118654757 -0.70710678118654757 0
vn 0.70710678118654757 -0.70710678118654757 0
vn 0.70710678118654757 -0.70710678118654757 0
vn 0.70710678118654757 -0.70710678118654757 0
vn 0.70710678118654757 -0.70710678118654757 0
vn 0.70710678118654757 -0.70710678118654757 0
vn 0.70710678118654757 -0.70710678118654757 0
vn 0.70710678118654757 -0.70710678118654757 0
vn 0.70710678118654757 -0.70710678118654757 0
vn 0.70710678118654757 -0.70710678118654757 0
vn 0.70710678118654757 -0.70710678118654757 0
vn 0.57350260699289302 -0.81920373520410372 0
vn 0.57350260699289302 -0.81920373520410372 0
vn 0.57350260699289302 -0.81920373520410372 0
vn 0.57350260699289302 -0.81920373520410372 0
vn 0.57350260699289302 -0.81920373520410372 0
vn 0.57350260699289302 -0.81920373520410372 0
vn 0.57361668670423349 -0.8191238592145007 0
vn 0.57361668670423349 -0.8191238592145007 0
vn 0.57361668670423349 -0.8191238592145007 0
vn 0.57361668670423349 -0.8191238592145007 0
vn 0.57361668670423349 -0.8191238592145007 0
vn 0.57361668670423349 -0.8191238592145007 0
vn 0.42260624177635336 -0.90631339194103622 0
vn 0.42260624177635336 -0.90631339194103622 0
vn 0.42260624177635336 -0.90631339194103622 0
vn 0.42260624177635336 -0.90631339194103622 0
vn 0.42260624177635336 -0.90631339194103622 0
vn 0.42260624177635336 -0.90631339194103622 0
vn 0.258807730974495 -0.96592885782951599 0
vn 0.258807730974495 -0.96592885782951599 0
vn 0.258807730974495 -0.96592885782951599 0
vn 0.258807730974495 -0.96592885782951599 0
vn 0.258807730974495 -0.96592885782951599 0
vn 0.258807730974495 -0.96592885782951599 0
vn 0.087199201699612247 -0.99619089497091384 0
vn 0.087199201699612247 -0.99619089497091384 0
vn 0.087199201699612247 -0.99619089497091384 0
vn 0.087199201699612247 -0.99619089497091384 0
vn 0.087199201699612247 -0.99619089497091384 0
vn 0.087199201699612247 -0.99619089497091384 0
vn -0.99999838000399222 0.0017999970530873266 0
vn -0.99999838000399222 0.0017999970530873266 0
vn -0.99999838000399222 0.0017999970530873266 0
vn -0.99999838000399222 0.0017999970530873266 0
vn -0.99999838000399222 0.0017999970530873266 0
vn -0.99999838000399222 0.0017999970530873266 0
vn -0.0017999970530873266 -0.99999838000399222 0
vn -0.0017999970530873266 -0.99999838000399222 0
vn -0.0017999970530873266 -0.99999838000399222 0
vn -0.0017999970530873266 -0.99999838000399222 0
vn -0.0017999970530873266 -0.99999838000399222 0
vn -0.0017999970530873266 -0.99999838000399222 0
vn -0.0017999970530873266 -0.99999838000399222 0
vn -0.0017999970530873266 -0.99999838000399222 0
vn -0.0017999970530873266 -0.99999838000399222 0
vn -0.0017999970530873266 -0.99999838000399222 0
vn -0.0017999970530873266 -0.99999838000399222 0
vn -0.0017999970530873266 -0.99999838000399222 0
vn -0.0017999970530873266 -0.99999838000399222 0
vn -0.0017999970530873266 -0.99999838000399222 0
vn -0.0017999970530873266 -0.99999838000399222 0
vn -0.0017999970530873266 -0.99999838000399222 0
vn -0.0017999970530873266 -0.99999838000399222 0
vn -0.0017999970530873266 -0.99999838000399222 0
vn -0.0017999970530873266 -0.99999838000399222 0
vn -0.0017999970530873266 -0.99999838000399222 0
vn -0.0017999970530873266 -0.99999838000399222 0
vn 0.99999838000399222 -0.0017999970530873266 0
vn 0.99999838000399222 -0.0017999970530873266 0
vn 0.99999838000399222 -0.0017999970530873266 0
vn 0.99999838000399222 -0.0017999970530873266 0
vn 0.99999838000399222 -0.0017999970530873266 0
vn 0.99999838000399222 -0.0017999970530873266 0
vn 0.0017999970530873266 0.99999838000399222 0
vn 0.0017999970530873266 0.99999838000399222 0
vn 0.0017999970530873266 0.99999838000399222 0
vn 0.0017999970530873266 0.99999838000399222 0
vn 0.0017999970530873266 0.99999838000399222 0
vn 0.0017999970530873266 0.99999838000399222 0
vn 0.0017999970530873266 0.99999838000399222 0
vn 0.0017999970530873266 0.99999838000399222 0
vn 0.0017999970530873266 0.99999838000399222 0
vn 0.0017999970530873266 0.99999838000399222 0
vn 0.0017999970530873266 0.99999838000399222 0
vn 0.0017999970530873266 0.99999838000399222 0
vn 0.0017999970530873266 0.99999838000399222 0
vn 0.0017999970530873266 0.99999838000399222 0
vn 0.0017999970530873266 0.99999838000399222 0
vn 0.0017999970530873266 0.99999838000399222 0
vn 0.0017999970530873266 0.99999838000399222 0
vn 0.0017999970530873266 0.99999838000399222 0
vn 0.0016999975660432331 0.99999855500309376 0
vn 0.0016999975660432331 0.99999855500309376 0
vn 0.0016999975660432331 0.99999855500309376 0
vn -0.087199201699612247 -0.99619089497091384 0
vn -0.087199201699612247 -0.99619089497091384 0
vn -0.087199201699612247 -0.99619089497091384 0
vn -0.087099960001744497 -0.99619957687588612 0
vn -0.087099960001744497 -0.99619957687588612 0
vn -0.087099960001744497 -0.99619957687588612 0
vn -0.25890101967180396 -0.96590385754116348 0
vn -0.25890101967180396 -0.96590385754116348 0
vn -0.25890101967180396 -0.96590385754116348 0
vn -0.25890101967180396 -0.96590385754116348 0
vn -0.25890101967180396 -0.96590385754116348 0
vn -0.25890101967180396 -0.96590385754116348 0
vn -0.42252410581080924 -0.90635168671370392 0
vn -0.42252410581080924 -0.90635168671370392 0
vn -0.42252410581080924 -0.90635168671370392 0
vn -0.42252410581080924 -0.90635168671370392 0
vn -0.42252410581080924 -0.90635168671370392 0
vn -0.42252410581080924 -0.90635168671370392 0
vn -0.57361668670423349 -0.8191238592145007 0
vn -0.57361668670423349 -0.8191238592145007 0
vn -0.57361668670423349 -0.8191238592145007 0
vn -0.5735697221378373 -0.81915674559068619 0
vn -0.5735697221378373 -0.81915674559068619 0
vn -0.5735697221378373 -0.81915674559068619 0
vn -0.70710678118654757 -0.70710678118654757 0
vn -0.70710678118654757 -0.70710678118654757 0
vn -0.70710678118654757 -0.70710678118654757 0
vn -0.70710678118654757 -0.70710678118654757 0
vn -0.70710678118654757 -0.70710678118654757 0
vn -0.70710678118654757 -0.70710678118654757 0
vn -0.8191238592145007 -0.57361668670423349 0
vn -0.8191238592145007 -0.57361668670423349 0
vn -0.8191238592145007 -0.57361668670423349 0
vn -0.8191238592145007 -0.57361668670423349 0
vn -0.8191238592145007 -0.57361668670423349 0
vn -0.8191238592145007 -0.57361668670423349 0
vn -0.90635168671370392 -0.42252410581080924 0
vn -0.90635168671370392 -0.42252410581080924 0
vn -0.90635168671370392 -0.42252410581080924 0
vn -0.90635168671370392 -0.42252410581080924 0
vn -0.90635168671370392 -0.42252410581080924 0
vn -0.90635168671370392 -0.42252410581080924 0
vn -0.96592885782951599 -0.258807730974495 0
vn -0.96592885782951599 -0.258807730974495 0
vn -0.96592885782951599 -0.258807730974495 0
vn -0.96592885782951599 -0.258807730974495 0
vn -0.96592885782951599 -0.258807730974495 0
vn -0.96592885782951599 -0.258807730974495 0
vn -0.99619957687588612 -0.087099960001744497 0
vn -0.99619957687588612 -0.087099960001744497 0
vn -0.99619957687588612 -0.087099960001744497 0
vn -0.99619957687588612 -0.087099960001744497 0
vn -0.99619957687588612 -0.087099960001744497 0
vn -0.99619957687588612 -0.087099960001744497 0
vn -0.99619957687588612 0.087099960001744497 0
vn -0.99619957687588612 0.087099960001744497 0
vn -0.99619957687588612 0.087099960001744497 0
vn -0.99619957687588612 0.087099960001744497 0
vn -0.99619957687588612 0.087099960001744497 0
vn -0.99619957687588612 0.087099960001744497 0
vn -0.96592885782951599 0.258807730974495 0
vn -0.96592885782951599 0.258807730974495 0
vn -0.96592885782951599 0.258807730974495 0
vn -0.96592885782951599 0.258807730974495 0
vn -0.96592885782951599 0.258807730974495 0
vn -0.96592885782951599 0.258807730974495 0
vn -0.90635168671370392 0.42252410581080924 0
vn -0.90635168671370392 0.42252410581080924 0
vn -0.90635168671370392 0.42252410581080924 0
vn -0.90635168671370392 0.42252410581080924 0
vn -0.90635168671370392 0.42252410581080924 0
vn -0.90635168671370392 0.42252410581080924 0
vn -0.8191238592145007 0.57361668670423349 0
vn -0.8191238592145007 0.57361668670423349 0
vn -0.8191238592145007 0.57361668670423349 0
vn -0.8191238592145007 0.57361668670423349 0
vn -0.8191238592145007 0.57361668670423349 0
vn -0.8191238592145007 0.57361668670423349 0
vn -0.70710678118654757 0.70710678118654757 0
vn -0.70710678118654757 0.70710678118654757 0
vn -0.70710678118654757 0.70710678118654757 0
vn -0.70710678118654757 0.70710678118654757 0
vn -0.70710678118654757 0.70710678118654757 0
vn -0.70710678118654757 0.70710678118654757 0
vn -0.5735697221378373 0.81915674559068619 0
vn -0.5735697221378373 0.81915674559068619 0
vn -0.5735697221378373 0.81915674559068619 0
vn -0.57361668670423349 0.8191238592145007 0
vn -0.57361668670423349 0.8191238592145007 0
vn -0.57361668670423349 0.8191238592145007 0
vn -0.42252410581080924 0.90635168671370392 0
vn -0.42252410581080924 0.90635168671370392 0
vn -0.42252410581080924 0.90635168671370392 0
vn -0.42260624177635336 0.90631339194103622 0
vn -0.42260624177635336 0.90631339194103622 0
vn -0.42260624177635336 0.90631339194103622 0
vn -0.25890101967180396 0.96590385754116348 0
vn -0.25890101967180396 0.96590385754116348 0
vn -0.25890101967180396 0.96590385754116348 0
vn -0.258807730974495 0.96592885782951599 0
vn -0.258807730974495 0.96592885782951599 0
vn -0.258807730974495 0.96592885782951599 0
vn -0.087199201699612247 0.99619089497091384 0
vn -0.087199201699612247 0.99619089497091384 0
vn -0.087199201699612247 0.99619089497091384 0
vn -0.087099960001744497 0.99619957687588612 0
vn -0.087099960001744497 0.99619957687588612 0
vn -0.087099960001744497 0.99619957687588612 0
vn 0.087099960001744497 0.99619957687588612 0
vn 0.087099960001744497 0.99619957687588612 0
vn 0.087099960001744497 0.99619957687588612 0
vn 0.087199201699612247 0.99619089497091384 0
vn 0.087199201699612247 0.99619089497091384 0
vn 0.087199201699612247 0.99619089497091384 0
vn 0.258807730974495 0.96592885782951599 0
vn 0.258807730974495 0.96592885782951599 0
vn 0.258807730974495 0.96592885782951599 0
vn 0.25890101967180396 0.96590385754116348 0
vn 0.25890101967180396 0.96590385754116348 0
vn 0.25890101967180396 0.96590385754116348 0
vn 0.42260624177635336 0.90631339194103622 0
vn 0.42260624177635336 0.90631339194103622 0
vn 0.42260624177635336 0.90631339194103622 0
vn 0.42252410581080924 0.90635168671370392 0
vn 0.42252410581080924 0.90635168671370392 0
vn 0.42252410581080924 0.90635168671370392 0
vn 0.57361668670423349 0.8191238592145007 0
vn 0.57361668670423349 0.8191238592145007 0
vn 0.57361668670423349 0.8191238592145007 0
vn 0.57350260699289302 0.81920373520410372 0
vn 0.57350260699289302 0.81920373520410372 0
vn 0.57350260699289302 0.81920373520410372 0
vn 0.70710678118654757 0.70710678118654757 0
vn 0.70710678118654757 0.70710678118654757 0
vn 0.70710678118654757 0.70710678118654757 0
vn 0.70710678118654757 0.70710678118654757 0
vn 0.70710678118654757 0.70710678118654757 0
vn 0.70710678118654757 0.70710678118654757 0
vn 0.8191238592145007 0.57361668670423349 0
vn 0.8191238592145007 0.57361668670423349 0
vn 0.8191238592145007 0.57361668670423349 0
vn 0.8191238592145007 0.57361668670423349 0
vn 0.8191238592145007 0.57361668670423349 0
vn 0.8191238592145007 0.57361668670423349 0
vn 0.90635168671370392 0.42252410581080924 0
vn 0.90635168671370392 0.42252410581080924 0
vn 0.90635168671370392 0.42252410581080924 0
vn 0.90635168671370392 0.42252410581080924 0
vn 0.90635168671370392 0.42252410581080924 0
vn 0.90635168671370392 0.42252410581080924 0
vn 0.96590385754116348 0.25890101967180396 0
vn 0.96590385754116348 0.25890101967180396 0
vn 0.96590385754116348 0.25890101967180396 0
vn 0.96590385754116348 0.25890101967180396 0
vn 0.96590385754116348 0.25890101967180396 0
vn 0.96590385754116348 0.25890101967180396 0
vn 0.99619957687588612 0.087099960001744497 0
vn 0.99619957687588612 0.087099960001744497 0
vn 0.99619957687588612 0.087099960001744497 0
vn 0.99619957687588612 0.087099960001744497 0
vn 0.99619957687588612 0.087099960001744497 0
vn 0.99619957687588612 0.087099960001744497 0
vn 0.99619957687588612 -0.087099960001744497 0
vn 0.99619957687588612 -0.087099960001744497 0
vn 0.99619957687588612 -0.087099960001744497 0
vn 0.99619957687588612 -0.087099960001744497 0
vn 0.99619957687588612 -0.087099960001744497 0
vn 0.99619957687588612 -0.087099960001744497 0
vn 0.96590385754116348 -0.25890101967180396 0
vn 0.96590385754116348 -0.25890101967180396 0
vn 0.96590385754116348 -0.25890101967180396 0
vn 0.96590385754116348 -0.25890101967180396 0
vn 0.96590385754116348 -0.25890101967180396 0
vn 0.96590385754116348 -0.25890101967180396 0
vn 0.90635168671370392 -0.42252410581080924 0
vn 0.90635168671370392 -0.42252410581080924 0
vn 0.90635168671370392 -0.42252410581080924 0
vn 0.90635168671370392 -0.42252410581080924 0
vn 0.90635168671370392 -0.42252410581080924 0
vn 0.90635168671370392 -0.42252410581080924 0
vn 0.8191238592145007 -0.57361668670423349 0
vn 0.8191238592145007 -0.57361668670423349 0
vn 0.8191238592145007 -0.57361668670423349 0
vn 0.81920373520410372 -0.57350260699289302 0
vn 0.81920373520410372 -0.57350260699289302 0
vn 0.81920373520410372 -0.57350260699289302 0
vn 0.70710678118654757 -0.70710678118654757 0
vn 0.70710678118654757 -0.70710678118654757 0
vn 0.70710678118654757 -0.70710678118654757 0
vn 0.70710678118654757 -0.70710678118654757 0
vn 0.70710678118654757 -0.70710678118654757 0
vn 0.70710678118654757 -0.70710678118654757 0
vn 0.57350260699289302 -0.81920373520410372 0
vn 0.57350260699289302 -0.81920373520410372 0
vn 0.57350260699289302 -0.81920373520410372 0
vn 0.57361668670423349 -0.8191238592145007 0
vn 0.57361668670423349 -0.8191238592145007 0
vn 0.57361668670423349 -0.8191238592145007 0
vn 0.42252410581080924 -0.90635168671370392 0
vn 0.42252410581080924 -0.90635168671370392 0
vn 0.42252410581080924 -0.90635168671370392 0
vn 0.42252410581080924 -0.90635168671370392 0
vn 0.42252410581080924 -0.90635168671370392 0
vn 0.42252410581080924 -0.90635168671370392 0
vn 0.25890101967180396 -0.96590385754116348 0
vn 0.25890101967180396 -0.96590385754116348 0
vn 0.25890101967180396 -0.96590385754116348 0
vn 0.25890101967180396 -0.96590385754116348 0
vn 0.25890101967180396 -0.96590385754116348 0
vn 0.25890101967180396 -0.96590385754116348 0
vn 0.087099960001744497 -0.99619957687588612 0
vn 0.087099960001744497 -0.99619957687588612 0
vn 0.087099960001744497 -0.99619957687588612 0
vn 0.087199201699612247 -0.99619089497091384 0
vn 0.087199201699612247 -0.99619089497091384 0
vn 0.087199201699612247 -0.99619089497091384 0
vn -0.99999455504453072 0.0032999820137656552 0
vn -0.99999455504453072 0.0032999820137656552 0
vn -0.99999455504453072 0.0032999820137656552 0
vn -0.99999455504453072 0.0032999820137656552 0
vn -0.99999455504453072 0.0032999820137656552 0
vn -0.99999455504453072 0.0032999820137656552 0
vn -0.99999455504453072 0.0032999820137656552 0
vn -0.99999455504453072 0.0032999820137656552 0
vn -0.99999455504453072 0.0032999820137656552 0
vn -0.99999455504453072 0.0032999820137656552 0
vn -0.99999455504453072 0.0032999820137656552 0
vn -0.99999455504453072 0.0032999820137656552 0
vn -0.99999422004995886 0.0033999803932456122 0
vn -0.99999422004995886 0.0033999803932456122 0
vn -0.99999422004995886 0.0033999803932456122 0
vn -0.99999422004995886 0.0033999803932456122 0
vn -0.99999422004995886 0.0033999803932456122 0
vn -0.99999422004995886 0.0033999803932456122 0
vn -0.99999455504453072 0.0032999820137656552 0
vn -0.99999455504453072 0.0032999820137656552 0
vn -0.99999455504453072 0.0032999820137656552 0
vn -0.99999455504453072 0.0032999820137656552 0
vn -0.99999455504453072 0.0032999820137656552 0
vn -0.99999455504453072 0.0032999820137656552 0
vn -0.0033999803932456122 -0.99999422004995886 0
vn -0.0033999803932456122 -0.99999422004995886 0
vn -0.0033999803932456122 -0.99999422004995886 0
vn -0.0032999820137656552 -0.99999455504453072 0
vn -0.0032999820137656552 -0.99999455504453072 0
vn -0.0032999820137656552 -0.99999455504453072 0
vn -0.0033999803932456122 -0.99999422004995886 0
vn -0.0033999803932456122 -0.99999422004995886 0
vn -0.0033999803932456122 -0.99999422004995886 0
vn -0.0033999803932456122 -0.99999422004995886 0
vn -0.0033999803932456122 -0.99999422004995886 0
vn -0.0033999803932456122 -0.99999422004995886 0
vn -0.0033999803932456122 -0.99999422004995886 0
vn -0.0033999803932456122 -0.99999422004995886 0
vn -0.0033999803932456122 -0.99999422004995886 0
vn -0.0033999803932456122 -0.99999422004995886 0
vn -0.0033999803932456122 -0.99999422004995886 0
vn -0.0033999803932456122 -0.99999422004995886 0
vn 0.99999422004995886 -0.0033999803932456122 0
vn 0.99999422004995886 -0.0033999803932456122 0
vn 0.99999422004995886 -0.0033999803932456122 0
vn 0.99999422004995886 -0.0033999803932456122 0
vn 0.99999422004995886 -0.0033999803932456122 0
vn 0.99999422004995886 -0.0033999803932456122 0
vn 0.99999422004995886 -0.0033999803932456122 0
vn 0.99999422004995886 -0.0033999803932456122 0
vn 0.99999422004995886 -0.0033999803932456122 0
vn 0.99999422004995886 -0.0033999803932456122 0
vn 0.99999422004995886 -0.0033999803932456122 0
vn 0.99999422004995886 -0.0033999803932456122 0
vn 0.99999455504453072 -0.0032999820137656552 0
vn 0.99999455504453072 -0.0032999820137656552 0
vn 0.99999455504453072 -0.0032999820137656552 0
vn 0.99999455504453072 -0.0032999820137656552 0
vn 0.99999455504453072 -0.0032999820137656552 0
vn 0.99999455504453072 -0.0032999820137656552 0
vn 0.99999422004995886 -0.0033999803932456122 0
vn 0.99999422004995886 -0.0033999803932456122 0
vn 0.99999422004995886 -0.0033999803932456122 0
vn 0.99999422004995886 -0.0033999803932456122 0
vn 0.99999422004995886 -0.0033999803932456122 0
vn 0.99999422004995886 -0.0033999803932456122 0
vn 0.0033999803932456122 0.99999422004995886 0
vn 0.0033999803932456122 0.99999422004995886 0
vn 0.0033999803932456122 0.99999422004995886 0
vn 0.0032999820137656552 0.99999455504453072 0
vn 0.0032999820137656552 0.99999455504453072 0
vn 0.0032999820137656552 0.99999455504453072 0
vn 0.0033999803932456122 0.99999422004995886 0
vn 0.0033999803932456122 0.99999422004995886 0
vn 0.0033999803932456122 0.99999422004995886 0
vn 0.0033999803932456122 0.99999422004995886 0
vn 0.0033999803932456122 0.99999422004995886 0
vn 0.0033999803932456122 0.99999422004995886 0
vn 0.0033999803932456122 0.99999422004995886 0
vn 0.0033999803932456122 0.99999422004995886 0
vn 0.0033999803932456122 0.99999422004995886 0
vn 0.0033999803932456122 0.99999422004995886 0
vn 0.0033999803932456122 0.99999422004995886 0
vn 0.0033999803932456122 0.99999422004995886 0
vn -0.087099960001744497 -0.99619957687588612 0
vn -0.087099960001744497 -0.99619957687588612 0
vn -0.087099960001744497 -0.99619957687588612 0
vn -0.087199201699612247 -0.99619089497091384 0
vn -0.087199201699612247 -0.99619089497091384 0
vn -0.087199201699612247 -0.99619089497091384 0
vn -0.258807730974495 -0.96592885782951599 0
vn -0.258807730974495 -0.96592885782951599 0
vn -0.258807730974495 -0.96592885782951599 0
vn -0.258807730974495 -0.96592885782951599 0
vn -0.258807730974495 -0.96592885782951599 0
vn -0.258807730974495 -0.96592885782951599 0
vn -0.42252410581080924 -0.90635168671370392 0
vn -0.42252410581080924 -0.90635168671370392 0
vn -0.42252410581080924 -0.90635168671370392 0
vn -0.42260624177635336 -0.90631339194103622 0
vn -0.42260624177635336 -0.90631339194103622 0
vn -0.42260624177635336 -0.90631339194103622 0
vn -0.57368379040557804 -0.81907686368611887 0
vn -0.57368379040557804 -0.81907686368611887 0
vn -0.57368379040557804 -0.81907686368611887 0
vn -0.57361668670423349 -0.8191238592145007 0
vn -0.57361668670423349 -0.8191238592145007 0
vn -0.57361668670423349 -0.8191238592145007 0
vn -0.70705677417667934 -0.70715678466014031 0
vn -0.70705677417667934 -0.70715678466014031 0
vn -0.70705677417667934 -0.70715678466014031 0
vn -0.70710678118654757 -0.70710678118654757 0
vn -0.70710678118654757 -0.70710678118654757 0
vn -0.70710678118654757 -0.70710678118654757 0
vn -0.81915674559068619 -0.5735697221378373 0
vn -0.81915674559068619 -0.5735697221378373 0
vn -0.81915674559068619 -0.5735697221378373 0
vn -0.81915674559068619 -0.5735697221378373 0
vn -0.81915674559068619 -0.5735697221378373 0
vn -0.81915674559068619 -0.5735697221378373 0
vn -0.90631339194103622 -0.42260624177635336 0
vn -0.90631339194103622 -0.42260624177635336 0
vn -0.90631339194103622 -0.42260624177635336 0
vn -0.90631339194103622 -0.42260624177635336 0
vn -0.90631339194103622 -0.42260624177635336 0
vn -0.90631339194103622 -0.42260624177635336 0
vn -0.96592885782951599 -0.258807730974495 0
vn -0.96592885782951599 -0.258807730974495 0
vn -0.96592885782951599 -0.258807730974495 0
vn -0.96592885782951599 -0.258807730974495 0
vn -0.96592885782951599 -0.258807730974495 0
vn -0.96592885782951599 -0.258807730974495 0
vn -0.99619089497091384 -0.087199201699612247 0
vn -0.99619089497091384 -0.087199201699612247 0
vn -0.99619089497091384 -0.087199201699612247 0
vn -0.99619089497091384 -0.087199201699612247 0
vn -0.99619089497091384 -0.087199201699612247 0
vn -0.99619089497091384 -0.087199201699612247 0
vn -0.99619089497091384 0.087199201699612247 0
vn -0.99619089497091384 0.087199201699612247 0
vn -0.99619089497091384 0.087199201699612247 0
vn -0.99619089497091384 0.087199201699612247 0
vn -0.99619089497091384 0.087199201699612247 0
vn -0.99619089497091384 0.087199201699612247 0
vn -0.96592885782951599 0.258807730974495 0
vn -0.96592885782951599 0.258807730974495 0
vn -0.96592885782951599 0.258807730974495 0
vn -0.96592885782951599 0.258807730974495 0
vn -0.96592885782951599 0.258807730974495 0
vn -0.96592885782951599 0.258807730974495 0
vn -0.90631339194103622 0.42260624177635336 0
vn -0.90631339194103622 0.42260624177635336 0
vn -0.90631339194103622 0.42260624177635336 0
vn -0.90631339194103622 0.42260624177635336 0
vn -0.90631339194103622 0.42260624177635336 0
vn -0.90631339194103622 0.42260624177635336 0
vn -0.81920373520410372 0.57350260699289302 0
vn -0.81920373520410372 0.57350260699289302 0
vn -0.81920373520410372 0.57350260699289302 0
vn -0.8191238592145007 0.57361668670423349 0
vn -0.8191238592145007 0.57361668670423349 0
vn -0.8191238592145007 0.57361668670423349 0
vn -0.70710678118654757 0.70710678118654757 0
vn -0.70710678118654757 0.70710678118654757 0
vn -0.70710678118654757 0.70710678118654757 0
vn -0.70710678118654757 0.70710678118654757 0
vn -0.70710678118654757 0.70710678118654757 0
vn -0.70710678118654757 0.70710678118654757 0
vn -0.57350260699289302 0.81920373520410372 0
vn -0.57350260699289302 0.81920373520410372 0
vn -0.57350260699289302 0.81920373520410372 0
vn -0.57361668670423349 0.8191238592145007 0
vn -0.57361668670423349 0.8191238592145007 0
vn -0.57361668670423349 0.8191238592145007 0
vn -0.42260624177635336 0.90631339194103622 0
vn -0.42260624177635336 0.90631339194103622 0
vn -0.42260624177635336 0.90631339194103622 0
vn -0.42260624177635336 0.90631339194103622 0
vn -0.42260624177635336 0.90631339194103622 0
vn -0.42260624177635336 0.90631339194103622 0
vn -0.258807730974495 0.96592885782951599 0
vn -0.258807730974495 0.96592885782951599 0
vn -0.258807730974495 0.96592885782951599 0
vn -0.258807730974495 0.96592885782951599 0
vn -0.258807730974495 0.96592885782951599 0
vn -0.258807730974495 0.96592885782951599 0
vn -0.087199201699612247 0.99619089497091384 0
vn -0.087199201699612247 0.99619089497091384 0
vn -0.087199201699612247 0.99619089497091384 0
vn -0.087199201699612247 0.99619089497091384 0
vn -0.087199201699612247 0.99619089497091384 0
vn -0.087199201699612247 0.99619089497091384 0
vn 0.087199201699612247 0.99619089497091384 0
vn 0.087199201699612247 0.99619089497091384 0
vn 0.087199201699612247 0.99619089497091384 0
vn 0.087199201699612247 0.99619089497091384 0
vn 0.087199201699612247 0.99619089497091384 0
vn 0.087199201699612247 0.99619089497091384 0
vn 0.258807730974495 0.96592885782951599 0
vn 0.258807730974495 0.96592885782951599 0
vn 0.258807730974495 0.96592885782951599 0
vn 0.258807730974495 0.96592885782951599 0
vn 0.258807730974495 0.96592885782951599 0
vn 0.258807730974495 0.96592885782951599 0
vn 0.42260624177635336 0.90631339194103622 0
vn 0.42260624177635336 0.90631339194103622 0
vn 0.42260624177635336 0.90631339194103622 0
vn 0.42260624177635336 0.90631339194103622 0
vn 0.42260624177635336 0.90631339194103622 0
vn 0.42260624177635336 0.90631339194103622 0
vn 0.57361668670423349 0.8191238592145007 0
vn 0.57361668670423349 0.8191238592145007 0
vn 0.57361668670423349 0.8191238592145007 0
vn 0.57350260699289302 0.81920373520410372 0
vn 0.57350260699289302 0.81920373520410372 0
vn 0.57350260699289302 0.81920373520410372 0
vn 0.70710678118654757 0.70710678118654757 0
vn 0.70710678118654757 0.70710678118654757 0
vn 0.70710678118654757 0.70710678118654757 0
vn 0.70720676186615072 0.70700678636827363 0
vn 0.70720676186615072 0.70700678636827363 0
vn 0.70720676186615072 0.70700678636827363 0
vn 0.8191238592145007 0.57361668670423349 0
vn 0.8191238592145007 0.57361668670423349 0
vn 0.8191238592145007 0.57361668670423349 0
vn 0.81915674559068619 0.5735697221378373 0
vn 0.81915674559068619 0.5735697221378373 0
vn 0.81915674559068619 0.5735697221378373 0
vn 0.90631339194103622 0.42260624177635336 0
vn 0.90631339194103622 0.42260624177635336 0
vn 0.90631339194103622 0.42260624177635336 0
vn 0.90631339194103622 0.42260624177635336 0
vn 0.90631339194103622 0.42260624177635336 0
vn 0.90631339194103622 0.42260624177635336 0
vn 0.96592885782951599 0.258807730974495 0
vn 0.96592885782951599 0.258807730974495 0
vn 0.96592885782951599 0.258807730974495 0
vn 0.96592885782951599 0.258807730974495 0
vn 0.96592885782951599 0.258807730974495 0
vn 0.96592885782951599 0.258807730974495 0
vn 0.99619089497091384 0.087199201699612247 0
vn 0.99619089497091384 0.087199201699612247 0
vn 0.99619089497091384 0.087199201699612247 0
vn 0.99619089497091384 0.087199201699612247 0
vn 0.99619089497091384 0.087199201699612247 0
vn 0.99619089497091384 0.087199201699612247 0
vn 0.99619089497091384 -0.087199201699612247 0
vn 0.99619089497091384 -0.087199201699612247 0
vn 0.99619089497091384 -0.087199201699612247 0
vn 0.99619089497091384 -0.087199201699612247 0
vn 0.99619089497091384 -0.087199201699612247 0
vn 0.99619089497091384 -0.087199201699612247 0
vn 0.96592885782951599 -0.258807730974495 0
vn 0.96592885782951599 -0.258807730974495 0
vn 0.96592885782951599 -0.258807730974495 0
vn 0.96592885782951599 -0.258807730974495 0
vn 0.96592885782951599 -0.258807730974495 0
vn 0.96592885782951599 -0.258807730974495 0
vn 0.90631339194103622 -0.42260624177635336 0
vn 0.90631339194103622 -0.42260624177635336 0
vn 0.90631339194103622 -0.42260624177635336 0
vn 0.90631339194103622 -0.42260624177635336 0
vn 0.90631339194103622 -0.42260624177635336 0
vn 0.90631339194103622 -0.42260624177635336 0
vn 0.8191238592145007 -0.57361668670423349 0
vn 0.8191238592145007 -0.57361668670423349 0
vn 0.8191238592145007 -0.57361668670423349 0
vn 0.8191238592145007 -0.57361668670423349 0
vn 0.8191238592145007 -0.57361668670423349 0
vn 0.8191238592145007 -0.57361668670423349 0
vn 0.70710678118654757 -0.70710678118654757 0
vn 0.70710678118654757 -0.70710678118654757 0
vn 0.70710678118654757 -0.70710678118654757 0
vn 0.70710678118654757 -0.70710678118654757 0
vn 0.70710678118654757 -0.70710678118654757 0
vn 0.70710678118654757 -0.70710678118654757 0
vn 0.57361668670423349 -0.8191238592145007 0
vn 0.57361668670423349 -0.8191238592145007 0
vn 0.57361668670423349 -0.8191238592145007 0
vn 0.57368379040557804 -0.81907686368611887 0
vn 0.57368379040557804 -0.81907686368611887 0
vn 0.57368379040557804 -0.81907686368611887 0
vn 0.42260624177635336 -0.90631339194103622 0
vn 0.42260624177635336 -0.90631339194103622 0
vn 0.42260624177635336 -0.90631339194103622 0
vn 0.42252410581080924 -0.90635168671370392 0
vn 0.42252410581080924 -0.90635168671370392 0
vn 0.42252410581080924 -0.90635168671370392 0
vn 0.258807730974495 -0.96592885782951599 0
vn 0.258807730974495 -0.96592885782951599 0
vn 0.258807730974495 -0.96592885782951599 0
vn 0.258807730974495 -0.96592885782951599 0
vn 0.258807730974495 -0.96592885782951599 0
vn 0.258807730974495 -0.96592885782951599 0
vn 0.087199201699612247 -0.99619089497091384 0
vn 0.087199201699612247 -0.99619089497091384 0
vn 0.087199201699612247 -0.99619089497091384 0
vn 0.087099960001744497 -0.99619957687588612 0
vn 0.087099960001744497 -0.99619957687588612 0
vn 0.087099960001744497 -0.99619957687588612 0
vn -0.087199201699612247 -0.99619089497091384 0
vn -0.087199201699612247 -0.99619089497091384 0
vn -0.087199201699612247 -0.99619089497091384 0
vn -0.087199201699612247 -0.99619089497091384 0
vn -0.087199201699612247 -0.99619089497091384 0
vn -0.087199201699612247 -0.99619089497091384 0
vn -0.258807730974495 -0.96592885782951599 0
vn -0.258807730974495 -0.96592885782951599 0
vn -0.258807730974495 -0.96592885782951599 0
vn -0.258807730974495 -0.96592885782951599 0
vn -0.258807730974495 -0.96592885782951599 0
vn -0.258807730974495 -0.96592885782951599 0
vn -0.42260624177635336 -0.90631339194103622 0
vn -0.42260624177635336 -0.90631339194103622 0
vn -0.42260624177635336 -0.90631339194103622 0
vn -0.42260624177635336 -0.90631339194103622 0
vn -0.42260624177635336 -0.90631339194103622 0
vn -0.42260624177635336 -0.90631339194103622 0
vn -0.42289093567271863 -0.90618058714908067 0
vn -0.42289093567271863 -0.90618058714908067 0
vn -0.42289093567271863 -0.90618058714908067 0
vn -0.42289093567271863 -0.90618058714908067 0
vn -0.42289093567271863 -0.90618058714908067 0
vn -0.42289093567271863 -0.90618058714908067 0
vn -0.5735697221378373 -0.81915674559068619 0
vn -0.5735697221378373 -0.81915674559068619 0
vn -0.5735697221378373 -0.81915674559068619 0
vn -0.5735697221378373 -0.81915674559068619 0
vn -0.5735697221378373 -0.81915674559068619 0
vn -0.5735697221378373 -0.81915674559068619 0
vn -0.70710678118654757 -0.70710678118654757 0
vn -0.70710678118654757 -0.70710678118654757 0
vn -0.70710678118654757 -0.70710678118654757 0
vn -0.70710678118654757 -0.70710678118654757 0
vn -0.70710678118654757 -0.70710678118654757 0
vn -0.70710678118654757 -0.70710678118654757 0
vn -0.8191238592145007 -0.57361668670423349 0
vn -0.8191238592145007 -0.57361668670423349 0
vn -0.8191238592145007 -0.57361668670423349 0
vn -0.8191238592145007 -0.57361668670423349 0
vn -0.8191238592145007 -0.57361668670423349 0
vn -0.8191238592145007 -0.57361668670423349 0
vn -0.90631339194103622 -0.42260624177635336 0
vn -0.90631339194103622 -0.42260624177635336 0
vn -0.90631339194103622 -0.42260624177635336 0
vn -0.90631339194103622 -0.42260624177635336 0
vn -0.90631339194103622 -0.42260624177635336 0
vn -0.90631339194103622 -0.42260624177635336 0
vn -0.96592885782951599 -0.258807730974495 0
vn -0.96592885782951599 -0.258807730974495 0
vn -0.96592885782951599 -0.258807730974495 0
vn -0.96592885782951599 -0.258807730974495 0
vn -0.96592885782951599 -0.258807730974495 0
vn -0.96592885782951599 -0.258807730974495 0
vn -0.99619089497091384 -0.087199201699612247 0
vn -0.99619089497091384 -0.087199201699612247 0
vn -0.99619089497091384 -0.087199201699612247 0
vn -0.99619089497091384 -0.087199201699612247 0
vn -0.99619089497091384 -0.087199201699612247 0
vn -0.99619089497091384 -0.087199201699612247 0
vn -0.99619089497091384 0.087199201699612247 0
vn -0.99619089497091384 0.087199201699612247 0
vn -0.99619089497091384 0.087199201699612247 0
vn -0.99619089497091384 0.087199201699612247 0
vn -0.99619089497091384 0.087199201699612247 0
vn -0.99619089497091384 0.087199201699612247 0
vn -0.96592885782951599 0.258807730974495 0
vn -0.96592885782951599 0.258807730974495 0
vn -0.96592885782951599 0.258807730974495 0
vn -0.96592885782951599 0.258807730974495 0
vn -0.96592885782951599 0.258807730974495 0
vn -0.96592885782951599 0.258807730974495 0
vn -0.90631339194103622 0.42260624177635336 0
vn -0.90631339194103622 0.42260624177635336 0
vn -0.90631339194103622 0.42260624177635336 0
vn -0.90631339194103622 0.42260624177635336 0
vn -0.90631339194103622 0.42260624177635336 0
vn -0.90631339194103622 0.42260624177635336 0
vn -0.81915674559068619 0.5735697221378373 0
vn -0.81915674559068619 0.5735697221378373 0
vn -0.81915674559068619 0.5735697221378373 0
vn -0.81915674559068619 0.5735697221378373 0
vn -0.81915674559068619 0.5735697221378373 0
vn -0.81915674559068619 0.5735697221378373 0
vn -0.70710678118654757 0.70710678118654757 0
vn -0.70710678118654757 0.70710678118654757 0
vn -0.70710678118654757 0.70710678118654757 0
vn -0.70710678118654757 0.70710678118654757 0
vn -0.70710678118654757 0.70710678118654757 0
vn -0.70710678118654757 0.70710678118654757 0
vn -0.5735697221378373 0.81915674559068619 0
vn -0.5735697221378373 0.81915674559068619 0
vn -0.5735697221378373 0.81915674559068619 0
vn -0.5735697221378373 0.81915674559068619 0
vn -0.5735697221378373 0.81915674559068619 0
vn -0.5735697221378373 0.81915674559068619 0
vn -0.42260624177635336 0.90631339194103622 0
vn -0.42260624177635336 0.90631339194103622 0
vn -0.42260624177635336 0.90631339194103622 0
vn -0.42260624177635336 0.90631339194103622 0
vn -0.42260624177635336 0.90631339194103622 0
vn -0.42260624177635336 0.90631339194103622 0
vn -0.258807730974495 0.96592885782951599 0
vn -0.258807730974495 0.96592885782951599 0
vn -0.258807730974495 0.96592885782951599 0
vn -0.258807730974495 0.96592885782951599 0
vn -0.258807730974495 0.96592885782951599 0
vn -0.258807730974495 0.96592885782951599 0
vn -0.087199201699612247 0.99619089497091384 0
vn -0.087199201699612247 0.99619089497091384 0
vn -0.087199201699612247 0.99619089497091384 0
vn -0.087199201699612247 0.99619089497091384 0
vn -0.087199201699612247 0.99619089497091384 0
vn -0.087199201699612247 0.99619089497091384 0
vn 0.087199201699612247 0.99619089497091384 0
vn 0.087199201699612247 0.99619089497091384 0
vn 0.087199201699612247 0.99619089497091384 0
vn 0.087199201699612247 0.99619089497091384 0
vn 0.087199201699612247 0.99619089497091384 0
vn 0.087199201699612247 0.99619089497091384 0
vn 0.258807730974495 0.96592885782951599 0
vn 0.258807730974495 0.96592885782951599 0
vn 0.258807730974495 0.96592885782951599 0
vn 0.258807730974495 0.96592885782951599 0
vn 0.258807730974495 0.96592885782951599 0
vn 0.258807730974495 0.96592885782951599 0
vn 0.42260624177635336 0.90631339194103622 0
vn 0.42260624177635336 0.90631339194103622 0
vn 0.42260624177635336 0.90631339194103622 0
vn 0.42260624177635336 0.90631339194103622 0
vn 0.42260624177635336 0.90631339194103622 0
vn 0.42260624177635336 0.90631339194103622 0
vn 0.57361668670423349 0.8191238592145007 0
vn 0.57361668670423349 0.8191238592145007 0
vn 0.57361668670423349 0.8191238592145007 0
vn 0.5735697221378373 0.81915674559068619 0
vn 0.5735697221378373 0.81915674559068619 0
vn 0.5735697221378373 0.81915674559068619 0
vn 0.70710678118654757 0.70710678118654757 0
vn 0.70710678118654757 0.70710678118654757 0
vn 0.70710678118654757 0.70710678118654757 0
vn 0.70710678118654757 0.70710678118654757 0
vn 0.70710678118654757 0.70710678118654757 0
vn 0.70710678118654757 0.70710678118654757 0
vn 0.81915674559068619 0.5735697221378373 0
vn 0.81915674559068619 0.5735697221378373 0
vn 0.81915674559068619 0.5735697221378373 0
vn 0.81915674559068619 0.5735697221378373 0
vn 0.81915674559068619 0.5735697221378373 0
vn 0.81915674559068619 0.5735697221378373 0
vn 0.90631339194103622 0.42260624177635336 0
vn 0.90631339194103622 0.42260624177635336 0
vn 0.90631339194103622 0.42260624177635336 0
vn 0.90631339194103622 0.42260624177635336 0
vn 0.90631339194103622 0.42260624177635336 0
vn 0.90631339194103622 0.42260624177635336 0
vn 0.96592885782951599 0.258807730974495 0
vn 0.96592885782951599 0.258807730974495 0
vn 0.96592885782951599 0.258807730974495 0
vn 0.96592885782951599 0.258807730974495 0
vn 0.96592885782951599 0.258807730974495 0
vn 0.96592885782951599 0.258807730974495 0
vn 0.99619089497091384 0.087199201699612247 0
vn 0.99619089497091384 0.087199201699612247 0
vn 0.99619089497091384 0.087199201699612247 0
vn 0.99619089497091384 0.087199201699612247 0
vn 0.99619089497091384 0.087199201699612247 0
vn 0.99619089497091384 0.087199201699612247 0
vn 0.99619089497091384 -0.087199201699612247 0
vn 0.99619089497091384 -0.087199201699612247 0
vn 0.99619089497091384 -0.087199201699612247 0
vn 0.99619089497091384 -0.087199201699612247 0
vn 0.99619089497091384 -0.087199201699612247 0
vn 0.99619089497091384 -0.087199201699612247 0
vn 0.96592885782951599 -0.258807730974495 0
vn 0.96592885782951599 -0.258807730974495 0
vn 0.96592885782951599 -0.258807730974495 0
vn 0.96592885782951599 -0.258807730974495 0
vn 0.96592885782951599 -0.258807730974495 0
vn 0.96592885782951599 -0.258807730974495 0
vn 0.90631339194103622 -0.42260624177635336 0
vn 0.90631339194103622 -0.42260624177635336 0
vn 0.90631339194103622 -0.42260624177635336 0
vn 0.90631339194103622 -0.42260624177635336 0
vn 0.90631339194103622 -0.42260624177635336 0
vn 0.90631339194103622 -0.42260624177635336 0
vn 0.81915674559068619 -0.5735697221378373 0
vn 0.81915674559068619 -0.5735697221378373 0
vn 0.81915674559068619 -0.5735697221378373 0
vn 0.81915674559068619 -0.5735697221378373 0
vn 0.81915674559068619 -0.5735697221378373 0
vn 0.81915674559068619 -0.5735697221378373 0
vn 0.70710678118654757 -0.70710678118654757 0
vn 0.70710678118654757 -0.70710678118654757 0
vn 0.70710678118654757 -0.70710678118654757 0
vn 0.70710678118654757 -0.70710678118654757 0
vn 0.70710678118654757 -0.70710678118654757 0
vn 0.70710678118654757 -0.70710678118654757 0
vn 0.5735697221378373 -0.81915674559068619 0
vn 0.5735697221378373 -0.81915674559068619 0
vn 0.5735697221378373 -0.81915674559068619 0
vn 0.5735697221378373 -0.81915674559068619 0
vn 0.5735697221378373 -0.81915674559068619 0
vn 0.5735697221378373 -0.81915674559068619 0
vn 0.42280882674414805 -0.90621890072279832 0
vn 0.42280882674414805 -0.90621890072279832 0
vn 0.42280882674414805 -0.90621890072279832 0
vn 0.42280882674414805 -0.90621890072279832 0
vn 0.42280882674414805 -0.90621890072279832 0
vn 0.42280882674414805 -0.90621890072279832 0
vn 0.42260624177635336 -0.90631339194103622 0
vn 0.42260624177635336 -0.90631339194103622 0
vn 0.42260624177635336 -0.90631339194103622 0
vn 0.42260624177635336 -0.90631339194103622 0
vn 0.42260624177635336 -0.90631339194103622 0
vn 0.42260624177635336 -0.90631339194103622 0
vn 0.258807730974495 -0.96592885782951599 0
vn 0.258807730974495 -0.96592885782951599 0
vn 0.258807730974495 -0.96592885782951599 0
vn 0.258807730974495 -0.96592885782951599 0
vn 0.258807730974495 -0.96592885782951599 0
vn 0.258807730974495 -0.96592885782951599 0
vn 0.087199201699612247 -0.99619089497091384 0
vn 0.087199201699612247 -0.99619089497091384 0
vn 0.087199201699612247 -0.99619089497091384 0
vn 0.087199201699612247 -0.99619089497091384 0
vn 0.087199201699612247 -0.99619089497091384 0
vn 0.087199201699612247 -0.99619089497091384 0
vn -0.087099960001744497 -0.99619957687588612 0
vn -0.087099960001744497 -0.99619957687588612 0
vn -0.087099960001744497 -0.99619957687588612 0
vn -0.087099960001744497 -0.99619957687588612 0
vn -0.087099960001744497 -0.99619957687588612 0
vn -0.087099960001744497 -0.99619957687588612 0
vn -0.258807730974495 -0.96592885782951599 0
vn -0.258807730974495 -0.96592885782951599 0
vn -0.258807730974495 -0.96592885782951599 0
vn -0.258807730974495 -0.96592885782951599 0
vn -0.258807730974495 -0.96592885782951599 0
vn -0.258807730974495 -0.96592885782951599 0
vn -0.42268836733042764 -0.90627509296214115 0
vn -0.42268836733042764 -0.90627509296214115 0
vn -0.42268836733042764 -0.90627509296214115 0
vn -0.42268836733042764 -0.90627509296214115 0
vn -0.42268836733042764 -0.90627509296214115 0
vn -0.42268836733042764 -0.90627509296214115 0
vn -0.57350260699289302 -0.81920373520410372 0
vn -0.57350260699289302 -0.81920373520410372 0
vn -0.57350260699289302 -0.81920373520410372 0
vn -0.57350260699289302 -0.81920373520410372 0
vn -0.57350260699289302 -0.81920373520410372 0
vn -0.57350260699289302 -0.81920373520410372 0
vn -0.70705677417667934 -0.70715678466014031 0
vn -0.70705677417667934 -0.70715678466014031 0
vn -0.70705677417667934 -0.70715678466014031 0
vn -0.70710678118654757 -0.70710678118654757 0
vn -0.70710678118654757 -0.70710678118654757 0
vn -0.70710678118654757 -0.70710678118654757 0
vn -0.81920373520410372 -0.57350260699289302 0
vn -0.81920373520410372 -0.57350260699289302 0
vn -0.81920373520410372 -0.57350260699289302 0
vn -0.81920373520410372 -0.57350260699289302 0
vn -0.81920373520410372 -0.57350260699289302 0
vn -0.81920373520410372 -0.57350260699289302 0
vn -0.90631339194103622 -0.42260624177635336 0
vn -0.90631339194103622 -0.42260624177635336 0
vn -0.90631339194103622 -0.42260624177635336 0
vn -0.90631339194103622 -0.42260624177635336 0
vn -0.90631339194103622 -0.42260624177635336 0
vn -0.90631339194103622 -0.42260624177635336 0
vn -0.96592885782951599 -0.258807730974495 0
vn -0.96592885782951599 -0.258807730974495 0
vn -0.96592885782951599 -0.258807730974495 0
vn -0.96592885782951599 -0.258807730974495 0
vn -0.96592885782951599 -0.258807730974495 0
vn -0.96592885782951599 -0.258807730974495 0
vn -0.99619089497091384 -0.087199201699612247 0
vn -0.99619089497091384 -0.087199201699612247 0
vn -0.99619089497091384 -0.087199201699612247 0
vn -0.99619089497091384 -0.087199201699612247 0
vn -0.99619089497091384 -0.087199201699612247 0
vn -0.99619089497091384 -0.087199201699612247 0
vn -0.99619089497091384 0.087199201699612247 0
vn -0.99619089497091384 0.087199201699612247 0
vn -0.99619089497091384 0.087199201699612247 0
vn -0.99619089497091384 0.087199201699612247 0
vn -0.99619089497091384 0.087199201699612247 0
vn -0.99619089497091384 0.087199201699612247 0
vn -0.96595385040113702 0.25871443503449448 0
vn -0.96595385040113702 0.25871443503449448 0
vn -0.96595385040113702 0.25871443503449448 0
vn -0.96595385040113702 0.25871443503449448 0
vn -0.96595385040113702 0.25871443503449448 0
vn -0.96595385040113702 0.25871443503449448 0
vn -0.90631339194103622 0.42260624177635336 0
vn -0.90631339194103622 0.42260624177635336 0
vn -0.90631339194103622 0.42260624177635336 0
vn -0.90631339194103622 0.42260624177635336 0
vn -0.90631339194103622 0.42260624177635336 0
vn -0.90631339194103622 0.42260624177635336 0
vn -0.81920373520410372 0.57350260699289302 0
vn -0.81920373520410372 0.57350260699289302 0
vn -0.81920373520410372 0.57350260699289302 0
vn -0.81920373520410372 0.57350260699289302 0
vn -0.81920373520410372 0.57350260699289302 0
vn -0.81920373520410372 0.57350260699289302 0
vn -0.70705677417667934 0.70715678466014031 0
vn -0.70705677417667934 0.70715678466014031 0
vn -0.70705677417667934 0.70715678466014031 0
vn -0.70705677417667934 0.70715678466014031 0
vn -0.70705677417667934 0.70715678466014031 0
vn -0.70705677417667934 0.70715678466014031 0
vn -0.57350260699289302 0.81920373520410372 0
vn -0.57350260699289302 0.81920373520410372 0
vn -0.57350260699289302 0.81920373520410372 0
vn -0.57350260699289302 0.81920373520410372 0
vn -0.57350260699289302 0.81920373520410372 0
vn -0.57350260699289302 0.81920373520410372 0
vn -0.42268836733042764 0.90627509296214115 0
vn -0.42268836733042764 0.90627509296214115 0
vn -0.42268836733042764 0.90627509296214115 0
vn -0.42268836733042764 0.90627509296214115 0
vn -0.42268836733042764 0.90627509296214115 0
vn -0.42268836733042764 0.90627509296214115 0
vn -0.258807730974495 0.96592885782951599 0
vn -0.258807730974495 0.96592885782951599 0
vn -0.258807730974495 0.96592885782951599 0
vn -0.258807730974495 0.96592885782951599 0
vn -0.258807730974495 0.96592885782951599 0
vn -0.258807730974495 0.96592885782951599 0
vn -0.087199201699612247 0.99619089497091384 0
vn -0.087199201699612247 0.99619089497091384 0
vn -0.087199201699612247 0.99619089497091384 0
vn -0.087199201699612247 0.99619089497091384 0
vn -0.087199201699612247 0.99619089497091384 0
vn -0.087199201699612247 0.99619089497091384 0
vn 0.087199201699612247 0.99619089497091384 0
vn 0.087199201699612247 0.99619089497091384 0
vn 0.087199201699612247 0.99619089497091384 0
vn 0.087199201699612247 0.99619089497091384 0
vn 0.087199201699612247 0.99619089497091384 0
vn 0.087199201699612247 0.99619089497091384 0
vn 0.258807730974495 0.96592885782951599 0
vn 0.258807730974495 0.96592885782951599 0
vn 0.258807730974495 0.96592885782951599 0
vn 0.258807730974495 0.96592885782951599 0
vn 0.258807730974495 0.96592885782951599 0
vn 0.258807730974495 0.96592885782951599 0
vn 0.42260624177635336 0.90631339194103622 0
vn 0.42260624177635336 0.90631339194103622 0
vn 0.42260624177635336 0.90631339194103622 0
vn 0.42260624177635336 0.90631339194103622 0
vn 0.42260624177635336 0.90631339194103622 0
vn 0.42260624177635336 0.90631339194103622 0
vn 0.57361668670423349 0.8191238592145007 0
vn 0.57361668670423349 0.8191238592145007 0
vn 0.57361668670423349 0.8191238592145007 0
vn 0.57361668670423349 0.8191238592145007 0
vn 0.57361668670423349 0.8191238592145007 0
vn 0.57361668670423349 0.8191238592145007 0
vn 0.70640643135694003 0.7078064380447191 0
vn 0.70640643135694003 0.7078064380447191 0
vn 0.70640643135694003 0.7078064380447191 0
vn 0.70640643135694003 0.7078064380447191 0
vn 0.70640643135694003 0.7078064380447191 0
vn 0.70640643135694003 0.7078064380447191 0
vn 0.70710678118654757 0.70710678118654757 0
vn 0.70710678118654757 0.70710678118654757 0
vn 0.70710678118654757 0.70710678118654757 0
vn 0.70710678118654757 0.70710678118654757 0
vn 0.70710678118654757 0.70710678118654757 0
vn 0.70710678118654757 0.70710678118654757 0
vn 0.81920373520410372 0.57350260699289302 0
vn 0.81920373520410372 0.57350260699289302 0
vn 0.81920373520410372 0.57350260699289302 0
vn 0.81920373520410372 0.57350260699289302 0
vn 0.81920373520410372 0.57350260699289302 0
vn 0.81920373520410372 0.57350260699289302 0
vn 0.90631339194103622 0.42260624177635336 0
vn 0.90631339194103622 0.42260624177635336 0
vn 0.90631339194103622 0.42260624177635336 0
vn 0.90631339194103622 0.42260624177635336 0
vn 0.90631339194103622 0.42260624177635336 0
vn 0.90631339194103622 0.42260624177635336 0
vn 0.96590385754116348 0.25890101967180396 0
vn 0.96590385754116348 0.25890101967180396 0
vn 0.96590385754116348 0.25890101967180396 0
vn 0.96590385754116348 0.25890101967180396 0
vn 0.96590385754116348 0.25890101967180396 0
vn 0.96590385754116348 0.25890101967180396 0
vn 0.99619957687588612 0.087099960001744497 0
vn 0.99619957687588612 0.087099960001744497 0
vn 0.99619957687588612 0.087099960001744497 0
vn 0.99619957687588612 0.087099960001744497 0
vn 0.99619957687588612 0.087099960001744497 0
vn 0.99619957687588612 0.087099960001744497 0
vn 0.99619957687588612 -0.087099960001744497 0
vn 0.99619957687588612 -0.087099960001744497 0
vn 0.99619957687588612 -0.087099960001744497 0
vn 0.99619957687588612 -0.087099960001744497 0
vn 0.99619957687588612 -0.087099960001744497 0
vn 0.99619957687588612 -0.087099960001744497 0
vn 0.96590385754116348 -0.25890101967180396 0
vn 0.96590385754116348 -0.25890101967180396 0
vn 0.96590385754116348 -0.25890101967180396 0
vn 0.96590385754116348 -0.25890101967180396 0
vn 0.96590385754116348 -0.25890101967180396 0
vn 0.96590385754116348 -0.25890101967180396 0
vn 0.90631339194103622 -0.42260624177635336 0
vn 0.90631339194103622 -0.42260624177635336 0
vn 0.90631339194103622 -0.42260624177635336 0
vn 0.90631339194103622 -0.42260624177635336 0
vn 0.90631339194103622 -0.42260624177635336 0
vn 0.90631339194103622 -0.42260624177635336 0
vn 0.81920373520410372 -0.57350260699289302 0
vn 0.81920373520410372 -0.57350260699289302 0
vn 0.81920373520410372 -0.57350260699289302 0
vn 0.81920373520410372 -0.57350260699289302 0
vn 0.81920373520410372 -0.57350260699289302 0
vn 0.81920373520410372 -0.57350260699289302 0
vn 0.70710678118654757 -0.70710678118654757 0
vn 0.70710678118654757 -0.70710678118654757 0
vn 0.70710678118654757 -0.70710678118654757 0
vn 0.70710678118654757 -0.70710678118654757 0
vn 0.70710678118654757 -0.70710678118654757 0
vn 0.70710678118654757 -0.70710678118654757 0
vn 0.70640643135694003 -0.7078064380447191 0
vn 0.70640643135694003 -0.7078064380447191 0
vn 0.70640643135694003 -0.7078064380447191 0
vn 0.70650651092330952 -0.70770654230618191 0
vn 0.70650651092330952 -0.70770654230618191 0
vn 0.70650651092330952 -0.70770654230618191 0
vn 0.57361668670423349 -0.8191238592145007 0
vn 0.57361668670423349 -0.8191238592145007 0
vn 0.57361668670423349 -0.8191238592145007 0
vn 0.57361668670423349 -0.8191238592145007 0
vn 0.57361668670423349 -0.8191238592145007 0
vn 0.57361668670423349 -0.8191238592145007 0
vn 0.42260624177635336 -0.90631339194103622 0
vn 0.42260624177635336 -0.90631339194103622 0
vn 0.42260624177635336 -0.90631339194103622 0
vn 0.42260624177635336 -0.90631339194103622 0
vn 0.42260624177635336 -0.90631339194103622 0
vn 0.42260624177635336 -0.90631339194103622 0
vn 0.258807730974495 -0.96592885782951599 0
vn 0.258807730974495 -0.96592885782951599 0
vn 0.258807730974495 -0.96592885782951599 0
vn 0.258807730974495 -0.96592885782951599 0
vn 0.258807730974495 -0.96592885782951599 0
vn 0.258807730974495 -0.96592885782951599 0
vn 0.087099960001744497 -0.99619957687588612 0
vn 0.087099960001744497 -0.99619957687588612 0
vn 0.087099960001744497 -0.99619957687588612 0
vn 0.087099960001744497 -0.99619957687588612 0
vn 0.087099960001744497 -0.99619957687588612 0
vn 0.087099960001744497 -0.99619957687588612 0
vn -0.087199201699612247 -0.99619089497091384 0
vn -0.087199201699612247 -0.99619089497091384 0
vn -0.087199201699612247 -0.99619089497091384 0
vn -0.087099960001744497 -0.99619957687588612 0
vn -0.087099960001744497 -0.99619957687588612 0
vn -0.087099960001744497 -0.99619957687588612 0
vn -0.258807730974495 -0.96592885782951599 0
vn -0.258807730974495 -0.96592885782951599 0
vn -0.258807730974495 -0.96592885782951599 0
vn -0.258807730974495 -0.96592885782951599 0
vn -0.258807730974495 -0.96592885782951599 0
vn -0.258807730974495 -0.96592885782951599 0
vn -0.42268836733042764 -0.90627509296214115 0
vn -0.42268836733042764 -0.90627509296214115 0
vn -0.42268836733042764 -0.90627509296214115 0
vn -0.42268836733042764 -0.90627509296214115 0
vn -0.42268836733042764 -0.90627509296214115 0
vn -0.42268836733042764 -0.90627509296214115 0
vn -0.57350260699289302 -0.81920373520410372 0
vn -0.57350260699289302 -0.81920373520410372 0
vn -0.57350260699289302 -0.81920373520410372 0
vn -0.57350260699289302 -0.81920373520410372 0
vn -0.57350260699289302 -0.81920373520410372 0
vn -0.57350260699289302 -0.81920373520410372 0
vn -0.70705677417667934 -0.70715678466014031 0
vn -0.70705677417667934 -0.70715678466014031 0
vn -0.70705677417667934 -0.70715678466014031 0
vn -0.70710678118654757 -0.70710678118654757 0
vn -0.70710678118654757 -0.70710678118654757 0
vn -0.70710678118654757 -0.70710678118654757 0
vn -0.81920373520410372 -0.57350260699289302 0
vn -0.81920373520410372 -0.57350260699289302 0
vn -0.81920373520410372 -0.57350260699289302 0
vn -0.81920373520410372 -0.57350260699289302 0
vn -0.81920373520410372 -0.57350260699289302 0
vn -0.81920373520410372 -0.57350260699289302 0
vn -0.90627509296214115 -0.42268836733042764 0
vn -0.90627509296214115 -0.42268836733042764 0
vn -0.90627509296214115 -0.42268836733042764 0
vn -0.90627509296214115 -0.42268836733042764 0
vn -0.90627509296214115 -0.42268836733042764 0
vn -0.90627509296214115 -0.42268836733042764 0
vn -0.96595385040113702 -0.25871443503449448 0
vn -0.96595385040113702 -0.25871443503449448 0
vn -0.96595385040113702 -0.25871443503449448 0
vn -0.96595385040113702 -0.25871443503449448 0
vn -0.96595385040113702 -0.25871443503449448 0
vn -0.96595385040113702 -0.25871443503449448 0
vn -0.99619089497091384 -0.087199201699612247 0
vn -0.99619089497091384 -0.087199201699612247 0
vn -0.99619089497091384 -0.087199201699612247 0
vn -0.99619089497091384 -0.087199201699612247 0
vn -0.99619089497091384 -0.087199201699612247 0
vn -0.99619089497091384 -0.087199201699612247 0
vn -0.99619089497091384 0.087199201699612247 0
vn -0.99619089497091384 0.087199201699612247 0
vn -0.99619089497091384 0.087199201699612247 0
vn -0.99619089497091384 0.087199201699612247 0
vn -0.99619089497091384 0.087199201699612247 0
vn -0.99619089497091384 0.087199201699612247 0
vn -0.96595385040113702 0.25871443503449448 0
vn -0.96595385040113702 0.25871443503449448 0
vn -0.96595385040113702 0.25871443503449448 0
vn -0.96595385040113702 0.25871443503449448 0
vn -0.96595385040113702 0.25871443503449448 0
vn -0.96595385040113702 0.25871443503449448 0
vn -0.90631339194103622 0.42260624177635336 0
vn -0.90631339194103622 0.42260624177635336 0
vn -0.90631339194103622 0.42260624177635336 0
vn -0.90627509296214115 0.42268836733042764 0
vn -0.90627509296214115 0.42268836733042764 0
vn -0.90627509296214115 0.42268836733042764 0
vn -0.81920373520410372 0.57350260699289302 0
vn -0.81920373520410372 0.57350260699289302 0
vn -0.81920373520410372 0.57350260699289302 0
vn -0.81915674559068619 0.5735697221378373 0
vn -0.81915674559068619 0.5735697221378373 0
vn -0.81915674559068619 0.5735697221378373 0
vn -0.70710678118654757 0.70710678118654757 0
vn -0.70710678118654757 0.70710678118654757 0
vn -0.70710678118654757 0.70710678118654757 0
vn -0.70705677417667934 0.70715678466014031 0
vn -0.70705677417667934 0.70715678466014031 0
vn -0.70705677417667934 0.70715678466014031 0
vn -0.57350260699289302 0.81920373520410372 0
vn -0.57350260699289302 0.81920373520410372 0
vn -0.57350260699289302 0.81920373520410372 0
vn -0.57350260699289302 0.81920373520410372 0
vn -0.57350260699289302 0.81920373520410372 0
vn -0.57350260699289302 0.81920373520410372 0
vn -0.42268836733042764 0.90627509296214115 0
vn -0.42268836733042764 0.90627509296214115 0
vn -0.42268836733042764 0.90627509296214115 0
vn -0.42280882674414805 0.90621890072279832 0
vn -0.42280882674414805 0.90621890072279832 0
vn -0.42280882674414805 0.90621890072279832 0
vn -0.258807730974495 0.96592885782951599 0
vn -0.258807730974495 0.96592885782951599 0
vn -0.258807730974495 0.96592885782951599 0
vn -0.258807730974495 0.96592885782951599 0
vn -0.258807730974495 0.96592885782951599 0
vn -0.258807730974495 0.96592885782951599 0
vn -0.087199201699612247 0.99619089497091384 0
vn -0.087199201699612247 0.99619089497091384 0
vn -0.087199201699612247 0.99619089497091384 0
vn -0.087199201699612247 0.99619089497091384 0
vn -0.087199201699612247 0.99619089497091384 0
vn -0.087199201699612247 0.99619089497091384 0
vn 0.087199201699612247 0.99619089497091384 0
vn 0.087199201699612247 0.99619089497091384 0
vn 0.087199201699612247 0.99619089497091384 0
vn 0.087199201699612247 0.99619089497091384 0
vn 0.087199201699612247 0.99619089497091384 0
vn 0.087199201699612247 0.99619089497091384 0
vn 0.258807730974495 0.96592885782951599 0
vn 0.258807730974495 0.96592885782951599 0
vn 0.258807730974495 0.96592885782951599 0
vn 0.258807730974495 0.96592885782951599 0
vn 0.258807730974495 0.96592885782951599 0
vn 0.258807730974495 0.96592885782951599 0
vn 0.42268836733042764 0.90627509296214115 0
vn 0.42268836733042764 0.90627509296214115 0
vn 0.42268836733042764 0.90627509296214115 0
vn 0.42260624177635336 0.90631339194103622 0
vn 0.42260624177635336 0.90631339194103622 0
vn 0.42260624177635336 0.90631339194103622 0
vn 0.57361668670423349 0.8191238592145007 0
vn 0.57361668670423349 0.8191238592145007 0
vn 0.57361668670423349 0.8191238592145007 0
vn 0.57361668670423349 0.8191238592145007 0
vn 0.57361668670423349 0.8191238592145007 0
vn 0.57361668670423349 0.8191238592145007 0
vn 0.70650651092330952 0.70770654230618191 0
vn 0.70650651092330952 0.70770654230618191 0
vn 0.70650651092330952 0.70770654230618191 0
vn 0.70620620018849156 0.70800621665020158 0
vn 0.70620620018849156 0.70800621665020158 0
vn 0.70620620018849156 0.70800621665020158 0
vn 0.70710678118654757 0.70710678118654757 0
vn 0.70710678118654757 0.70710678118654757 0
vn 0.70710678118654757 0.70710678118654757 0
vn 0.70710678118654757 0.70710678118654757 0
vn 0.70710678118654757 0.70710678118654757 0
vn 0.70710678118654757 0.70710678118654757 0
vn 0.81915674559068619 0.5735697221378373 0
vn 0.81915674559068619 0.5735697221378373 0
vn 0.81915674559068619 0.5735697221378373 0
vn 0.81920373520410372 0.57350260699289302 0
vn 0.81920373520410372 0.57350260699289302 0
vn 0.81920373520410372 0.57350260699289302 0
vn 0.90627509296214115 0.42268836733042764 0
vn 0.90627509296214115 0.42268836733042764 0
vn 0.90627509296214115 0.42268836733042764 0
vn 0.90631339194103622 0.42260624177635336 0
vn 0.90631339194103622 0.42260624177635336 0
vn 0.90631339194103622 0.42260624177635336 0
vn 0.96590385754116348 0.25890101967180396 0
vn 0.96590385754116348 0.25890101967180396 0
vn 0.96590385754116348 0.25890101967180396 0
vn 0.96590385754116348 0.25890101967180396 0
vn 0.96590385754116348 0.25890101967180396 0
vn 0.96590385754116348 0.25890101967180396 0
vn 0.99619957687588612 0.087099960001744497 0
vn 0.99619957687588612 0.087099960001744497 0
vn 0.99619957687588612 0.087099960001744497 0
vn 0.99619957687588612 0.087099960001744497 0
vn 0.99619957687588612 0.087099960001744497 0
vn 0.99619957687588612 0.087099960001744497 0
vn 0.99619957687588612 -0.087099960001744497 0
vn 0.99619957687588612 -0.087099960001744497 0
vn 0.99619957687588612 -0.087099960001744497 0
vn 0.99619957687588612 -0.087099960001744497 0
vn 0.99619957687588612 -0.087099960001744497 0
vn 0.99619957687588612 -0.087099960001744497 0
vn 0.96590385754116348 -0.25890101967180396 0
vn 0.96590385754116348 -0.25890101967180396 0
vn 0.96590385754116348 -0.25890101967180396 0
vn 0.96590385754116348 -0.25890101967180396 0
vn 0.96590385754116348 -0.25890101967180396 0
vn 0.96590385754116348 -0.25890101967180396 0
vn 0.90627509296214115 -0.42268836733042764 0
vn 0.90627509296214115 -0.42268836733042764 0
vn 0.90627509296214115 -0.42268836733042764 0
vn 0.90627509296214115 -0.42268836733042764 0
vn 0.90627509296214115 -0.42268836733042764 0
vn 0.90627509296214115 -0.42268836733042764 0
vn 0.81920373520410372 -0.57350260699289302 0
vn 0.81920373520410372 -0.57350260699289302 0
vn 0.81920373520410372 -0.57350260699289302 0
vn 0.81920373520410372 -0.57350260699289302 0
vn 0.81920373520410372 -0.57350260699289302 0
vn 0.81920373520410372 -0.57350260699289302 0
vn 0.70710678118654757 -0.70710678118654757 0
vn 0.70710678118654757 -0.70710678118654757 0
vn 0.70710678118654757 -0.70710678118654757 0
vn 0.70710678118654757 -0.70710678118654757 0
vn 0.70710678118654757 -0.70710678118654757 0
vn 0.70710678118654757 -0.70710678118654757 0
vn 0.70650651092330952 -0.70770654230618191 0
vn 0.70650651092330952 -0.70770654230618191 0
vn 0.70690674760629435 -0.70730675819526201 0
vn 0.70650642260837448 -0.7077064538412402 -0.00050000457350641799
vn 0.70650651092330952 -0.70770654230618191 0
vn 0.70650651092330952 -0.70770654230618191 0
vn 0.57361668670423349 -0.8191238592145007 0
vn 0.57361668670423349 -0.8191238592145007 0
vn 0.57361668670423349 -0.8191238592145007 0
vn 0.57361668670423349 -0.8191238592145007 0
vn 0.57361668670423349 -0.8191238592145007 0
vn 0.57361668670423349 -0.8191238592145007 0
vn 0.42260624177635336 -0.90631339194103622 0
vn 0.42260624177635336 -0.90631339194103622 0
vn 0.42260624177635336 -0.90631339194103622 0
vn 0.42260624177635336 -0.90631339194103622 0
vn 0.42260624177635336 -0.90631339194103622 0
vn 0.42260624177635336 -0.90631339194103622 0
vn 0.258807730974495 -0.96592885782951599 0
vn 0.258807730974495 -0.96592885782951599 0
vn 0.258807730974495 -0.96592885782951599 0
vn 0.258807730974495 -0.96592885782951599 0
vn 0.258807730974495 -0.96592885782951599 0
vn 0.258807730974495 -0.96592885782951599 0
vn 0.087099960001744497 -0.99619957687588612 0
vn 0.087099960001744497 -0.99619957687588612 0
vn 0.087099960001744497 -0.99619957687588612 0
vn 0.087199201699612247 -0.99619089497091384 0
vn 0.087199201699612247 -0.99619089497091384 0
vn 0.087199201699612247 -0.99619089497091384 0
vn -0.087000715710615753 -0.99620824904526895 0
vn -0.087000715710615753 -0.99620824904526895 0
vn -0.087000715710615753 -0.99620824904526895 0
vn -0.087298440801354793 -0.99618220333112362 0
vn -0.087298440801354793 -0.99618220333112362 0
vn -0.087298440801354793 -0.99618220333112362 0
vn -0.258807730974495 -0.96592885782951599 0
vn -0.258807730974495 -0.96592885782951599 0
vn -0.25829121691315432 -0.96606710287925746 0
vn -0.25859611276185884 -0.96598551255474807 0.00019999699123151389
vn -0.25899432892719226 -0.96587884208297747 0
vn -0.25899432892719226 -0.96587884208297747 0
vn -0.42248580482338161 -0.90636954092838951 0
vn -0.42248580482338161 -0.90636954092838951 0
vn -0.42248580482338161 -0.90636954092838951 0
vn -0.42268836733042764 -0.90627509296214115 0
vn -0.42268836733042764 -0.90627509296214115 0
vn -0.42268836733042764 -0.90627509296214115 0
vn -0.57350260699289302 -0.81920373520410372 0
vn -0.57350260699289302 -0.81920373520410372 0
vn -0.57350260699289302 -0.81920373520410372 0
vn -0.57350260699289302 -0.81920373520410372 0
vn -0.57350260699289302 -0.81920373520410372 0
vn -0.57350260699289302 -0.81920373520410372 0
vn -0.70710678118654757 -0.70710678118654757 0
vn -0.70710678118654757 -0.70710678118654757 0
vn -0.70710678118654757 -0.70710678118654757 0
vn -0.70700678636827363 -0.70720676186615072 0
vn -0.70700678636827363 -0.70720676186615072 0
vn -0.70700678636827363 -0.70720676186615072 0
vn -0.81907686368611887 -0.57368379040557804 0
vn -0.81907686368611887 -0.57368379040557804 0
vn -0.81907686368611887 -0.57368379040557804 0
vn -0.81907686368611887 -0.57368379040557804 0
vn -0.81907686368611887 -0.57368379040557804 0
vn -0.81907686368611887 -0.57368379040557804 0
vn -0.90640783671501546 -0.42240363817278581 0
vn -0.90640783671501546 -0.42240363817278581 0
vn -0.90640783671501546 -0.42240363817278581 0
vn -0.90640783671501546 -0.42240363817278581 0
vn -0.90640783671501546 -0.42240363817278581 0
vn -0.90640783671501546 -0.42240363817278581 0
vn -0.96587884208297747 -0.25899432892719226 0
vn -0.96587884208297747 -0.25899432892719226 0
vn -0.96587884208297747 -0.25899432892719226 0
vn -0.96587884208297747 -0.25899432892719226 0
vn -0.96587884208297747 -0.25899432892719226 0
vn -0.96587884208297747 -0.25899432892719226 0
vn -0.99619957687588612 -0.087099960001744497 0
vn -0.99619957687588612 -0.087099960001744497 0
vn -0.99619957687588612 -0.087099960001744497 0
vn -0.99619957687588612 -0.087099960001744497 0
vn -0.99619957687588612 -0.087099960001744497 0
vn -0.99619957687588612 -0.087099960001744497 0
vn -0.99619957687588612 0.087099960001744497 0
vn -0.99619957687588612 0.087099960001744497 0
vn -0.99619957687588612 0.087099960001744497 0
vn -0.99619957687588612 0.087099960001744497 0
vn -0.99619957687588612 0.087099960001744497 0
vn -0.99619957687588612 0.087099960001744497 0
vn -0.96590385754116348 0.25890101967180396 0
vn -0.96590385754116348 0.25890101967180396 0
vn -0.96590385754116348 0.25890101967180396 0
vn -0.96587884208297747 0.25899432892719226 0
vn -0.96587884208297747 0.25899432892719226 0
vn -0.96587884208297747 0.25899432892719226 0
vn -0.90635168671370392 0.42252410581080924 0
vn -0.90635168671370392 0.42252410581080924 0
vn -0.90635168671370392 0.42252410581080924 0
vn -0.90640783671501546 0.42240363817278581 0
vn -0.90640783671501546 0.42240363817278581 0
vn -0.90640783671501546 0.42240363817278581 0
vn -0.81907686368611887 0.57368379040557804 0
vn -0.81907686368611887 0.57368379040557804 0
vn -0.81907686368611887 0.57368379040557804 0
vn -0.81899694235855536 0.57379788114573682 0
vn -0.81899694235855536 0.57379788114573682 0
vn -0.81899694235855536 0.57379788114573682 0
vn -0.70710678118654757 0.70710678118654757 0
vn -0.70710678118654757 0.70710678118654757 0
vn -0.70710678118654757 0.70710678118654757 0
vn -0.70700678636827363 0.70720676186615072 0
vn -0.70700678636827363 0.70720676186615072 0
vn -0.70700678636827363 0.70720676186615072 0
vn -0.57373078889176155 0.8190439438013305 0
vn -0.57373078889176155 0.8190439438013305 0
vn -0.57373078889176155 0.8190439438013305 0
vn -0.57373078889176155 0.8190439438013305 0
vn -0.57373078889176155 0.8190439438013305 0
vn -0.57373078889176155 0.8190439438013305 0
vn -0.42248580482338161 0.90636954092838951 0
vn -0.42248580482338161 0.90636954092838951 0
vn -0.42248580482338161 0.90636954092838951 0
vn -0.42268836733042764 0.90627509296214115 0
vn -0.42268836733042764 0.90627509296214115 0
vn -0.42268836733042764 0.90627509296214115 0
vn -0.258807730974495 0.96592885782951599 0
vn -0.258807730974495 0.96592885782951599 0
vn -0.25920593496244249 0.96582207640964901 0
vn -0.2592059297780871 0.96582205709232549 0.0002000045652055842
vn -0.258807730974495 0.96592885782951599 0
vn -0.258807730974495 0.96592885782951599 0
vn -0.087000715710615753 0.99620824904526895 0
vn -0.087000715710615753 0.99620824904526895 0
vn -0.087000715710615753 0.99620824904526895 0
vn -0.087298440801354793 0.99618220333112362 0
vn -0.087298440801354793 0.99618220333112362 0
vn -0.087298440801354793 0.99618220333112362 0
vn 0.087298440801354793 0.99618220333112362 0
vn 0.087298440801354793 0.99618220333112362 0
vn 0.087298440801354793 0.99618220333112362 0
vn 0.087000715710615753 0.99620824904526895 0
vn 0.087000715710615753 0.99620824904526895 0
vn 0.087000715710615753 0.99620824904526895 0
vn 0.258807730974495 0.96592885782951599 0
vn 0.2592059297780871 0.96582205709232549 -0.0002000045652055842
vn 0.258807730974495 0.96592885782951599 0
vn 0.258807730974495 0.96592885782951599 0
vn 0.25920593496244249 0.96582207640964901 0
vn 0.258807730974495 0.96592885782951599 0
vn 0.42268836733042764 0.90627509296214115 0
vn 0.42268836733042764 0.90627509296214115 0
vn 0.42268836733042764 0.90627509296214115 0
vn 0.42240363817278581 0.90640783671501546 0
vn 0.42240363817278581 0.90640783671501546 0
vn 0.42240363817278581 0.90640783671501546 0
vn 0.57379788114573682 0.81899694235855536 0
vn 0.57379788114573682 0.81899694235855536 0
vn 0.57379788114573682 0.81899694235855536 0
vn 0.57379788114573682 0.81899694235855536 0
vn 0.57379788114573682 0.81899694235855536 0
vn 0.57379788114573682 0.81899694235855536 0
vn 0.70690674760629435 0.70730675819526201 0
vn 0.70690674760629435 0.70730675819526201 0
vn 0.70690674760629435 0.70730675819526201 0
vn 0.70710678118654757 0.70710678118654757 0
vn 0.70710678118654757 0.70710678118654757 0
vn 0.70710678118654757 0.70710678118654757 0
vn 0.8191238592145007 0.57361668670423349 0
vn 0.8191238592145007 0.57361668670423349 0
vn 0.8191238592145007 0.57361668670423349 0
vn 0.81920373520410372 0.57350260699289302 0
vn 0.81920373520410372 0.57350260699289302 0
vn 0.81920373520410372 0.57350260699289302 0
vn 0.90631339194103622 0.42260624177635336 0
vn 0.90631339194103622 0.42260624177635336 0
vn 0.90631339194103622 0.42260624177635336 0
vn 0.90621890072279832 0.42280882674414805 0
vn 0.90621890072279832 0.42280882674414805 0
vn 0.90621890072279832 0.42280882674414805 0
vn 0.96598553187387759 0.25859611793362564 0
vn 0.96598553187387759 0.25859611793362564 0
vn 0.96598553187387759 0.25859611793362564 0
vn 0.96601050435049285 0.25850281523516583 0
vn 0.96601050435049285 0.25850281523516583 0
vn 0.96601050435049285 0.25850281523516583 0
vn 0.99616479149955961 0.087496903811729462 0
vn 0.99616479149955961 0.087496903811729462 0
vn 0.99616479149955961 0.087496903811729462 0
vn 0.99616479149955961 0.087496903811729462 0
vn 0.99616479149955961 0.087496903811729462 0
vn 0.99616479149955961 0.087496903811729462 0
vn 0.99616479149955961 -0.087496903811729462 0
vn 0.99616479149955961 -0.087496903811729462 0
vn 0.99616479149955961 -0.087496903811729462 0
vn 0.99616479149955961 -0.087496903811729462 0
vn 0.99616479149955961 -0.087496903811729462 0
vn 0.99616479149955961 -0.087496903811729462 0
vn 0.96598553187387759 -0.25859611793362564 0
vn 0.96598553187387759 -0.25859611793362564 0
vn 0.96598553187387759 -0.25859611793362564 0
vn 0.96598553187387759 -0.25859611793362564 0
vn 0.96598553187387759 -0.25859611793362564 0
vn 0.96598553187387759 -0.25859611793362564 0
vn 0.90631339194103622 -0.42260624177635336 0
vn 0.90631339194103622 -0.42260624177635336 0
vn 0.90631339194103622 -0.42260624177635336 0
vn 0.90631339194103622 -0.42260624177635336 0
vn 0.90631339194103622 -0.42260624177635336 0
vn 0.90631339194103622 -0.42260624177635336 0
vn 0.81920373520410372 -0.57350260699289302 0
vn 0.81920373520410372 -0.57350260699289302 0
vn 0.81920373520410372 -0.57350260699289302 0
vn 0.81920373520410372 -0.57350260699289302 0
vn 0.81920373520410372 -0.57350260699289302 0
vn 0.81920373520410372 -0.57350260699289302 0
vn 0.70690674760629435 -0.70730675819526201 0
vn 0.70690674760629435 -0.70730675819526201 0
vn 0.70690674760629435 -0.70730675819526201 0
vn 0.70710678118654757 -0.70710678118654757 0
vn 0.70710678118654757 -0.70710678118654757 0
vn 0.70710678118654757 -0.70710678118654757 0
vn 0.57361668670423349 -0.8191238592145007 0
vn 0.57361668670423349 -0.8191238592145007 0
vn 0.57361668670423349 -0.8191238592145007 0
vn 0.57361668670423349 -0.8191238592145007 0
vn 0.57361668670423349 -0.8191238592145007 0
vn 0.57361668670423349 -0.8191238592145007 0
vn 0.42268836733042764 -0.90627509296214115 0
vn 0.42268836733042764 -0.90627509296214115 0
vn 0.42268836733042764 -0.90627509296214115 0
vn 0.42240363817278581 -0.90640783671501546 0
vn 0.42240363817278581 -0.90640783671501546 0
vn 0.42240363817278581 -0.90640783671501546 0
vn 0.25899432892719226 -0.96587884208297747 0
vn 0.25859611276185884 -0.96598551255474807 -0.00019999699123151389
vn 0.25899432892719226 -0.96587884208297747 0
vn 0.258807730974495 -0.96592885782951599 0
vn 0.25829121691315432 -0.96606710287925746 0
vn 0.258807730974495 -0.96592885782951599 0
vn 0.087298440801354793 -0.99618220333112362 0
vn 0.087298440801354793 -0.99618220333112362 0
vn 0.087298440801354793 -0.99618220333112362 0
vn 0.087000715710615753 -0.99620824904526895 0
vn 0.087000715710615753 -0.99620824904526895 0
vn 0.087000715710615753 -0.99620824904526895 0
vn -0.087000715710615753 -0.99620824904526895 0
vn -0.087000715710615753 -0.99620824904526895 0
vn -0.087000715710615753 -0.99620824904526895 0
vn -0.087298440801354793 -0.99618220333112362 0
vn -0.087298440801354793 -0.99618220333112362 0
vn -0.087298440801354793 -0.99618220333112362 0
vn -0.25868944120192428 -0.96596054423078581 0
vn -0.25899432374753306 -0.96587882276624859 -0.00019999560916370604
vn -0.25868944120192428 -0.96596054423078581 0
vn -0.25899432892719226 -0.96587884208297747 0
vn -0.25929920237662857 -0.96579704060783089 0
vn -0.25899432892719226 -0.96587884208297747 0
vn -0.42248580482338161 -0.90636954092838951 0
vn -0.42248580482338161 -0.90636954092838951 0
vn -0.42248580482338161 -0.90636954092838951 0
vn -0.42268836733042764 -0.90627509296214115 0
vn -0.42268836733042764 -0.90627509296214115 0
vn -0.42268836733042764 -0.90627509296214115 0
vn -0.57350260699289302 -0.81920373520410372 0
vn -0.57350260699289302 -0.81920373520410372 0
vn -0.57350260699289302 -0.81920373520410372 0
vn -0.57350260699289302 -0.81920373520410372 0
vn -0.57350260699289302 -0.81920373520410372 0
vn -0.57350260699289302 -0.81920373520410372 0
vn -0.70710678118654757 -0.70710678118654757 0
vn -0.70710678118654757 -0.70710678118654757 0
vn -0.70710678118654757 -0.70710678118654757 0
vn -0.70690674760629435 -0.70730675819526201 0
vn -0.70690674760629435 -0.70730675819526201 0
vn -0.70690674760629435 -0.70730675819526201 0
vn -0.81915674559068619 -0.5735697221378373 0
vn -0.81915674559068619 -0.5735697221378373 0
vn -0.81915674559068619 -0.5735697221378373 0
vn -0.81915674559068619 -0.5735697221378373 0
vn -0.81915674559068619 -0.5735697221378373 0
vn -0.81915674559068619 -0.5735697221378373 0
vn -0.90640783671501546 -0.42240363817278581 0
vn -0.90640783671501546 -0.42240363817278581 0
vn -0.90640783671501546 -0.42240363817278581 0
vn -0.90640783671501546 -0.42240363817278581 0
vn -0.90640783671501546 -0.42240363817278581 0
vn -0.90640783671501546 -0.42240363817278581 0
vn -0.96590385754116348 -0.25890101967180396 0
vn -0.96590385754116348 -0.25890101967180396 0
vn -0.96590385754116348 -0.25890101967180396 0
vn -0.96590385754116348 -0.25890101967180396 0
vn -0.96590385754116348 -0.25890101967180396 0
vn -0.96590385754116348 -0.25890101967180396 0
vn -0.99619957687588612 -0.087099960001744497 0
vn -0.99619957687588612 -0.087099960001744497 0
vn -0.99619957687588612 -0.087099960001744497 0
vn -0.99619957687588612 -0.087099960001744497 0
vn -0.99619957687588612 -0.087099960001744497 0
vn -0.99619957687588612 -0.087099960001744497 0
vn -0.99619957687588612 0.087099960001744497 0
vn -0.99619957687588612 0.087099960001744497 0
vn -0.99619957687588612 0.087099960001744497 0
vn -0.99619957687588612 0.087099960001744497 0
vn -0.99619957687588612 0.087099960001744497 0
vn -0.99619957687588612 0.087099960001744497 0
vn -0.96592885782951599 0.258807730974495 0
vn -0.96592885782951599 0.258807730974495 0
vn -0.96592885782951599 0.258807730974495 0
vn -0.96590385754116348 0.25890101967180396 0
vn -0.96590385754116348 0.25890101967180396 0
vn -0.96590385754116348 0.25890101967180396 0
vn -0.90635168671370392 0.42252410581080924 0
vn -0.90635168671370392 0.42252410581080924 0
vn -0.90635168671370392 0.42252410581080924 0
vn -0.90640783671501546 0.42240363817278581 0
vn -0.90640783671501546 0.42240363817278581 0
vn -0.90640783671501546 0.42240363817278581 0
vn -0.81915674559068619 0.5735697221378373 0
vn -0.81915674559068619 0.5735697221378373 0
vn -0.81915674559068619 0.5735697221378373 0
vn -0.81907686368611887 0.57368379040557804 0
vn -0.81907686368611887 0.57368379040557804 0
vn -0.81907686368611887 0.57368379040557804 0
vn -0.70710678118654757 0.70710678118654757 0
vn -0.70710678118654757 0.70710678118654757 0
vn -0.70710678118654757 0.70710678118654757 0
vn -0.70690674760629435 0.70730675819526201 0
vn -0.70690674760629435 0.70730675819526201 0
vn -0.70690674760629435 0.70730675819526201 0
vn -0.57373078889176155 0.8190439438013305 0
vn -0.57373078889176155 0.8190439438013305 0
vn -0.57373078889176155 0.8190439438013305 0
vn -0.57373078889176155 0.8190439438013305 0
vn -0.57373078889176155 0.8190439438013305 0
vn -0.57373078889176155 0.8190439438013305 0
vn -0.42248580482338161 0.90636954092838951 0
vn -0.42248580482338161 0.90636954092838951 0
vn -0.42248580482338161 0.90636954092838951 0
vn -0.42268836733042764 0.90627509296214115 0
vn -0.42268836733042764 0.90627509296214115 0
vn -0.42268836733042764 0.90627509296214115 0
vn -0.25868944120192428 0.96596054423078581 0
vn -0.25868944120192428 0.96596054423078581 0
vn -0.25868944120192428 0.96596054423078581 0
vn -0.25868944120192428 0.96596054423078581 0
vn -0.25868944120192428 0.96596054423078581 0
vn -0.25868944120192428 0.96596054423078581 0
vn -0.087000715710615753 0.99620824904526895 0
vn -0.087000715710615753 0.99620824904526895 0
vn -0.087000715710615753 0.99620824904526895 0
vn -0.087298440801354793 0.99618220333112362 0
vn -0.087298440801354793 0.99618220333112362 0
vn -0.087298440801354793 0.99618220333112362 0
vn 0.087298440801354793 0.99618220333112362 0
vn 0.087298440801354793 0.99618220333112362 0
vn 0.087298440801354793 0.99618220333112362 0
vn 0.087000715710615753 0.99620824904526895 0
vn 0.087000715710615753 0.99620824904526895 0
vn 0.087000715710615753 0.99620824904526895 0
vn 0.258807730974495 0.96592885782951599 0
vn 0.258807730974495 0.96592885782951599 0
vn 0.258807730974495 0.96592885782951599 0
vn 0.258807730974495 0.96592885782951599 0
vn 0.258807730974495 0.96592885782951599 0
vn 0.258807730974495 0.96592885782951599 0
vn 0.42268836733042764 0.90627509296214115 0
vn 0.42268836733042764 0.90627509296214115 0
vn 0.42268836733042764 0.90627509296214115 0
vn 0.42240363817278581 0.90640783671501546 0
vn 0.42240363817278581 0.90640783671501546 0
vn 0.42240363817278581 0.90640783671501546 0
vn 0.57373078889176155 0.8190439438013305 0
vn 0.57373078889176155 0.8190439438013305 0
vn 0.57373078889176155 0.8190439438013305 0
vn 0.57373078889176155 0.8190439438013305 0
vn 0.57373078889176155 0.8190439438013305 0
vn 0.57373078889176155 0.8190439438013305 0
vn 0.70700678636827363 0.70720676186615072 0
vn 0.70700678636827363 0.70720676186615072 0
vn 0.70700678636827363 0.70720676186615072 0
vn 0.70710678118654757 0.70710678118654757 0
vn 0.70710678118654757 0.70710678118654757 0
vn 0.70710678118654757 0.70710678118654757 0
vn 0.81907686368611887 0.57368379040557804 0
vn 0.81907686368611887 0.57368379040557804 0
vn 0.81907686368611887 0.57368379040557804 0
vn 0.81915674559068619 0.5735697221378373 0
vn 0.81915674559068619 0.5735697221378373 0
vn 0.81915674559068619 0.5735697221378373 0
vn 0.90636954092838951 0.42248580482338161 0
vn 0.90636954092838951 0.42248580482338161 0
vn 0.90636954092838951 0.42248580482338161 0
vn 0.90631339194103622 0.42260624177635336 0
vn 0.90631339194103622 0.42260624177635336 0
vn 0.90631339194103622 0.42260624177635336 0
vn 0.96590385754116348 0.25890101967180396 0
vn 0.96590385754116348 0.25890101967180396 0
vn 0.96590385754116348 0.25890101967180396 0
vn 0.96592885782951599 0.258807730974495 0
vn 0.96592885782951599 0.258807730974495 0
vn 0.96592885782951599 0.258807730974495 0
vn 0.99619957687588612 0.087099960001744497 0
vn 0.99619957687588612 0.087099960001744497 0
vn 0.99619957687588612 0.087099960001744497 0
vn 0.99619957687588612 0.087099960001744497 0
vn 0.99619957687588612 0.087099960001744497 0
vn 0.99619957687588612 0.087099960001744497 0
vn 0.99619957687588612 -0.087099960001744497 0
vn 0.99619957687588612 -0.087099960001744497 0
vn 0.99619957687588612 -0.087099960001744497 0
vn 0.99619957687588612 -0.087099960001744497 0
vn 0.99619957687588612 -0.087099960001744497 0
vn 0.99619957687588612 -0.087099960001744497 0
vn 0.96590385754116348 -0.25890101967180396 0
vn 0.96590385754116348 -0.25890101967180396 0
vn 0.96590385754116348 -0.25890101967180396 0
vn 0.96590385754116348 -0.25890101967180396 0
vn 0.96590385754116348 -0.25890101967180396 0
vn 0.96590385754116348 -0.25890101967180396 0
vn 0.90636954092838951 -0.42248580482338161 0
vn 0.90636954092838951 -0.42248580482338161 0
vn 0.90636954092838951 -0.42248580482338161 0
vn 0.90636954092838951 -0.42248580482338161 0
vn 0.90636954092838951 -0.42248580482338161 0
vn 0.90636954092838951 -0.42248580482338161 0
vn 0.81915674559068619 -0.5735697221378373 0
vn 0.81915674559068619 -0.5735697221378373 0
vn 0.81915674559068619 -0.5735697221378373 0
vn 0.81915674559068619 -0.5735697221378373 0
vn 0.81915674559068619 -0.5735697221378373 0
vn 0.81915674559068619 -0.5735697221378373 0
vn 0.70700678636827363 -0.70720676186615072 0
vn 0.70700678636827363 -0.70720676186615072 0
vn 0.70700678636827363 -0.70720676186615072 0
vn 0.70710678118654757 -0.70710678118654757 0
vn 0.70710678118654757 -0.70710678118654757 0
vn 0.70710678118654757 -0.70710678118654757 0
vn 0.57350260699289302 -0.81920373520410372 0
vn 0.57350260699289302 -0.81920373520410372 0
vn 0.57350260699289302 -0.81920373520410372 0
vn 0.57350260699289302 -0.81920373520410372 0
vn 0.57350260699289302 -0.81920373520410372 0
vn 0.57350260699289302 -0.81920373520410372 0
vn 0.42268836733042764 -0.90627509296214115 0
vn 0.42268836733042764 -0.90627509296214115 0
vn 0.42268836733042764 -0.90627509296214115 0
vn 0.42240363817278581 -0.90640783671501546 0
vn 0.42240363817278581 -0.90640783671501546 0
vn 0.42240363817278581 -0.90640783671501546 0
vn 0.25899432892719226 -0.96587884208297747 0
vn 0.25899432892719226 -0.96587884208297747 0
vn 0.25939249033311101 -0.96577198963253597 0
vn 0.25899432374753306 -0.96587882276624859 0.00019999560916370604
vn 0.258807730974495 -0.96592885782951599 0
vn 0.258807730974495 -0.96592885782951599 0
vn 0.087298440801354793 -0.99618220333112362 0
vn 0.087298440801354793 -0.99618220333112362 0
vn 0.087298440801354793 -0.99618220333112362 0
vn 0.087000715710615753 -0.99620824904526895 0
vn 0.087000715710615753 -0.99620824904526895 0
vn 0.087000715710615753 -0.99620824904526895 0
vn -0.087000715710615753 -0.99620824904526895 0
vn -0.087000715710615753 -0.99620824904526895 0
vn -0.087000715710615753 -0.99620824904526895 0
vn -0.087298440801354793 -0.99618220333112362 0
vn -0.087298440801354793 -0.99618220333112362 0
vn -0.087298440801354793 -0.99618220333112362 0
vn -0.25890101967180396 -0.96590385754116348 0
vn -0.25890101967180396 -0.96590385754116348 0
vn -0.25890101967180396 -0.96590385754116348 0
vn -0.25890101967180396 -0.96590385754116348 0
vn -0.25890101967180396 -0.96590385754116348 0
vn -0.25890101967180396 -0.96590385754116348 0
vn -0.42260624177635336 -0.90631339194103622 0
vn -0.42260624177635336 -0.90631339194103622 0
vn -0.42260624177635336 -0.90631339194103622 0
vn -0.42268836733042764 -0.90627509296214115 0
vn -0.42268836733042764 -0.90627509296214115 0
vn -0.42268836733042764 -0.90627509296214115 0
vn -0.57350260699289302 -0.81920373520410372 0
vn -0.57350260699289302 -0.81920373520410372 0
vn -0.57350260699289302 -0.81920373520410372 0
vn -0.57350260699289302 -0.81920373520410372 0
vn -0.57350260699289302 -0.81920373520410372 0
vn -0.57350260699289302 -0.81920373520410372 0
vn -0.70710678118654757 -0.70710678118654757 0
vn -0.70710678118654757 -0.70710678118654757 0
vn -0.70710678118654757 -0.70710678118654757 0
vn -0.70710678118654757 -0.70710678118654757 0
vn -0.70710678118654757 -0.70710678118654757 0
vn -0.70710678118654757 -0.70710678118654757 0
vn -0.8191238592145007 -0.57361668670423349 0
vn -0.8191238592145007 -0.57361668670423349 0
vn -0.8191238592145007 -0.57361668670423349 0
vn -0.8191238592145007 -0.57361668670423349 0
vn -0.8191238592145007 -0.57361668670423349 0
vn -0.8191238592145007 -0.57361668670423349 0
vn -0.90631339194103622 -0.42260624177635336 0
vn -0.90631339194103622 -0.42260624177635336 0
vn -0.90631339194103622 -0.42260624177635336 0
vn -0.90631339194103622 -0.42260624177635336 0
vn -0.90631339194103622 -0.42260624177635336 0
vn -0.90631339194103622 -0.42260624177635336 0
vn -0.96592885782951599 -0.258807730974495 0
vn -0.96592885782951599 -0.258807730974495 0
vn -0.96592885782951599 -0.258807730974495 0
vn -0.96592885782951599 -0.258807730974495 0
vn -0.96592885782951599 -0.258807730974495 0
vn -0.96592885782951599 -0.258807730974495 0
vn -0.99619089497091384 -0.087199201699612247 0
vn -0.99619089497091384 -0.087199201699612247 0
vn -0.99619089497091384 -0.087199201699612247 0
vn -0.99619089497091384 -0.087199201699612247 0
vn -0.99619089497091384 -0.087199201699612247 0
vn -0.99619089497091384 -0.087199201699612247 0
vn -0.99619089497091384 0.087199201699612247 0
vn -0.99619089497091384 0.087199201699612247 0
vn -0.99619089497091384 0.087199201699612247 0
vn -0.99619089497091384 0.087199201699612247 0
vn -0.99619089497091384 0.087199201699612247 0
vn -0.99619089497091384 0.087199201699612247 0
vn -0.96592885782951599 0.258807730974495 0
vn -0.96592885782951599 0.258807730974495 0
vn -0.96592885782951599 0.258807730974495 0
vn -0.96592885782951599 0.258807730974495 0
vn -0.96592885782951599 0.258807730974495 0
vn -0.96592885782951599 0.258807730974495 0
vn -0.90631339194103622 0.42260624177635336 0
vn -0.90631339194103622 0.42260624177635336 0
vn -0.90631339194103622 0.42260624177635336 0
vn -0.90627509296214115 0.42268836733042764 0
vn -0.90627509296214115 0.42268836733042764 0
vn -0.90627509296214115 0.42268836733042764 0
vn -0.81920373520410372 0.57350260699289302 0
vn -0.81920373520410372 0.57350260699289302 0
vn -0.81920373520410372 0.57350260699289302 0
vn -0.8191238592145007 0.57361668670423349 0
vn -0.8191238592145007 0.57361668670423349 0
vn -0.8191238592145007 0.57361668670423349 0
vn -0.70710678118654757 0.70710678118654757 0
vn -0.70710678118654757 0.70710678118654757 0
vn -0.70710678118654757 0.70710678118654757 0
vn -0.70700678636827363 0.70720676186615072 0
vn -0.70700678636827363 0.70720676186615072 0
vn -0.70700678636827363 0.70720676186615072 0
vn -0.57361668670423349 0.8191238592145007 0
vn -0.57361668670423349 0.8191238592145007 0
vn -0.57361668670423349 0.8191238592145007 0
vn -0.57350260699289302 0.81920373520410372 0
vn -0.57350260699289302 0.81920373520410372 0
vn -0.57350260699289302 0.81920373520410372 0
vn -0.42268836733042764 0.90627509296214115 0
vn -0.42268836733042764 0.90627509296214115 0
vn -0.42268836733042764 0.90627509296214115 0
vn -0.42260624177635336 0.90631339194103622 0
vn -0.42260624177635336 0.90631339194103622 0
vn -0.42260624177635336 0.90631339194103622 0
vn -0.25871443503449448 0.96595385040113702 0
vn -0.25871443503449448 0.96595385040113702 0
vn -0.25871443503449448 0.96595385040113702 0
vn -0.25890101967180396 0.96590385754116348 0
vn -0.25890101967180396 0.96590385754116348 0
vn -0.25890101967180396 0.96590385754116348 0
vn -0.087099960001744497 0.99619957687588612 0
vn -0.087099960001744497 0.99619957687588612 0
vn -0.087099960001744497 0.99619957687588612 0
vn -0.087298440801354793 0.99618220333112362 0
vn -0.087298440801354793 0.99618220333112362 0
vn -0.087298440801354793 0.99618220333112362 0
vn 0.087298440801354793 0.99618220333112362 0
vn 0.087298440801354793 0.99618220333112362 0
vn 0.087298440801354793 0.99618220333112362 0
vn 0.087099960001744497 0.99619957687588612 0
vn 0.087099960001744497 0.99619957687588612 0
vn 0.087099960001744497 0.99619957687588612 0
vn 0.25890101967180396 0.96590385754116348 0
vn 0.25890101967180396 0.96590385754116348 0
vn 0.25890101967180396 0.96590385754116348 0
vn 0.25868944120192428 0.96596054423078581 0
vn 0.25868944120192428 0.96596054423078581 0
vn 0.25868944120192428 0.96596054423078581 0
vn 0.42260624177635336 0.90631339194103622 0
vn 0.42260624177635336 0.90631339194103622 0
vn 0.42260624177635336 0.90631339194103622 0
vn 0.42268836733042764 0.90627509296214115 0
vn 0.42268836733042764 0.90627509296214115 0
vn 0.42268836733042764 0.90627509296214115 0
vn 0.57350260699289302 0.81920373520410372 0
vn 0.57350260699289302 0.81920373520410372 0
vn 0.57350260699289302 0.81920373520410372 0
vn 0.57361668670423349 0.8191238592145007 0
vn 0.57361668670423349 0.8191238592145007 0
vn 0.57361668670423349 0.8191238592145007 0
vn 0.70705677417667934 0.70715678466014031 0
vn 0.70705677417667934 0.70715678466014031 0
vn 0.70705677417667934 0.70715678466014031 0
vn 0.70710678118654757 0.70710678118654757 0
vn 0.70710678118654757 0.70710678118654757 0
vn 0.70710678118654757 0.70710678118654757 0
vn 0.8191238592145007 0.57361668670423349 0
vn 0.8191238592145007 0.57361668670423349 0
vn 0.8191238592145007 0.57361668670423349 0
vn 0.81920373520410372 0.57350260699289302 0
vn 0.81920373520410372 0.57350260699289302 0
vn 0.81920373520410372 0.57350260699289302 0
vn 0.90627509296214115 0.42268836733042764 0
vn 0.90627509296214115 0.42268836733042764 0
vn 0.90627509296214115 0.42268836733042764 0
vn 0.90631339194103622 0.42260624177635336 0
vn 0.90631339194103622 0.42260624177635336 0
vn 0.90631339194103622 0.42260624177635336 0
vn 0.96592885782951599 0.258807730974495 0
vn 0.96592885782951599 0.258807730974495 0
vn 0.96592885782951599 0.258807730974495 0
vn 0.96592885782951599 0.258807730974495 0
vn 0.96592885782951599 0.258807730974495 0
vn 0.96592885782951599 0.258807730974495 0
vn 0.99619957687588612 0.087099960001744497 0
vn 0.99619957687588612 0.087099960001744497 0
vn 0.99619957687588612 0.087099960001744497 0
vn 0.99620824904526895 0.087000715710615753 0
vn 0.99620824904526895 0.087000715710615753 0
vn 0.99620824904526895 0.087000715710615753 0
vn 0.99619957687588612 -0.087099960001744497 0
vn 0.99619957687588612 -0.087099960001744497 0
vn 0.99619957687588612 -0.087099960001744497 0
vn 0.99619957687588612 -0.087099960001744497 0
vn 0.99619957687588612 -0.087099960001744497 0
vn 0.99619957687588612 -0.087099960001744497 0
vn 0.96592885782951599 -0.258807730974495 0
vn 0.96592885782951599 -0.258807730974495 0
vn 0.96592885782951599 -0.258807730974495 0
vn 0.96592885782951599 -0.258807730974495 0
vn 0.96592885782951599 -0.258807730974495 0
vn 0.96592885782951599 -0.258807730974495 0
vn 0.90631339194103622 -0.42260624177635336 0
vn 0.90631339194103622 -0.42260624177635336 0
vn 0.90631339194103622 -0.42260624177635336 0
vn 0.90631339194103622 -0.42260624177635336 0
vn 0.90631339194103622 -0.42260624177635336 0
vn 0.90631339194103622 -0.42260624177635336 0
vn 0.8191238592145007 -0.57361668670423349 0
vn 0.8191238592145007 -0.57361668670423349 0
vn 0.8191238592145007 -0.57361668670423349 0
vn 0.8191238592145007 -0.57361668670423349 0
vn 0.8191238592145007 -0.57361668670423349 0
vn 0.8191238592145007 -0.57361668670423349 0
vn 0.70710678118654757 -0.70710678118654757 0
vn 0.70710678118654757 -0.70710678118654757 0
vn 0.70710678118654757 -0.70710678118654757 0
vn 0.70710678118654757 -0.70710678118654757 0
vn 0.70710678118654757 -0.70710678118654757 0
vn 0.70710678118654757 -0.70710678118654757 0
vn 0.57350260699289302 -0.81920373520410372 0
vn 0.57350260699289302 -0.81920373520410372 0
vn 0.57350260699289302 -0.81920373520410372 0
vn 0.57350260699289302 -0.81920373520410372 0
vn 0.57350260699289302 -0.81920373520410372 0
vn 0.57350260699289302 -0.81920373520410372 0
vn 0.42268836733042764 -0.90627509296214115 0
vn 0.42268836733042764 -0.90627509296214115 0
vn 0.42268836733042764 -0.90627509296214115 0
vn 0.42260624177635336 -0.90631339194103622 0
vn 0.42260624177635336 -0.90631339194103622 0
vn 0.42260624177635336 -0.90631339194103622 0
vn 0.25890101967180396 -0.96590385754116348 0
vn 0.25890101967180396 -0.96590385754116348 0
vn 0.25890101967180396 -0.96590385754116348 0
vn 0.25890101967180396 -0.96590385754116348 0
vn 0.25890101967180396 -0.96590385754116348 0
vn 0.25890101967180396 -0.96590385754116348 0
vn 0.087298440801354793 -0.99618220333112362 0
vn 0.087298440801354793 -0.99618220333112362 0
vn 0.087298440801354793 -0.99618220333112362 0
vn 0.087000715710615753 -0.99620824904526895 0
vn 0.087000715710615753 -0.99620824904526895 0
vn 0.087000715710615753 -0.99620824904526895 0
vn -0.087000715710615753 -0.99620824904526895 0
vn -0.087000715710615753 -0.99620824904526895 0
vn -0.087000715710615753 -0.99620824904526895 0
vn -0.087298440801354793 -0.99618220333112362 0
vn -0.087298440801354793 -0.99618220333112362 0
vn -0.087298440801354793 -0.99618220333112362 0
vn -0.25890101967180396 -0.96590385754116348 0
vn -0.25890101967180396 -0.96590385754116348 0
vn -0.25890101967180396 -0.96590385754116348 0
vn -0.25890101967180396 -0.96590385754116348 0
vn -0.25890101967180396 -0.96590385754116348 0
vn -0.25890101967180396 -0.96590385754116348 0
vn -0.42260624177635336 -0.90631339194103622 0
vn -0.42260624177635336 -0.90631339194103622 0
vn -0.42260624177635336 -0.90631339194103622 0
vn -0.42268836733042764 -0.90627509296214115 0
vn -0.42268836733042764 -0.90627509296214115 0
vn -0.42268836733042764 -0.90627509296214115 0
vn -0.57350260699289302 -0.81920373520410372 0
vn -0.57350260699289302 -0.81920373520410372 0
vn -0.57350260699289302 -0.81920373520410372 0
vn -0.57350260699289302 -0.81920373520410372 0
vn -0.57350260699289302 -0.81920373520410372 0
vn -0.57350260699289302 -0.81920373520410372 0
vn -0.70710678118654757 -0.70710678118654757 0
vn -0.70710678118654757 -0.70710678118654757 0
vn -0.70710678118654757 -0.70710678118654757 0
vn -0.70710678118654757 -0.70710678118654757 0
vn -0.70710678118654757 -0.70710678118654757 0
vn -0.70710678118654757 -0.70710678118654757 0
vn -0.8191238592145007 -0.57361668670423349 0
vn -0.8191238592145007 -0.57361668670423349 0
vn -0.8191238592145007 -0.57361668670423349 0
vn -0.8191238592145007 -0.57361668670423349 0
vn -0.8191238592145007 -0.57361668670423349 0
vn -0.8191238592145007 -0.57361668670423349 0
vn -0.90631339194103622 -0.42260624177635336 0
vn -0.90631339194103622 -0.42260624177635336 0
vn -0.90631339194103622 -0.42260624177635336 0
vn -0.90631339194103622 -0.42260624177635336 0
vn -0.90631339194103622 -0.42260624177635336 0
vn -0.90631339194103622 -0.42260624177635336 0
vn -0.96592885782951599 -0.258807730974495 0
vn -0.96592885782951599 -0.258807730974495 0
vn -0.96592885782951599 -0.258807730974495 0
vn -0.96592885782951599 -0.258807730974495 0
vn -0.96592885782951599 -0.258807730974495 0
vn -0.96592885782951599 -0.258807730974495 0
vn -0.99619957687588612 -0.087099960001744497 0
vn -0.99619957687588612 -0.087099960001744497 0
vn -0.99619957687588612 -0.087099960001744497 0
vn -0.99619957687588612 -0.087099960001744497 0
vn -0.99619957687588612 -0.087099960001744497 0
vn -0.99619957687588612 -0.087099960001744497 0
vn -0.99619957687588612 0.087099960001744497 0
vn -0.99619957687588612 0.087099960001744497 0
vn -0.99619957687588612 0.087099960001744497 0
vn -0.99619957687588612 0.087099960001744497 0
vn -0.99619957687588612 0.087099960001744497 0
vn -0.99619957687588612 0.087099960001744497 0
vn -0.96592885782951599 0.258807730974495 0
vn -0.96592885782951599 0.258807730974495 0
vn -0.96592885782951599 0.258807730974495 0
vn -0.96592885782951599 0.258807730974495 0
vn -0.96592885782951599 0.258807730974495 0
vn -0.96592885782951599 0.258807730974495 0
vn -0.90631339194103622 0.42260624177635336 0
vn -0.90631339194103622 0.42260624177635336 0
vn -0.90631339194103622 0.42260624177635336 0
vn -0.90627509296214115 0.42268836733042764 0
vn -0.90627509296214115 0.42268836733042764 0
vn -0.90627509296214115 0.42268836733042764 0
vn -0.81920373520410372 0.57350260699289302 0
vn -0.81920373520410372 0.57350260699289302 0
vn -0.81920373520410372 0.57350260699289302 0
vn -0.8191238592145007 0.57361668670423349 0
vn -0.8191238592145007 0.57361668670423349 0
vn -0.8191238592145007 0.57361668670423349 0
vn -0.70710678118654757 0.70710678118654757 0
vn -0.70710678118654757 0.70710678118654757 0
vn -0.70710678118654757 0.70710678118654757 0
vn -0.70705677417667934 0.70715678466014031 0
vn -0.70705677417667934 0.70715678466014031 0
vn -0.70705677417667934 0.70715678466014031 0
vn -0.57361668670423349 0.8191238592145007 0
vn -0.57361668670423349 0.8191238592145007 0
vn -0.57361668670423349 0.8191238592145007 0
vn -0.57350260699289302 0.81920373520410372 0
vn -0.57350260699289302 0.81920373520410372 0
vn -0.57350260699289302 0.81920373520410372 0
vn -0.42268836733042764 0.90627509296214115 0
vn -0.42268836733042764 0.90627509296214115 0
vn -0.42268836733042764 0.90627509296214115 0
vn -0.42260624177635336 0.90631339194103622 0
vn -0.42260624177635336 0.90631339194103622 0
vn -0.42260624177635336 0.90631339194103622 0
vn -0.25871443503449448 0.96595385040113702 0
vn -0.25871443503449448 0.96595385040113702 0
vn -0.25871443503449448 0.96595385040113702 0
vn -0.25890101967180396 0.96590385754116348 0
vn -0.25890101967180396 0.96590385754116348 0
vn -0.25890101967180396 0.96590385754116348 0
vn -0.087099960001744497 0.99619957687588612 0
vn -0.087099960001744497 0.99619957687588612 0
vn -0.087099960001744497 0.99619957687588612 0
vn -0.087298440801354793 0.99618220333112362 0
vn -0.087298440801354793 0.99618220333112362 0
vn -0.087298440801354793 0.99618220333112362 0
vn 0.087298440801354793 0.99618220333112362 0
vn 0.087298440801354793 0.99618220333112362 0
vn 0.087298440801354793 0.99618220333112362 0
vn 0.087099960001744497 0.99619957687588612 0
vn 0.087099960001744497 0.99619957687588612 0
vn 0.087099960001744497 0.99619957687588612 0
vn 0.25890101967180396 0.96590385754116348 0
vn 0.25890101967180396 0.96590385754116348 0
vn 0.25890101967180396 0.96590385754116348 0
vn 0.25868944120192428 0.96596054423078581 0
vn 0.25868944120192428 0.96596054423078581 0
vn 0.25868944120192428 0.96596054423078581 0
vn 0.42260624177635336 0.90631339194103622 0
vn 0.42260624177635336 0.90631339194103622 0
vn 0.42260624177635336 0.90631339194103622 0
vn 0.42268836733042764 0.90627509296214115 0
vn 0.42268836733042764 0.90627509296214115 0
vn 0.42268836733042764 0.90627509296214115 0
vn 0.57350260699289302 0.81920373520410372 0
vn 0.57350260699289302 0.81920373520410372 0
vn 0.57350260699289302 0.81920373520410372 0
vn 0.57361668670423349 0.8191238592145007 0
vn 0.57361668670423349 0.8191238592145007 0
vn 0.57361668670423349 0.8191238592145007 0
vn 0.70705677417667934 0.70715678466014031 0
vn 0.70705677417667934 0.70715678466014031 0
vn 0.70705677417667934 0.70715678466014031 0
vn 0.70710678118654757 0.70710678118654757 0
vn 0.70710678118654757 0.70710678118654757 0
vn 0.70710678118654757 0.70710678118654757 0
vn 0.8191238592145007 0.57361668670423349 0
vn 0.8191238592145007 0.57361668670423349 0
vn 0.8191238592145007 0.57361668670423349 0
vn 0.81915674559068619 0.5735697221378373 0
vn 0.81915674559068619 0.5735697221378373 0
vn 0.81915674559068619 0.5735697221378373 0
vn 0.90627509296214115 0.42268836733042764 0
vn 0.90627509296214115 0.42268836733042764 0
vn 0.90627509296214115 0.42268836733042764 0
vn 0.90631339194103622 0.42260624177635336 0
vn 0.90631339194103622 0.42260624177635336 0
vn 0.90631339194103622 0.42260624177635336 0
vn 0.96592885782951599 0.258807730974495 0
vn 0.96592885782951599 0.258807730974495 0
vn 0.96592885782951599 0.258807730974495 0
vn 0.96592885782951599 0.258807730974495 0
vn 0.96592885782951599 0.258807730974495 0
vn 0.96592885782951599 0.258807730974495 0
vn 0.99619957687588612 0.087099960001744497 0
vn 0.99619957687588612 0.087099960001744497 0
vn 0.99619957687588612 0.087099960001744497 0
vn 0.99619957687588612 0.087099960001744497 0
vn 0.99619957687588612 0.087099960001744497 0
vn 0.99619957687588612 0.087099960001744497 0
vn 0.99619957687588612 -0.087099960001744497 0
vn 0.99619957687588612 -0.087099960001744497 0
vn 0.99619957687588612 -0.087099960001744497 0
vn 0.99619957687588612 -0.087099960001744497 0
vn 0.99619957687588612 -0.087099960001744497 0
vn 0.99619957687588612 -0.087099960001744497 0
vn 0.96592885782951599 -0.258807730974495 0
vn 0.96592885782951599 -0.258807730974495 0
vn 0.96592885782951599 -0.258807730974495 0
vn 0.96592885782951599 -0.258807730974495 0
vn 0.96592885782951599 -0.258807730974495 0
vn 0.96592885782951599 -0.258807730974495 0
vn 0.90631339194103622 -0.42260624177635336 0
vn 0.90631339194103622 -0.42260624177635336 0
vn 0.90631339194103622 -0.42260624177635336 0
vn 0.90631339194103622 -0.42260624177635336 0
vn 0.90631339194103622 -0.42260624177635336 0
vn 0.90631339194103622 -0.42260624177635336 0
vn 0.8191238592145007 -0.57361668670423349 0
vn 0.8191238592145007 -0.57361668670423349 0
vn 0.8191238592145007 -0.57361668670423349 0
vn 0.8191238592145007 -0.57361668670423349 0
vn 0.8191238592145007 -0.57361668670423349 0
vn 0.8191238592145007 -0.57361668670423349 0
vn 0.70710678118654757 -0.70710678118654757 0
vn 0.70710678118654757 -0.70710678118654757 0
vn 0.70710678118654757 -0.70710678118654757 0
vn 0.70710678118654757 -0.70710678118654757 0
vn 0.70710678118654757 -0.70710678118654757 0
vn 0.70710678118654757 -0.70710678118654757 0
vn 0.57350260699289302 -0.81920373520410372 0
vn 0.57350260699289302 -0.81920373520410372 0
vn 0.57350260699289302 -0.81920373520410372 0
vn 0.57350260699289302 -0.81920373520410372 0
vn 0.57350260699289302 -0.81920373520410372 0
vn 0.57350260699289302 -0.81920373520410372 0
vn 0.42268836733042764 -0.90627509296214115 0
vn 0.42268836733042764 -0.90627509296214115 0
vn 0.42268836733042764 -0.90627509296214115 0
vn 0.42260624177635336 -0.90631339194103622 0
vn 0.42260624177635336 -0.90631339194103622 0
vn 0.42260624177635336 -0.90631339194103622 0
vn 0.25890101967180396 -0.96590385754116348 0
vn 0.25890101967180396 -0.96590385754116348 0
vn 0.25890101967180396 -0.96590385754116348 0
vn 0.25890101967180396 -0.96590385754116348 0
vn 0.25890101967180396 -0.96590385754116348 0
vn 0.25890101967180396 -0.96590385754116348 0
vn 0.087298440801354793 -0.99618220333112362 0
vn 0.087298440801354793 -0.99618220333112362 0
vn 0.087298440801354793 -0.99618220333112362 0
vn 0.087000715710615753 -0.99620824904526895 0
vn 0.087000715710615753 -0.99620824904526895 0
vn 0.087000715710615753 -0.99620824904526895 0
vn -0.087099960001744497 -0.99619957687588612 0
vn -0.087099960001744497 -0.99619957687588612 0
vn -0.087099960001744497 -0.99619957687588612 0
vn -0.087199201699612247 -0.99619089497091384 0
vn -0.087199201699612247 -0.99619089497091384 0
vn -0.087199201699612247 -0.99619089497091384 0
vn -0.25890101967180396 -0.96590385754116348 0
vn -0.25890101967180396 -0.96590385754116348 0
vn -0.25890101967180396 -0.96590385754116348 0
vn -0.25868944120192428 -0.96596054423078581 0
vn -0.25868944120192428 -0.96596054423078581 0
vn -0.25868944120192428 -0.96596054423078581 0
vn -0.42268836733042764 -0.90627509296214115 0
vn -0.42268836733042764 -0.90627509296214115 0
vn -0.42268836733042764 -0.90627509296214115 0
vn -0.42260624177635336 -0.90631339194103622 0
vn -0.42260624177635336 -0.90631339194103622 0
vn -0.42260624177635336 -0.90631339194103622 0
vn -0.57350260699289302 -0.81920373520410372 0
vn -0.57350260699289302 -0.81920373520410372 0
vn -0.57350260699289302 -0.81920373520410372 0
vn -0.57379788114573682 -0.81899694235855536 0
vn -0.57379788114573682 -0.81899694235855536 0
vn -0.57379788114573682 -0.81899694235855536 0
vn -0.57361668670423349 -0.8191238592145007 0
vn -0.57361668670423349 -0.8191238592145007 0
vn -0.57391192637386856 -0.8189170292317991 0
vn -0.57391190054675634 -0.81891699237899807 -0.00030000624330721022
vn -0.57386492187647298 -0.81894996882575755 0
vn -0.57386492187647298 -0.81894996882575755 0
vn -0.70700678636827363 -0.70720676186615072 0
vn -0.70700678636827363 -0.70720676186615072 0
vn -0.70700678636827363 -0.70720676186615072 0
vn -0.70695677936426282 -0.7072567511950022 0
vn -0.70695677936426282 -0.7072567511950022 0
vn -0.70695677936426282 -0.7072567511950022 0
vn -0.81920373520410372 -0.57350260699289302 0
vn -0.81920373520410372 -0.57350260699289302 0
vn -0.81920373520410372 -0.57350260699289302 0
vn -0.81920373520410372 -0.57350260699289302 0
vn -0.81920373520410372 -0.57350260699289302 0
vn -0.81920373520410372 -0.57350260699289302 0
vn -0.90631339194103622 -0.42260624177635336 0
vn -0.90631339194103622 -0.42260624177635336 0
vn -0.90631339194103622 -0.42260624177635336 0
vn -0.90636954092838951 -0.42248580482338161 0
vn -0.90636954092838951 -0.42248580482338161 0
vn -0.90636954092838951 -0.42248580482338161 0
vn -0.96590385754116348 -0.25890101967180396 0
vn -0.96590385754116348 -0.25890101967180396 0
vn -0.96590385754116348 -0.25890101967180396 0
vn -0.96590385754116348 -0.25890101967180396 0
vn -0.96590385754116348 -0.25890101967180396 0
vn -0.96590385754116348 -0.25890101967180396 0
vn -0.99619089497091384 -0.087199201699612247 0
vn -0.99619089497091384 -0.087199201699612247 0
vn -0.99619089497091384 -0.087199201699612247 0
vn -0.99619089497091384 -0.087199201699612247 0
vn -0.99619089497091384 -0.087199201699612247 0
vn -0.99619089497091384 -0.087199201699612247 0
vn -0.99619089497091384 0.087199201699612247 0
vn -0.99619089497091384 0.087199201699612247 0
vn -0.99619089497091384 0.087199201699612247 0
vn -0.99619089497091384 0.087199201699612247 0
vn -0.99619089497091384 0.087199201699612247 0
vn -0.99619089497091384 0.087199201699612247 0
vn -0.96590385754116348 0.25890101967180396 0
vn -0.96590385754116348 0.25890101967180396 0
vn -0.96590385754116348 0.25890101967180396 0
vn -0.96590385754116348 0.25890101967180396 0
vn -0.96590385754116348 0.25890101967180396 0
vn -0.96590385754116348 0.25890101967180396 0
vn -0.90636954092838951 0.42248580482338161 0
vn -0.90636954092838951 0.42248580482338161 0
vn -0.90636954092838951 0.42248580482338161 0
vn -0.90636954092838951 0.42248580482338161 0
vn -0.90636954092838951 0.42248580482338161 0
vn -0.90636954092838951 0.42248580482338161 0
vn -0.81920373520410372 0.57350260699289302 0
vn -0.81920373520410372 0.57350260699289302 0
vn -0.81920373520410372 0.57350260699289302 0
vn -0.81920373520410372 0.57350260699289302 0
vn -0.81920373520410372 0.57350260699289302 0
vn -0.81920373520410372 0.57350260699289302 0
vn -0.70700678636827363 0.70720676186615072 0
vn -0.70700678636827363 0.70720676186615072 0
vn -0.70700678636827363 0.70720676186615072 0
vn -0.70700678636827363 0.70720676186615072 0
vn -0.70700678636827363 0.70720676186615072 0
vn -0.70700678636827363 0.70720676186615072 0
vn -0.57361668670423349 0.8191238592145007 0
vn -0.57361666088997942 0.81912382235178072 0.00030000873114690977
vn -0.57361668670423349 0.8191238592145007 0
vn -0.57361668670423349 0.8191238592145007 0
vn -0.57391192637386856 0.8189170292317991 0
vn -0.57361668670423349 0.8191238592145007 0
vn -0.57350260699289302 0.81920373520410372 0
vn -0.57350260699289302 0.81920373520410372 0
vn -0.57350260699289302 0.81920373520410372 0
vn -0.57361668670423349 0.8191238592145007 0
vn -0.57361668670423349 0.8191238592145007 0
vn -0.57361668670423349 0.8191238592145007 0
vn -0.42268836733042764 0.90627509296214115 0
vn -0.42268836733042764 0.90627509296214115 0
vn -0.42268836733042764 0.90627509296214115 0
vn -0.42268836733042764 0.90627509296214115 0
vn -0.42268836733042764 0.90627509296214115 0
vn -0.42268836733042764 0.90627509296214115 0
vn -0.25859611793362564 0.96598553187387759 0
vn -0.25859611793362564 0.96598553187387759 0
vn -0.25859611793362564 0.96598553187387759 0
vn -0.25890101967180396 0.96590385754116348 0
vn -0.25890101967180396 0.96590385754116348 0
vn -0.25890101967180396 0.96590385754116348 0
vn -0.087397669910634648 0.99617350260594251 0
vn -0.087397669910634648 0.99617350260594251 0
vn -0.087397669910634648 0.99617350260594251 0
vn -0.087199201699612247 0.99619089497091384 0
vn -0.087199201699612247 0.99619089497091384 0
vn -0.087199201699612247 0.99619089497091384 0
vn 0.087199201699612247 0.99619089497091384 0
vn 0.087199201699612247 0.99619089497091384 0
vn 0.087199201699612247 0.99619089497091384 0
vn 0.087397669910634648 0.99617350260594251 0
vn 0.087397669910634648 0.99617350260594251 0
vn 0.087397669910634648 0.99617350260594251 0
vn 0.258807730974495 0.96592885782951599 0
vn 0.258807730974495 0.96592885782951599 0
vn 0.258807730974495 0.96592885782951599 0
vn 0.25859611793362564 0.96598553187387759 0
vn 0.25859611793362564 0.96598553187387759 0
vn 0.25859611793362564 0.96598553187387759 0
vn 0.42268836733042764 0.90627509296214115 0
vn 0.42268836733042764 0.90627509296214115 0
vn 0.42268836733042764 0.90627509296214115 0
vn 0.42268836733042764 0.90627509296214115 0
vn 0.42268836733042764 0.90627509296214115 0
vn 0.42268836733042764 0.90627509296214115 0
vn 0.5735697221378373 0.81915674559068619 0
vn 0.5735697221378373 0.81915674559068619 0
vn 0.5735697221378373 0.81915674559068619 0
vn 0.57350260699289302 0.81920373520410372 0
vn 0.57350260699289302 0.81920373520410372 0
vn 0.57350260699289302 0.81920373520410372 0
vn 0.70720676186615072 0.70700678636827363 0
vn 0.70720676186615072 0.70700678636827363 0
vn 0.70720676186615072 0.70700678636827363 0
vn 0.70720676186615072 0.70700678636827363 0
vn 0.70720676186615072 0.70700678636827363 0
vn 0.70720676186615072 0.70700678636827363 0
vn 0.8191238592145007 0.57361668670423349 0
vn 0.8191238592145007 0.57361668670423349 0
vn 0.8191238592145007 0.57361668670423349 0
vn 0.8191238592145007 0.57361668670423349 0
vn 0.8191238592145007 0.57361668670423349 0
vn 0.8191238592145007 0.57361668670423349 0
vn 0.90631339194103622 0.42260624177635336 0
vn 0.90631339194103622 0.42260624177635336 0
vn 0.90631339194103622 0.42260624177635336 0
vn 0.90631339194103622 0.42260624177635336 0
vn 0.90631339194103622 0.42260624177635336 0
vn 0.90631339194103622 0.42260624177635336 0
vn 0.96587884208297747 0.25899432892719226 0
vn 0.96587884208297747 0.25899432892719226 0
vn 0.96587884208297747 0.25899432892719226 0
vn 0.96587884208297747 0.25899432892719226 0
vn 0.96587884208297747 0.25899432892719226 0
vn 0.96587884208297747 0.25899432892719226 0
vn 0.99620824904526895 0.087000715710615753 0
vn 0.99620824904526895 0.087000715710615753 0
vn 0.99620824904526895 0.087000715710615753 0
vn 0.99620824904526895 0.087000715710615753 0
vn 0.99620824904526895 0.087000715710615753 0
vn 0.99620824904526895 0.087000715710615753 0
vn 0.99620824904526895 -0.087000715710615753 0
vn 0.99620824904526895 -0.087000715710615753 0
vn 0.99620824904526895 -0.087000715710615753 0
vn 0.99620824904526895 -0.087000715710615753 0
vn 0.99620824904526895 -0.087000715710615753 0
vn 0.99620824904526895 -0.087000715710615753 0
vn 0.96587884208297747 -0.25899432892719226 0
vn 0.96587884208297747 -0.25899432892719226 0
vn 0.96587884208297747 -0.25899432892719226 0
vn 0.96587884208297747 -0.25899432892719226 0
vn 0.96587884208297747 -0.25899432892719226 0
vn 0.96587884208297747 -0.25899432892719226 0
vn 0.90631339194103622 -0.42260624177635336 0
vn 0.90631339194103622 -0.42260624177635336 0
vn 0.90631339194103622 -0.42260624177635336 0
vn 0.90631339194103622 -0.42260624177635336 0
vn 0.90631339194103622 -0.42260624177635336 0
vn 0.90631339194103622 -0.42260624177635336 0
vn 0.8191238592145007 -0.57361668670423349 0
vn 0.8191238592145007 -0.57361668670423349 0
vn 0.8191238592145007 -0.57361668670423349 0
vn 0.8191238592145007 -0.57361668670423349 0
vn 0.8191238592145007 -0.57361668670423349 0
vn 0.8191238592145007 -0.57361668670423349 0
vn 0.70710678118654757 -0.70710678118654757 0
vn 0.70710678118654757 -0.70710678118654757 0
vn 0.70710678118654757 -0.70710678118654757 0
vn 0.70720676186615072 -0.70700678636827363 0
vn 0.70720676186615072 -0.70700678636827363 0
vn 0.70720676186615072 -0.70700678636827363 0
vn 0.5735697221378373 -0.81915674559068619 0
vn 0.5735697221378373 -0.81915674559068619 0
vn 0.5735697221378373 -0.81915674559068619 0
vn 0.57368379040557804 -0.81907686368611887 0
vn 0.57368379040557804 -0.81907686368611887 0
vn 0.57368379040557804 -0.81907686368611887 0
vn 0.42260624177635336 -0.90631339194103622 0
vn 0.42260624177635336 -0.90631339194103622 0
vn 0.42260624177635336 -0.90631339194103622 0
vn 0.42268836733042764 -0.90627509296214115 0
vn 0.42268836733042764 -0.90627509296214115 0
vn 0.42268836733042764 -0.90627509296214115 0
vn 0.25868944120192428 -0.96596054423078581 0
vn 0.25868944120192428 -0.96596054423078581 0
vn 0.25868944120192428 -0.96596054423078581 0
vn 0.258807730974495 -0.96592885782951599 0
vn 0.258807730974495 -0.96592885782951599 0
vn 0.258807730974495 -0.96592885782951599 0
vn 0.087199201699612247 -0.99619089497091384 0
vn 0.087199201699612247 -0.99619089497091384 0
vn 0.087199201699612247 -0.99619089497091384 0
vn 0.087099960001744497 -0.99619957687588612 0
vn 0.087099960001744497 -0.99619957687588612 0
vn 0.087099960001744497 -0.99619957687588612 0
vn -0.087099960001744497 -0.99619957687588612 0
vn -0.087099960001744497 -0.99619957687588612 0
vn -0.087099960001744497 -0.99619957687588612 0
vn -0.087397669910634648 -0.99617350260594251 0
vn -0.087397669910634648 -0.99617350260594251 0
vn -0.087397669910634648 -0.99617350260594251 0
vn -0.25890101967180396 -0.96590385754116348 0
vn -0.25890101967180396 -0.96590385754116348 0
vn -0.25890101967180396 -0.96590385754116348 0
vn -0.25868944120192428 -0.96596054423078581 0
vn -0.25868944120192428 -0.96596054423078581 0
vn -0.25868944120192428 -0.96596054423078581 0
vn -0.42268836733042764 -0.90627509296214115 0
vn -0.42268836733042764 -0.90627509296214115 0
vn -0.42268836733042764 -0.90627509296214115 0
vn -0.42260624177635336 -0.90631339194103622 0
vn -0.42260624177635336 -0.90631339194103622 0
vn -0.42260624177635336 -0.90631339194103622 0
vn -0.57379788114573682 -0.81899694235855536 0
vn -0.57379788114573682 -0.81899694235855536 0
vn -0.57379788114573682 -0.81899694235855536 0
vn -0.57350260699289302 -0.81920373520410372 0
vn -0.57350260699289302 -0.81920373520410372 0
vn -0.57350260699289302 -0.81920373520410372 0
vn -0.57386492187647298 -0.81894996882575755 0
vn -0.57386492187647298 -0.81894996882575755 0
vn -0.57386492187647298 -0.81894996882575755 0
vn -0.57361668670423349 -0.8191238592145007 0
vn -0.57361668670423349 -0.8191238592145007 0
vn -0.57361668670423349 -0.8191238592145007 0
vn -0.70695677936426282 -0.7072567511950022 0
vn -0.70695677936426282 -0.7072567511950022 0
vn -0.70695677936426282 -0.7072567511950022 0
vn -0.70710678118654757 -0.70710678118654757 0
vn -0.70710678118654757 -0.70710678118654757 0
vn -0.70710678118654757 -0.70710678118654757 0
vn -0.81915674559068619 -0.5735697221378373 0
vn -0.81915674559068619 -0.5735697221378373 0
vn -0.81915674559068619 -0.5735697221378373 0
vn -0.81915674559068619 -0.5735697221378373 0
vn -0.81915674559068619 -0.5735697221378373 0
vn -0.81915674559068619 -0.5735697221378373 0
vn -0.90636954092838951 -0.42248580482338161 0
vn -0.90636954092838951 -0.42248580482338161 0
vn -0.90636954092838951 -0.42248580482338161 0
vn -0.90636954092838951 -0.42248580482338161 0
vn -0.90636954092838951 -0.42248580482338161 0
vn -0.90636954092838951 -0.42248580482338161 0
vn -0.96590385754116348 -0.25890101967180396 0
vn -0.96590385754116348 -0.25890101967180396 0
vn -0.96590385754116348 -0.25890101967180396 0
vn -0.96590385754116348 -0.25890101967180396 0
vn -0.96590385754116348 -0.25890101967180396 0
vn -0.96590385754116348 -0.25890101967180396 0
vn -0.99619089497091384 -0.087199201699612247 0
vn -0.99619089497091384 -0.087199201699612247 0
vn -0.99619089497091384 -0.087199201699612247 0
vn -0.99619089497091384 -0.087199201699612247 0
vn -0.99619089497091384 -0.087199201699612247 0
vn -0.99619089497091384 -0.087199201699612247 0
vn -0.99619089497091384 0.087199201699612247 0
vn -0.99619089497091384 0.087199201699612247 0
vn -0.99619089497091384 0.087199201699612247 0
vn -0.99619089497091384 0.087199201699612247 0
vn -0.99619089497091384 0.087199201699612247 0
vn -0.99619089497091384 0.087199201699612247 0
vn -0.96590385754116348 0.25890101967180396 0
vn -0.96590385754116348 0.25890101967180396 0
vn -0.96590385754116348 0.25890101967180396 0
vn -0.96590385754116348 0.25890101967180396 0
vn -0.96590385754116348 0.25890101967180396 0
vn -0.96590385754116348 0.25890101967180396 0
vn -0.90636954092838951 0.42248580482338161 0
vn -0.90636954092838951 0.42248580482338161 0
vn -0.90636954092838951 0.42248580482338161 0
vn -0.90636954092838951 0.42248580482338161 0
vn -0.90636954092838951 0.42248580482338161 0
vn -0.90636954092838951 0.42248580482338161 0
vn -0.81920373520410372 0.57350260699289302 0
vn -0.81920373520410372 0.57350260699289302 0
vn -0.81920373520410372 0.57350260699289302 0
vn -0.81920373520410372 0.57350260699289302 0
vn -0.81920373520410372 0.57350260699289302 0
vn -0.81920373520410372 0.57350260699289302 0
vn -0.70700678636827363 0.70720676186615072 0
vn -0.70700678636827363 0.70720676186615072 0
vn -0.70700678636827363 0.70720676186615072 0
vn -0.70695677936426282 0.7072567511950022 0
vn -0.70695677936426282 0.7072567511950022 0
vn -0.70695677936426282 0.7072567511950022 0
vn -0.57361668670423349 0.8191238592145007 0
vn -0.57361668670423349 0.8191238592145007 0
vn -0.57361668670423349 0.8191238592145007 0
vn -0.57386492187647298 0.81894996882575755 0
vn -0.57386492187647298 0.81894996882575755 0
vn -0.57386492187647298 0.81894996882575755 0
vn -0.57350260699289302 0.81920373520410372 0
vn -0.57350260699289302 0.81920373520410372 0
vn -0.57350260699289302 0.81920373520410372 0
vn -0.57361668670423349 0.8191238592145007 0
vn -0.57361668670423349 0.8191238592145007 0
vn -0.57361668670423349 0.8191238592145007 0
vn -0.42260624177635336 0.90631339194103622 0
vn -0.42260624177635336 0.90631339194103622 0
vn -0.42260624177635336 0.90631339194103622 0
vn -0.42268836733042764 0.90627509296214115 0
vn -0.42268836733042764 0.90627509296214115 0
vn -0.42268836733042764 0.90627509296214115 0
vn -0.25890101967180396 0.96590385754116348 0
vn -0.25890101967180396 0.96590385754116348 0
vn -0.25890101967180396 0.96590385754116348 0
vn -0.25890101967180396 0.96590385754116348 0
vn -0.25890101967180396 0.96590385754116348 0
vn -0.25890101967180396 0.96590385754116348 0
vn -0.087199201699612247 0.99619089497091384 0
vn -0.087199201699612247 0.99619089497091384 0
vn -0.087199201699612247 0.99619089497091384 0
vn -0.087099960001744497 0.99619957687588612 0
vn -0.087099960001744497 0.99619957687588612 0
vn -0.087099960001744497 0.99619957687588612 0
vn 0.087099960001744497 0.99619957687588612 0
vn 0.087099960001744497 0.99619957687588612 0
vn 0.087099960001744497 0.99619957687588612 0
vn 0.087199201699612247 0.99619089497091384 0
vn 0.087199201699612247 0.99619089497091384 0
vn 0.087199201699612247 0.99619089497091384 0
vn 0.258807730974495 0.96592885782951599 0
vn 0.258807730974495 0.96592885782951599 0
vn 0.258807730974495 0.96592885782951599 0
vn 0.258807730974495 0.96592885782951599 0
vn 0.258807730974495 0.96592885782951599 0
vn 0.258807730974495 0.96592885782951599 0
vn 0.42268836733042764 0.90627509296214115 0
vn 0.42268836733042764 0.90627509296214115 0
vn 0.42268836733042764 0.90627509296214115 0
vn 0.42260624177635336 0.90631339194103622 0
vn 0.42260624177635336 0.90631339194103622 0
vn 0.42260624177635336 0.90631339194103622 0
vn 0.5735697221378373 0.81915674559068619 0
vn 0.5735697221378373 0.81915674559068619 0
vn 0.5735697221378373 0.81915674559068619 0
vn 0.5735697221378373 0.81915674559068619 0
vn 0.5735697221378373 0.81915674559068619 0
vn 0.5735697221378373 0.81915674559068619 0
vn 0.70710678118654757 0.70710678118654757 0
vn 0.70710678118654757 0.70710678118654757 0
vn 0.70710678118654757 0.70710678118654757 0
vn 0.70720676186615072 0.70700678636827363 0
vn 0.70720676186615072 0.70700678636827363 0
vn 0.70720676186615072 0.70700678636827363 0
vn 0.8191238592145007 0.57361668670423349 0
vn 0.8191238592145007 0.57361668670423349 0
vn 0.8191238592145007 0.57361668670423349 0
vn 0.8191238592145007 0.57361668670423349 0
vn 0.8191238592145007 0.57361668670423349 0
vn 0.8191238592145007 0.57361668670423349 0
vn 0.90631339194103622 0.42260624177635336 0
vn 0.90631339194103622 0.42260624177635336 0
vn 0.90631339194103622 0.42260624177635336 0
vn 0.90631339194103622 0.42260624177635336 0
vn 0.90631339194103622 0.42260624177635336 0
vn 0.90631339194103622 0.42260624177635336 0
vn 0.96587884208297747 0.25899432892719226 0
vn 0.96587884208297747 0.25899432892719226 0
vn 0.96587884208297747 0.25899432892719226 0
vn 0.96587884208297747 0.25899432892719226 0
vn 0.96587884208297747 0.25899432892719226 0
vn 0.96587884208297747 0.25899432892719226 0
vn 0.99620824904526895 0.087000715710615753 0
vn 0.99620824904526895 0.087000715710615753 0
vn 0.99620824904526895 0.087000715710615753 0
vn 0.99620824904526895 0.087000715710615753 0
vn 0.99620824904526895 0.087000715710615753 0
vn 0.99620824904526895 0.087000715710615753 0
vn 0.99620824904526895 -0.087000715710615753 0
vn 0.99620824904526895 -0.087000715710615753 0
vn 0.99620824904526895 -0.087000715710615753 0
vn 0.99620824904526895 -0.087000715710615753 0
vn 0.99620824904526895 -0.087000715710615753 0
vn 0.99620824904526895 -0.087000715710615753 0
vn 0.96587884208297747 -0.25899432892719226 0
vn 0.96587884208297747 -0.25899432892719226 0
vn 0.96587884208297747 -0.25899432892719226 0
vn 0.96587884208297747 -0.25899432892719226 0
vn 0.96587884208297747 -0.25899432892719226 0
vn 0.96587884208297747 -0.25899432892719226 0
vn 0.90631339194103622 -0.42260624177635336 0
vn 0.90631339194103622 -0.42260624177635336 0
vn 0.90631339194103622 -0.42260624177635336 0
vn 0.90631339194103622 -0.42260624177635336 0
vn 0.90631339194103622 -0.42260624177635336 0
vn 0.90631339194103622 -0.42260624177635336 0
vn 0.81907686368611887 -0.57368379040557804 0
vn 0.81907686368611887 -0.57368379040557804 0
vn 0.81907686368611887 -0.57368379040557804 0
vn 0.81907686368611887 -0.57368379040557804 0
vn 0.81907686368611887 -0.57368379040557804 0
vn 0.81907686368611887 -0.57368379040557804 0
vn 0.7072567511950022 -0.70695677936426282 0
vn 0.7072567511950022 -0.70695677936426282 0
vn 0.7072567511950022 -0.70695677936426282 0
vn 0.70710678118654757 -0.70710678118654757 0
vn 0.70710678118654757 -0.70710678118654757 0
vn 0.70710678118654757 -0.70710678118654757 0
vn 0.57368379040557804 -0.81907686368611887 0
vn 0.57368379040557804 -0.81907686368611887 0
vn 0.57368379040557804 -0.81907686368611887 0
vn 0.5735697221378373 -0.81915674559068619 0
vn 0.5735697221378373 -0.81915674559068619 0
vn 0.5735697221378373 -0.81915674559068619 0
vn 0.42260624177635336 -0.90631339194103622 0
vn 0.42260624177635336 -0.90631339194103622 0
vn 0.42260624177635336 -0.90631339194103622 0
vn 0.42268836733042764 -0.90627509296214115 0
vn 0.42268836733042764 -0.90627509296214115 0
vn 0.42268836733042764 -0.90627509296214115 0
vn 0.25868944120192428 -0.96596054423078581 0
vn 0.25868944120192428 -0.96596054423078581 0
vn 0.25868944120192428 -0.96596054423078581 0
vn 0.258807730974495 -0.96592885782951599 0
vn 0.258807730974495 -0.96592885782951599 0
vn 0.258807730974495 -0.96592885782951599 0
vn 0.087397669910634648 -0.99617350260594251 0
vn 0.087397669910634648 -0.99617350260594251 0
vn 0.087397669910634648 -0.99617350260594251 0
vn 0.087099960001744497 -0.99619957687588612 0
vn 0.087099960001744497 -0.99619957687588612 0
vn 0.087099960001744497 -0.99619957687588612 0
vn -0.087099960001744497 -0.99619957687588612 0
vn -0.087099960001744497 -0.99619957687588612 0
vn -0.087099960001744497 -0.99619957687588612 0
vn -0.087397669910634648 -0.99617350260594251 0
vn -0.087397669910634648 -0.99617350260594251 0
vn -0.087397669910634648 -0.99617350260594251 0
vn -0.258807730974495 -0.96592885782951599 0
vn -0.258807730974495 -0.96592885782951599 0
vn -0.258807730974495 -0.96592885782951599 0
vn -0.25868944120192428 -0.96596054423078581 0
vn -0.25868944120192428 -0.96596054423078581 0
vn -0.25868944120192428 -0.96596054423078581 0
vn -0.42268836733042764 -0.90627509296214115 0
vn -0.42268836733042764 -0.90627509296214115 0
vn -0.42268836733042764 -0.90627509296214115 0
vn -0.42260624177635336 -0.90631339194103622 0
vn -0.42260624177635336 -0.90631339194103622 0
vn -0.42260624177635336 -0.90631339194103622 0
vn -0.57361668670423349 -0.8191238592145007 0
vn -0.57361668670423349 -0.8191238592145007 0
vn -0.57361668670423349 -0.8191238592145007 0
vn -0.57368379040557804 -0.81907686368611887 0
vn -0.57368379040557804 -0.81907686368611887 0
vn -0.57368379040557804 -0.81907686368611887 0
vn -0.70705677417667934 -0.70715678466014031 0
vn -0.70705677417667934 -0.70715678466014031 0
vn -0.70705677417667934 -0.70715678466014031 0
vn -0.70720676186615072 -0.70700678636827363 0
vn -0.70720676186615072 -0.70700678636827363 0
vn -0.70720676186615072 -0.70700678636827363 0
vn -0.81907686368611887 -0.57368379040557804 0
vn -0.81907686368611887 -0.57368379040557804 0
vn -0.81907686368611887 -0.57368379040557804 0
vn -0.81907686368611887 -0.57368379040557804 0
vn -0.81907686368611887 -0.57368379040557804 0
vn -0.81907686368611887 -0.57368379040557804 0
vn -0.90631339194103622 -0.42260624177635336 0
vn -0.90631339194103622 -0.42260624177635336 0
vn -0.90631339194103622 -0.42260624177635336 0
vn -0.90631339194103622 -0.42260624177635336 0
vn -0.90631339194103622 -0.42260624177635336 0
vn -0.90631339194103622 -0.42260624177635336 0
vn -0.96592885782951599 -0.258807730974495 0
vn -0.96592885782951599 -0.258807730974495 0
vn -0.96592885782951599 -0.258807730974495 0
vn -0.96590385754116348 -0.25890101967180396 0
vn -0.96590385754116348 -0.25890101967180396 0
vn -0.96590385754116348 -0.25890101967180396 0
vn -0.99619957687588612 -0.087099960001744497 0
vn -0.99619957687588612 -0.087099960001744497 0
vn -0.99619957687588612 -0.087099960001744497 0
vn -0.99619957687588612 -0.087099960001744497 0
vn -0.99619957687588612 -0.087099960001744497 0
vn -0.99619957687588612 -0.087099960001744497 0
vn -0.99619957687588612 0.087099960001744497 0
vn -0.99619957687588612 0.087099960001744497 0
vn -0.99619957687588612 0.087099960001744497 0
vn -0.99619957687588612 0.087099960001744497 0
vn -0.99619957687588612 0.087099960001744497 0
vn -0.99619957687588612 0.087099960001744497 0
vn -0.96592885782951599 0.258807730974495 0
vn -0.96592885782951599 0.258807730974495 0
vn -0.96592885782951599 0.258807730974495 0
vn -0.96590385754116348 0.25890101967180396 0
vn -0.96590385754116348 0.25890101967180396 0
vn -0.96590385754116348 0.25890101967180396 0
vn -0.90631339194103622 0.42260624177635336 0
vn -0.90631339194103622 0.42260624177635336 0
vn -0.90631339194103622 0.42260624177635336 0
vn -0.90631339194103622 0.42260624177635336 0
vn -0.90631339194103622 0.42260624177635336 0
vn -0.90631339194103622 0.42260624177635336 0
vn -0.8191238592145007 0.57361668670423349 0
vn -0.8191238592145007 0.57361668670423349 0
vn -0.8191238592145007 0.57361668670423349 0
vn -0.8191238592145007 0.57361668670423349 0
vn -0.8191238592145007 0.57361668670423349 0
vn -0.8191238592145007 0.57361668670423349 0
vn -0.70710678118654757 0.70710678118654757 0
vn -0.70710678118654757 0.70710678118654757 0
vn -0.70710678118654757 0.70710678118654757 0
vn -0.70705677417667934 0.70715678466014031 0
vn -0.70705677417667934 0.70715678466014031 0
vn -0.70705677417667934 0.70715678466014031 0
vn -0.57361668670423349 0.8191238592145007 0
vn -0.57361668670423349 0.8191238592145007 0
vn -0.57361668670423349 0.8191238592145007 0
vn -0.57361668670423349 0.8191238592145007 0
vn -0.57361668670423349 0.8191238592145007 0
vn -0.57361668670423349 0.8191238592145007 0
vn -0.42260624177635336 0.90631339194103622 0
vn -0.42260624177635336 0.90631339194103622 0
vn -0.42260624177635336 0.90631339194103622 0
vn -0.42268836733042764 0.90627509296214115 0
vn -0.42268836733042764 0.90627509296214115 0
vn -0.42268836733042764 0.90627509296214115 0
vn -0.258807730974495 0.96592885782951599 0
vn -0.258807730974495 0.96592885782951599 0
vn -0.258807730974495 0.96592885782951599 0
vn -0.258807730974495 0.96592885782951599 0
vn -0.258807730974495 0.96592885782951599 0
vn -0.258807730974495 0.96592885782951599 0
vn -0.087199201699612247 0.99619089497091384 0
vn -0.087199201699612247 0.99619089497091384 0
vn -0.087199201699612247 0.99619089497091384 0
vn -0.087099960001744497 0.99619957687588612 0
vn -0.087099960001744497 0.99619957687588612 0
vn -0.087099960001744497 0.99619957687588612 0
vn 0.087099960001744497 0.99619957687588612 0
vn 0.087099960001744497 0.99619957687588612 0
vn 0.087099960001744497 0.99619957687588612 0
vn 0.087199201699612247 0.99619089497091384 0
vn 0.087199201699612247 0.99619089497091384 0
vn 0.087199201699612247 0.99619089497091384 0
vn 0.258807730974495 0.96592885782951599 0
vn 0.258807730974495 0.96592885782951599 0
vn 0.258807730974495 0.96592885782951599 0
vn 0.258807730974495 0.96592885782951599 0
vn 0.258807730974495 0.96592885782951599 0
vn 0.258807730974495 0.96592885782951599 0
vn 0.42268836733042764 0.90627509296214115 0
vn 0.42268836733042764 0.90627509296214115 0
vn 0.42268836733042764 0.90627509296214115 0
vn 0.42260624177635336 0.90631339194103622 0
vn 0.42260624177635336 0.90631339194103622 0
vn 0.42260624177635336 0.90631339194103622 0
vn 0.57361668670423349 0.8191238592145007 0
vn 0.57361668670423349 0.8191238592145007 0
vn 0.57361668670423349 0.8191238592145007 0
vn 0.57361668670423349 0.8191238592145007 0
vn 0.57361668670423349 0.8191238592145007 0
vn 0.57361668670423349 0.8191238592145007 0
vn 0.70710678118654757 0.70710678118654757 0
vn 0.70710678118654757 0.70710678118654757 0
vn 0.70710678118654757 0.70710678118654757 0
vn 0.70715678466014031 0.70705677417667934 0
vn 0.70715678466014031 0.70705677417667934 0
vn 0.70715678466014031 0.70705677417667934 0
vn 0.81907686368611887 0.57368379040557804 0
vn 0.81907686368611887 0.57368379040557804 0
vn 0.81907686368611887 0.57368379040557804 0
vn 0.81907686368611887 0.57368379040557804 0
vn 0.81907686368611887 0.57368379040557804 0
vn 0.81907686368611887 0.57368379040557804 0
vn 0.90636954092838951 0.42248580482338161 0
vn 0.90636954092838951 0.42248580482338161 0
vn 0.90636954092838951 0.42248580482338161 0
vn 0.90636954092838951 0.42248580482338161 0
vn 0.90636954092838951 0.42248580482338161 0
vn 0.90636954092838951 0.42248580482338161 0
vn 0.96590385754116348 0.25890101967180396 0
vn 0.96590385754116348 0.25890101967180396 0
vn 0.96590385754116348 0.25890101967180396 0
vn 0.96590385754116348 0.25890101967180396 0
vn 0.96590385754116348 0.25890101967180396 0
vn 0.96590385754116348 0.25890101967180396 0
vn 0.99619957687588612 0.087099960001744497 0
vn 0.99619957687588612 0.087099960001744497 0
vn 0.99619957687588612 0.087099960001744497 0
vn 0.99619957687588612 0.087099960001744497 0
vn 0.99619957687588612 0.087099960001744497 0
vn 0.99619957687588612 0.087099960001744497 0
vn 0.99619957687588612 -0.087099960001744497 0
vn 0.99619957687588612 -0.087099960001744497 0
vn 0.99619957687588612 -0.087099960001744497 0
vn 0.99619957687588612 -0.087099960001744497 0
vn 0.99619957687588612 -0.087099960001744497 0
vn 0.99619957687588612 -0.087099960001744497 0
vn 0.96590385754116348 -0.25890101967180396 0
vn 0.96590385754116348 -0.25890101967180396 0
vn 0.96590385754116348 -0.25890101967180396 0
vn 0.96590385754116348 -0.25890101967180396 0
vn 0.96590385754116348 -0.25890101967180396 0
vn 0.96590385754116348 -0.25890101967180396 0
vn 0.90636954092838951 -0.42248580482338161 0
vn 0.90636954092838951 -0.42248580482338161 0
vn 0.90636954092838951 -0.42248580482338161 0
vn 0.90636954092838951 -0.42248580482338161 0
vn 0.90636954092838951 -0.42248580482338161 0
vn 0.90636954092838951 -0.42248580482338161 0
vn 0.8190439438013305 -0.57373078889176155 0
vn 0.8190439438013305 -0.57373078889176155 0
vn 0.8190439438013305 -0.57373078889176155 0
vn 0.8190439438013305 -0.57373078889176155 0
vn 0.8190439438013305 -0.57373078889176155 0
vn 0.8190439438013305 -0.57373078889176155 0
vn 0.70720676186615072 -0.70700678636827363 0
vn 0.70720676186615072 -0.70700678636827363 0
vn 0.70720676186615072 -0.70700678636827363 0
vn 0.70710678118654757 -0.70710678118654757 0
vn 0.70710678118654757 -0.70710678118654757 0
vn 0.70710678118654757 -0.70710678118654757 0
vn 0.57368379040557804 -0.81907686368611887 0
vn 0.57368379040557804 -0.81907686368611887 0
vn 0.57368379040557804 -0.81907686368611887 0
vn 0.57361668670423349 -0.8191238592145007 0
vn 0.57361668670423349 -0.8191238592145007 0
vn 0.57361668670423349 -0.8191238592145007 0
vn 0.42260624177635336 -0.90631339194103622 0
vn 0.42260624177635336 -0.90631339194103622 0
vn 0.42260624177635336 -0.90631339194103622 0
vn 0.42268836733042764 -0.90627509296214115 0
vn 0.42268836733042764 -0.90627509296214115 0
vn 0.42268836733042764 -0.90627509296214115 0
vn 0.25868944120192428 -0.96596054423078581 0
vn 0.25868944120192428 -0.96596054423078581 0
vn 0.25868944120192428 -0.96596054423078581 0
vn 0.258807730974495 -0.96592885782951599 0
vn 0.258807730974495 -0.96592885782951599 0
vn 0.258807730974495 -0.96592885782951599 0
vn 0.087397669910634648 -0.99617350260594251 0
vn 0.087397669910634648 -0.99617350260594251 0
vn 0.087397669910634648 -0.99617350260594251 0
vn 0.087099960001744497 -0.99619957687588612 0
vn 0.087099960001744497 -0.99619957687588612 0
vn 0.087099960001744497 -0.99619957687588612 0
vn -0.087199201699612247 -0.99619089497091384 0
vn -0.087199201699612247 -0.99619089497091384 0
vn -0.087199201699612247 -0.99619089497091384 0
vn -0.087099960001744497 -0.99619957687588612 0
vn -0.087099960001744497 -0.99619957687588612 0
vn -0.087099960001744497 -0.99619957687588612 0
vn -0.258807730974495 -0.96592885782951599 0
vn -0.258807730974495 -0.96592885782951599 0
vn -0.258807730974495 -0.96592885782951599 0
vn -0.258807730974495 -0.96592885782951599 0
vn -0.258807730974495 -0.96592885782951599 0
vn -0.258807730974495 -0.96592885782951599 0
vn -0.42260624177635336 -0.90631339194103622 0
vn -0.42260624177635336 -0.90631339194103622 0
vn -0.42301139304507318 -0.90612436307278843 0
vn -0.4226061889490178 -0.90631327864852673 -0.00050000734491835442
vn -0.42260624177635336 -0.90631339194103622 0
vn -0.42260624177635336 -0.90631339194103622 0
vn -0.42621110625003061 -0.90462359183036711 -0.00050001305028394996
vn -0.42617262212978019 -0.90464186070899211 0
vn -0.42617262212978019 -0.90464186070899211 0
vn -0.42130815178616771 -0.9069175493056264 0
vn -0.42130815178616771 -0.9069175493056264 0
vn -0.42130815178616771 -0.9069175493056264 0
vn -0.5735697221378373 -0.81915674559068619 0
vn -0.5735697221378373 -0.81915674559068619 0
vn -0.5735697221378373 -0.81915674559068619 0
vn -0.57361668670423349 -0.8191238592145007 0
vn -0.57361668670423349 -0.8191238592145007 0
vn -0.57361668670423349 -0.8191238592145007 0
vn -0.70710678118654757 -0.70710678118654757 0
vn -0.70710678118654757 -0.70710678118654757 0
vn -0.70710669279650618 -0.70710669279650618 -0.00050000477459135391
vn -0.70710669279650618 -0.70710669279650618 -0.00050000477459135391
vn -0.70710678118654757 -0.70710678118654757 0
vn -0.70710678118654757 -0.70710678118654757 0
vn -0.7093033468927572 -0.7049033707443404 0
vn -0.70960236779119068 -0.70460235567668628 0
vn -0.70960236779119068 -0.70460235567668628 0
vn -0.70770654230618191 -0.70650651092330952 0
vn -0.70770654230618191 -0.70650651092330952 0
vn -0.70770654230618191 -0.70650651092330952 0
vn -0.8191238592145007 -0.57361668670423349 0
vn -0.8191238592145007 -0.57361668670423349 0
vn -0.8191238592145007 -0.57361668670423349 0
vn -0.81915674559068619 -0.5735697221378373 0
vn -0.81915674559068619 -0.5735697221378373 0
vn -0.81915674559068619 -0.5735697221378373 0
vn -0.90631339194103622 -0.42260624177635336 0
vn -0.90631339194103622 -0.42260624177635336 0
vn -0.90631339194103622 -0.42260624177635336 0
vn -0.90631339194103622 -0.42260624177635336 0
vn -0.90631339194103622 -0.42260624177635336 0
vn -0.90631339194103622 -0.42260624177635336 0
vn -0.96592885782951599 -0.258807730974495 0
vn -0.96592885782951599 -0.258807730974495 0
vn -0.96592885782951599 -0.258807730974495 0
vn -0.96590385754116348 -0.25890101967180396 0
vn -0.96590385754116348 -0.25890101967180396 0
vn -0.96590385754116348 -0.25890101967180396 0
vn -0.99619957687588612 -0.087099960001744497 0
vn -0.99619957687588612 -0.087099960001744497 0
vn -0.99619957687588612 -0.087099960001744497 0
vn -0.99619957687588612 -0.087099960001744497 0
vn -0.99619957687588612 -0.087099960001744497 0
vn -0.99619957687588612 -0.087099960001744497 0
vn -0.99619957687588612 0.087099960001744497 0
vn -0.99619957687588612 0.087099960001744497 0
vn -0.99619957687588612 0.087099960001744497 0
vn -0.99619957687588612 0.087099960001744497 0
vn -0.99619957687588612 0.087099960001744497 0
vn -0.99619957687588612 0.087099960001744497 0
vn -0.96592885782951599 0.258807730974495 0
vn -0.96592885782951599 0.258807730974495 0
vn -0.96592885782951599 0.258807730974495 0
vn -0.96592885782951599 0.258807730974495 0
vn -0.96592885782951599 0.258807730974495 0
vn -0.96592885782951599 0.258807730974495 0
vn -0.90631339194103622 0.42260624177635336 0
vn -0.90631339194103622 0.42260624177635336 0
vn -0.90631339194103622 0.42260624177635336 0
vn -0.90631339194103622 0.42260624177635336 0
vn -0.90631339194103622 0.42260624177635336 0
vn -0.90631339194103622 0.42260624177635336 0
vn -0.8191238592145007 0.57361668670423349 0
vn -0.8191238592145007 0.57361668670423349 0
vn -0.8191238592145007 0.57361668670423349 0
vn -0.8191238592145007 0.57361668670423349 0
vn -0.8191238592145007 0.57361668670423349 0
vn -0.8191238592145007 0.57361668670423349 0
vn -0.70770654230618191 0.70650651092330952 0
vn -0.70770654230618191 0.70650651092330952 0
vn -0.70770654230618191 0.70650651092330952 0
vn -0.70960236779119068 0.70460235567668628 0
vn -0.70960236779119068 0.70460235567668628 0
vn -0.7093033468927572 0.7049033707443404 0
vn -0.70710678118654757 0.70710678118654757 0
vn -0.70710669279650618 0.70710669279650618 0.00050000477459135391
vn -0.70710678118654757 0.70710678118654757 0
vn -0.70710678118654757 0.70710678118654757 0
vn -0.70710669279650618 0.70710669279650618 0.00050000477459135391
vn -0.70710678118654757 0.70710678118654757 0
vn -0.5735697221378373 0.81915674559068619 0
vn -0.5735697221378373 0.81915674559068619 0
vn -0.5735697221378373 0.81915674559068619 0
vn -0.57361668670423349 0.8191238592145007 0
vn -0.57361668670423349 0.8191238592145007 0
vn -0.57361668670423349 0.8191238592145007 0
vn -0.42260624177635336 0.90631339194103622 0
vn -0.42260624177635336 0.90631339194103622 0
vn -0.42260624177635336 0.90631339194103622 0
vn -0.42260624177635336 0.90631339194103622 0
vn -0.42260624177635336 0.90631339194103622 0
vn -0.42260624177635336 0.90631339194103622 0
vn -0.258807730974495 0.96592885782951599 0
vn -0.258807730974495 0.96592885782951599 0
vn -0.258807730974495 0.96592885782951599 0
vn -0.258807730974495 0.96592885782951599 0
vn -0.258807730974495 0.96592885782951599 0
vn -0.258807730974495 0.96592885782951599 0
vn -0.087199201699612247 0.99619089497091384 0
vn -0.087199201699612247 0.99619089497091384 0
vn -0.087199201699612247 0.99619089497091384 0
vn -0.087199201699612247 0.99619089497091384 0
vn -0.087199201699612247 0.99619089497091384 0
vn -0.087199201699612247 0.99619089497091384 0
vn 0.087199201699612247 0.99619089497091384 0
vn 0.087199201699612247 0.99619089497091384 0
vn 0.087199201699612247 0.99619089497091384 0
vn 0.087199201699612247 0.99619089497091384 0
vn 0.087199201699612247 0.99619089497091384 0
vn 0.087199201699612247 0.99619089497091384 0
vn 0.258807730974495 0.96592885782951599 0
vn 0.258807730974495 0.96592885782951599 0
vn 0.258807730974495 0.96592885782951599 0
vn 0.258807730974495 0.96592885782951599 0
vn 0.258807730974495 0.96592885782951599 0
vn 0.258807730974495 0.96592885782951599 0
vn 0.42268836733042764 0.90627509296214115 0
vn 0.42268836733042764 0.90627509296214115 0
vn 0.42268836733042764 0.90627509296214115 0
vn 0.42268836733042764 0.90627509296214115 0
vn 0.42268836733042764 0.90627509296214115 0
vn 0.42268836733042764 0.90627509296214115 0
vn 0.5735697221378373 0.81915674559068619 0
vn 0.5735697221378373 0.81915674559068619 0
vn 0.5735697221378373 0.81915674559068619 0
vn 0.57350260699289302 0.81920373520410372 0
vn 0.57350260699289302 0.81920373520410372 0
vn 0.57350260699289302 0.81920373520410372 0
vn 0.70710678118654757 0.70710678118654757 0
vn 0.70710678118654757 0.70710678118654757 0
vn 0.70710669279650618 0.70710669279650618 -0.00050000477459135391
vn 0.70710669279650618 0.70710669279650618 -0.00050000477459135391
vn 0.70710678118654757 0.70710678118654757 0
vn 0.70710678118654757 0.70710678118654757 0
vn 0.7084056035108981 0.70580556877539591 0
vn 0.70870497949277544 0.70550496245040317 0
vn 0.70870497949277544 0.70550496245040317 0
vn 0.70680669470922441 0.7074067403652734 0
vn 0.70680669470922441 0.7074067403652734 0
vn 0.70680669470922441 0.7074067403652734 0
vn 0.8191238592145007 0.57361668670423349 0
vn 0.8191238592145007 0.57361668670423349 0
vn 0.8191238592145007 0.57361668670423349 0
vn 0.8191238592145007 0.57361668670423349 0
vn 0.8191238592145007 0.57361668670423349 0
vn 0.8191238592145007 0.57361668670423349 0
vn 0.90631339194103622 0.42260624177635336 0
vn 0.90631339194103622 0.42260624177635336 0
vn 0.90631339194103622 0.42260624177635336 0
vn 0.90631339194103622 0.42260624177635336 0
vn 0.90631339194103622 0.42260624177635336 0
vn 0.90631339194103622 0.42260624177635336 0
vn 0.96592885782951599 0.258807730974495 0
vn 0.96592885782951599 0.258807730974495 0
vn 0.96592885782951599 0.258807730974495 0
vn 0.96592885782951599 0.258807730974495 0
vn 0.96592885782951599 0.258807730974495 0
vn 0.96592885782951599 0.258807730974495 0
vn 0.99619089497091384 0.087199201699612247 0
vn 0.99619089497091384 0.087199201699612247 0
vn 0.99619089497091384 0.087199201699612247 0
vn 0.99619957687588612 0.087099960001744497 0
vn 0.99619957687588612 0.087099960001744497 0
vn 0.99619957687588612 0.087099960001744497 0
vn 0.99619089497091384 -0.087199201699612247 0
vn 0.99619089497091384 -0.087199201699612247 0
vn 0.99619089497091384 -0.087199201699612247 0
vn 0.99619089497091384 -0.087199201699612247 0
vn 0.99619089497091384 -0.087199201699612247 0
vn 0.99619089497091384 -0.087199201699612247 0
vn 0.96592885782951599 -0.258807730974495 0
vn 0.96592885782951599 -0.258807730974495 0
vn 0.96592885782951599 -0.258807730974495 0
vn 0.96592885782951599 -0.258807730974495 0
vn 0.96592885782951599 -0.258807730974495 0
vn 0.96592885782951599 -0.258807730974495 0
vn 0.90631339194103622 -0.42260624177635336 0
vn 0.90631339194103622 -0.42260624177635336 0
vn 0.90631339194103622 -0.42260624177635336 0
vn 0.90631339194103622 -0.42260624177635336 0
vn 0.90631339194103622 -0.42260624177635336 0
vn 0.90631339194103622 -0.42260624177635336 0
vn 0.81915674559068619 -0.5735697221378373 0
vn 0.81915674559068619 -0.5735697221378373 0
vn 0.81915674559068619 -0.5735697221378373 0
vn 0.8191238592145007 -0.57361668670423349 0
vn 0.8191238592145007 -0.57361668670423349 0
vn 0.8191238592145007 -0.57361668670423349 0
vn 0.70680669470922441 -0.7074067403652734 0
vn 0.70680669470922441 -0.7074067403652734 0
vn 0.70680669470922441 -0.7074067403652734 0
vn 0.70870497949277544 -0.70550496245040317 0
vn 0.70870497949277544 -0.70550496245040317 0
vn 0.7084056035108981 -0.70580556877539591 0
vn 0.70710678118654757 -0.70710678118654757 0
vn 0.70710669279650618 -0.70710669279650618 0.00050000477459135391
vn 0.70710678118654757 -0.70710678118654757 0
vn 0.70710678118654757 -0.70710678118654757 0
vn 0.70710669279650618 -0.70710669279650618 0.00050000477459135391
vn 0.70710678118654757 -0.70710678118654757 0
vn 0.57361668670423349 -0.8191238592145007 0
vn 0.57361668670423349 -0.8191238592145007 0
vn 0.57361668670423349 -0.8191238592145007 0
vn 0.57350260699289302 -0.81920373520410372 0
vn 0.57350260699289302 -0.81920373520410372 0
vn 0.57350260699289302 -0.81920373520410372 0
vn 0.42029435865696874 -0.90738781790430012 0
vn 0.42029435865696874 -0.90738781790430012 0
vn 0.42029435865696874 -0.90738781790430012 0
vn 0.42511785464247842 -0.90513800586660631 0
vn 0.42511785464247842 -0.90513800586660631 0
vn 0.42511780149828721 -0.905137892714861 0.00050002096327665679
vn 0.42260624177635336 -0.90631339194103622 0
vn 0.42268831449729161 -0.90627497968399351 0.00049998621562010782
vn 0.42260624177635336 -0.90631339194103622 0
vn 0.42260624177635336 -0.90631339194103622 0
vn 0.42309348533720886 -0.90608603491346951 0
vn 0.42260624177635336 -0.90631339194103622 0
vn 0.258807730974495 -0.96592885782951599 0
vn 0.258807730974495 -0.96592885782951599 0
vn 0.258807730974495 -0.96592885782951599 0
vn 0.258807730974495 -0.96592885782951599 0
vn 0.258807730974495 -0.96592885782951599 0
vn 0.258807730974495 -0.96592885782951599 0
vn 0.087099960001744497 -0.99619957687588612 0
vn 0.087099960001744497 -0.99619957687588612 0
vn 0.087099960001744497 -0.99619957687588612 0
vn 0.087199201699612247 -0.99619089497091384 0
vn 0.087199201699612247 -0.99619089497091384 0
vn 0.087199201699612247 -0.99619089497091384 0
vn -0.087099960001744497 -0.99619957687588612 0
vn -0.087099960001744497 -0.99619957687588612 0
vn -0.087099960001744497 -0.99619957687588612 0
vn -0.087199201699612247 -0.99619089497091384 0
vn -0.087199201699612247 -0.99619089497091384 0
vn -0.087199201699612247 -0.99619089497091384 0
vn -0.258807730974495 -0.96592885782951599 0
vn -0.258807730974495 -0.96592885782951599 0
vn -0.258807730974495 -0.96592885782951599 0
vn -0.258807730974495 -0.96592885782951599 0
vn -0.258807730974495 -0.96592885782951599 0
vn -0.258807730974495 -0.96592885782951599 0
vn -0.42260624177635336 -0.90631339194103622 0
vn -0.42260624177635336 -0.90631339194103622 0
vn -0.42260624177635336 -0.90631339194103622 0
vn -0.42260624177635336 -0.90631339194103622 0
vn -0.42260624177635336 -0.90631339194103622 0
vn -0.42260624177635336 -0.90631339194103622 0
vn -0.5735697221378373 -0.81915674559068619 0
vn -0.5735697221378373 -0.81915674559068619 0
vn -0.5735697221378373 -0.81915674559068619 0
vn -0.5735697221378373 -0.81915674559068619 0
vn -0.5735697221378373 -0.81915674559068619 0
vn -0.5735697221378373 -0.81915674559068619 0
vn -0.70710678118654757 -0.70710678118654757 0
vn -0.70710678118654757 -0.70710678118654757 0
vn -0.70710678118654757 -0.70710678118654757 0
vn -0.70710678118654757 -0.70710678118654757 0
vn -0.70710678118654757 -0.70710678118654757 0
vn -0.70710678118654757 -0.70710678118654757 0
vn -0.8191238592145007 -0.57361668670423349 0
vn -0.8191238592145007 -0.57361668670423349 0
vn -0.8191238592145007 -0.57361668670423349 0
vn -0.8191238592145007 -0.57361668670423349 0
vn -0.8191238592145007 -0.57361668670423349 0
vn -0.8191238592145007 -0.57361668670423349 0
vn -0.90631339194103622 -0.42260624177635336 0
vn -0.90631339194103622 -0.42260624177635336 0
vn -0.90631339194103622 -0.42260624177635336 0
vn -0.90631339194103622 -0.42260624177635336 0
vn -0.90631339194103622 -0.42260624177635336 0
vn -0.90631339194103622 -0.42260624177635336 0
vn -0.96592885782951599 -0.258807730974495 0
vn -0.96592885782951599 -0.258807730974495 0
vn -0.96592885782951599 -0.258807730974495 0
vn -0.96592885782951599 -0.258807730974495 0
vn -0.96592885782951599 -0.258807730974495 0
vn -0.96592885782951599 -0.258807730974495 0
vn -0.99619089497091384 -0.087199201699612247 0
vn -0.99619089497091384 -0.087199201699612247 0
vn -0.99619089497091384 -0.087199201699612247 0
vn -0.99619089497091384 -0.087199201699612247 0
vn -0.99619089497091384 -0.087199201699612247 0
vn -0.99619089497091384 -0.087199201699612247 0
vn -0.99619089497091384 0.087199201699612247 0
vn -0.99619089497091384 0.087199201699612247 0
vn -0.99619089497091384 0.087199201699612247 0
vn -0.99619089497091384 0.087199201699612247 0
vn -0.99619089497091384 0.087199201699612247 0
vn -0.99619089497091384 0.087199201699612247 0
vn -0.96592885782951599 0.258807730974495 0
vn -0.96592885782951599 0.258807730974495 0
vn -0.96592885782951599 0.258807730974495 0
vn -0.96592885782951599 0.258807730974495 0
vn -0.96592885782951599 0.258807730974495 0
vn -0.96592885782951599 0.258807730974495 0
vn -0.90631339194103622 0.42260624177635336 0
vn -0.90631339194103622 0.42260624177635336 0
vn -0.90631339194103622 0.42260624177635336 0
vn -0.90631339194103622 0.42260624177635336 0
vn -0.90631339194103622 0.42260624177635336 0
vn -0.90631339194103622 0.42260624177635336 0
vn -0.81915674559068619 0.5735697221378373 0
vn -0.81915674559068619 0.5735697221378373 0
vn -0.81915674559068619 0.5735697221378373 0
vn -0.81915674559068619 0.5735697221378373 0
vn -0.81915674559068619 0.5735697221378373 0
vn -0.81915674559068619 0.5735697221378373 0
vn -0.70710678118654757 0.70710678118654757 0
vn -0.70710678118654757 0.70710678118654757 0
vn -0.70710678118654757 0.70710678118654757 0
vn -0.70710678118654757 0.70710678118654757 0
vn -0.70710678118654757 0.70710678118654757 0
vn -0.70710678118654757 0.70710678118654757 0
vn -0.57361668670423349 0.8191238592145007 0
vn -0.57361668670423349 0.8191238592145007 0
vn -0.57361668670423349 0.8191238592145007 0
vn -0.57361668670423349 0.8191238592145007 0
vn -0.57361668670423349 0.8191238592145007 0
vn -0.57361668670423349 0.8191238592145007 0
vn -0.42260624177635336 0.90631339194103622 0
vn -0.42260624177635336 0.90631339194103622 0
vn -0.42260624177635336 0.90631339194103622 0
vn -0.42260624177635336 0.90631339194103622 0
vn -0.42260624177635336 0.90631339194103622 0
vn -0.42260624177635336 0.90631339194103622 0
vn -0.258807730974495 0.96592885782951599 0
vn -0.258807730974495 0.96592885782951599 0
vn -0.258807730974495 0.96592885782951599 0
vn -0.258807730974495 0.96592885782951599 0
vn -0.258807730974495 0.96592885782951599 0
vn -0.258807730974495 0.96592885782951599 0
vn -0.087099960001744497 0.99619957687588612 0
vn -0.087099960001744497 0.99619957687588612 0
vn -0.087099960001744497 0.99619957687588612 0
vn -0.087099960001744497 0.99619957687588612 0
vn -0.087099960001744497 0.99619957687588612 0
vn -0.087099960001744497 0.99619957687588612 0
vn 0.087099960001744497 0.99619957687588612 0
vn 0.087099960001744497 0.99619957687588612 0
vn 0.087099960001744497 0.99619957687588612 0
vn 0.087099960001744497 0.99619957687588612 0
vn 0.087099960001744497 0.99619957687588612 0
vn 0.087099960001744497 0.99619957687588612 0
vn 0.258807730974495 0.96592885782951599 0
vn 0.258807730974495 0.96592885782951599 0
vn 0.258807730974495 0.96592885782951599 0
vn 0.258807730974495 0.96592885782951599 0
vn 0.258807730974495 0.96592885782951599 0
vn 0.258807730974495 0.96592885782951599 0
vn 0.42260624177635336 0.90631339194103622 0
vn 0.42260624177635336 0.90631339194103622 0
vn 0.42260624177635336 0.90631339194103622 0
vn 0.42260624177635336 0.90631339194103622 0
vn 0.42260624177635336 0.90631339194103622 0
vn 0.42260624177635336 0.90631339194103622 0
vn 0.57361668670423349 0.8191238592145007 0
vn 0.57361668670423349 0.8191238592145007 0
vn 0.57361668670423349 0.8191238592145007 0
vn 0.57361668670423349 0.8191238592145007 0
vn 0.57361668670423349 0.8191238592145007 0
vn 0.57361668670423349 0.8191238592145007 0
vn 0.70710678118654757 0.70710678118654757 0
vn 0.70710678118654757 0.70710678118654757 0
vn 0.70710678118654757 0.70710678118654757 0
vn 0.70710678118654757 0.70710678118654757 0
vn 0.70710678118654757 0.70710678118654757 0
vn 0.70710678118654757 0.70710678118654757 0
vn 0.81915674559068619 0.5735697221378373 0
vn 0.81915674559068619 0.5735697221378373 0
vn 0.81915674559068619 0.5735697221378373 0
vn 0.81915674559068619 0.5735697221378373 0
vn 0.81915674559068619 0.5735697221378373 0
vn 0.81915674559068619 0.5735697221378373 0
vn 0.90631339194103622 0.42260624177635336 0
vn 0.90631339194103622 0.42260624177635336 0
vn 0.90631339194103622 0.42260624177635336 0
vn 0.90631339194103622 0.42260624177635336 0
vn 0.90631339194103622 0.42260624177635336 0
vn 0.90631339194103622 0.42260624177635336 0
vn 0.96592885782951599 0.258807730974495 0
vn 0.96592885782951599 0.258807730974495 0
vn 0.96592885782951599 0.258807730974495 0
vn 0.96592885782951599 0.258807730974495 0
vn 0.96592885782951599 0.258807730974495 0
vn 0.96592885782951599 0.258807730974495 0
vn 0.99619089497091384 0.087199201699612247 0
vn 0.99619089497091384 0.087199201699612247 0
vn 0.99619089497091384 0.087199201699612247 0
vn 0.99619089497091384 0.087199201699612247 0
vn 0.99619089497091384 0.087199201699612247 0
vn 0.99619089497091384 0.087199201699612247 0
vn 0.99619089497091384 -0.087199201699612247 0
vn 0.99619089497091384 -0.087199201699612247 0
vn 0.99619089497091384 -0.087199201699612247 0
vn 0.99619089497091384 -0.087199201699612247 0
vn 0.99619089497091384 -0.087199201699612247 0
vn 0.99619089497091384 -0.087199201699612247 0
vn 0.96592885782951599 -0.258807730974495 0
vn 0.96592885782951599 -0.258807730974495 0
vn 0.96592885782951599 -0.258807730974495 0
vn 0.96592885782951599 -0.258807730974495 0
vn 0.96592885782951599 -0.258807730974495 0
vn 0.96592885782951599 -0.258807730974495 0
vn 0.90631339194103622 -0.42260624177635336 0
vn 0.90631339194103622 -0.42260624177635336 0
vn 0.90631339194103622 -0.42260624177635336 0
vn 0.90631339194103622 -0.42260624177635336 0
vn 0.90631339194103622 -0.42260624177635336 0
vn 0.90631339194103622 -0.42260624177635336 0
vn 0.8191238592145007 -0.57361668670423349 0
vn 0.8191238592145007 -0.57361668670423349 0
vn 0.8191238592145007 -0.57361668670423349 0
vn 0.8191238592145007 -0.57361668670423349 0
vn 0.8191238592145007 -0.57361668670423349 0
vn 0.8191238592145007 -0.57361668670423349 0
vn 0.70710678118654757 -0.70710678118654757 0
vn 0.70710678118654757 -0.70710678118654757 0
vn 0.70710678118654757 -0.70710678118654757 0
vn 0.70710678118654757 -0.70710678118654757 0
vn 0.70710678118654757 -0.70710678118654757 0
vn 0.70710678118654757 -0.70710678118654757 0
vn 0.5735697221378373 -0.81915674559068619 0
vn 0.5735697221378373 -0.81915674559068619 0
vn 0.5735697221378373 -0.81915674559068619 0
vn 0.5735697221378373 -0.81915674559068619 0
vn 0.5735697221378373 -0.81915674559068619 0
vn 0.5735697221378373 -0.81915674559068619 0
vn 0.42260624177635336 -0.90631339194103622 0
vn 0.42260624177635336 -0.90631339194103622 0
vn 0.42260624177635336 -0.90631339194103622 0
vn 0.42260624177635336 -0.90631339194103622 0
vn 0.42260624177635336 -0.90631339194103622 0
vn 0.42260624177635336 -0.90631339194103622 0
vn 0.258807730974495 -0.96592885782951599 0
vn 0.258807730974495 -0.96592885782951599 0
vn 0.258807730974495 -0.96592885782951599 0
vn 0.258807730974495 -0.96592885782951599 0
vn 0.258807730974495 -0.96592885782951599 0
vn 0.258807730974495 -0.96592885782951599 0
vn 0.087199201699612247 -0.99619089497091384 0
vn 0.087199201699612247 -0.99619089497091384 0
vn 0.087199201699612247 -0.99619089497091384 0
vn 0.087099960001744497 -0.99619957687588612 0
vn 0.087099960001744497 -0.99619957687588612 0
vn 0.087099960001744497 -0.99619957687588612 0
vn -0.087099960001744497 -0.99619957687588612 0
vn -0.087099960001744497 -0.99619957687588612 0
vn -0.087099960001744497 -0.99619957687588612 0
vn -0.087099960001744497 -0.99619957687588612 0
vn -0.087099960001744497 -0.99619957687588612 0
vn -0.087099960001744497 -0.99619957687588612 0
vn -0.258807730974495 -0.96592885782951599 0
vn -0.258807730974495 -0.96592885782951599 0
vn -0.258807730974495 -0.96592885782951599 0
vn -0.258807730974495 -0.96592885782951599 0
vn -0.258807730974495 -0.96592885782951599 0
vn -0.258807730974495 -0.96592885782951599 0
vn -0.42260624177635336 -0.90631339194103622 0
vn -0.42260624177635336 -0.90631339194103622 0
vn -0.42260624177635336 -0.90631339194103622 0
vn -0.42260624177635336 -0.90631339194103622 0
vn -0.42260624177635336 -0.90631339194103622 0
vn -0.42260624177635336 -0.90631339194103622 0
vn -0.42268836733042764 -0.90627509296214115 0
vn -0.42268836733042764 -0.90627509296214115 0
vn -0.42268836733042764 -0.90627509296214115 0
vn -0.42268836733042764 -0.90627509296214115 0
vn -0.42268836733042764 -0.90627509296214115 0
vn -0.42268836733042764 -0.90627509296214115 0
vn -0.57361668670423349 -0.8191238592145007 0
vn -0.57361668670423349 -0.8191238592145007 0
vn -0.57361668670423349 -0.8191238592145007 0
vn -0.57361668670423349 -0.8191238592145007 0
vn -0.57361668670423349 -0.8191238592145007 0
vn -0.57361668670423349 -0.8191238592145007 0
vn -0.70710678118654757 -0.70710678118654757 0
vn -0.70710678118654757 -0.70710678118654757 0
vn -0.70710678118654757 -0.70710678118654757 0
vn -0.70710678118654757 -0.70710678118654757 0
vn -0.70710678118654757 -0.70710678118654757 0
vn -0.70710678118654757 -0.70710678118654757 0
vn -0.8191238592145007 -0.57361668670423349 0
vn -0.8191238592145007 -0.57361668670423349 0
vn -0.8191238592145007 -0.57361668670423349 0
vn -0.81915674559068619 -0.5735697221378373 0
vn -0.81915674559068619 -0.5735697221378373 0
vn -0.81915674559068619 -0.5735697221378373 0
vn -0.90631339194103622 -0.42260624177635336 0
vn -0.90631339194103622 -0.42260624177635336 0
vn -0.90631339194103622 -0.42260624177635336 0
vn -0.90631339194103622 -0.42260624177635336 0
vn -0.90631339194103622 -0.42260624177635336 0
vn -0.90631339194103622 -0.42260624177635336 0
vn -0.96592885782951599 -0.258807730974495 0
vn -0.96592885782951599 -0.258807730974495 0
vn -0.96592885782951599 -0.258807730974495 0
vn -0.96592885782951599 -0.258807730974495 0
vn -0.96592885782951599 -0.258807730974495 0
vn -0.96592885782951599 -0.258807730974495 0
vn -0.99619089497091384 -0.087199201699612247 0
vn -0.99619089497091384 -0.087199201699612247 0
vn -0.99619089497091384 -0.087199201699612247 0
vn -0.99619089497091384 -0.087199201699612247 0
vn -0.99619089497091384 -0.087199201699612247 0
vn -0.99619089497091384 -0.087199201699612247 0
vn -0.99619089497091384 0.087199201699612247 0
vn -0.99619089497091384 0.087199201699612247 0
vn -0.99619089497091384 0.087199201699612247 0
vn -0.99619089497091384 0.087199201699612247 0
vn -0.99619089497091384 0.087199201699612247 0
vn -0.99619089497091384 0.087199201699612247 0
vn -0.96592885782951599 0.258807730974495 0
vn -0.96592885782951599 0.258807730974495 0
vn -0.96592885782951599 0.258807730974495 0
vn -0.96592885782951599 0.258807730974495 0
vn -0.96592885782951599 0.258807730974495 0
vn -0.96592885782951599 0.258807730974495 0
vn -0.90631339194103622 0.42260624177635336 0
vn -0.90631339194103622 0.42260624177635336 0
vn -0.90631339194103622 0.42260624177635336 0
vn -0.90631339194103622 0.42260624177635336 0
vn -0.90631339194103622 0.42260624177635336 0
vn -0.90631339194103622 0.42260624177635336 0
vn -0.8191238592145007 0.57361668670423349 0
vn -0.8191238592145007 0.57361668670423349 0
vn -0.8191238592145007 0.57361668670423349 0
vn -0.8191238592145007 0.57361668670423349 0
vn -0.8191238592145007 0.57361668670423349 0
vn -0.8191238592145007 0.57361668670423349 0
vn -0.70710678118654757 0.70710678118654757 0
vn -0.70710678118654757 0.70710678118654757 0
vn -0.70710678118654757 0.70710678118654757 0
vn -0.70710678118654757 0.70710678118654757 0
vn -0.70710678118654757 0.70710678118654757 0
vn -0.70710678118654757 0.70710678118654757 0
vn -0.57361668670423349 0.8191238592145007 0
vn -0.57361668670423349 0.8191238592145007 0
vn -0.57361668670423349 0.8191238592145007 0
vn -0.57350260699289302 0.81920373520410372 0
vn -0.57350260699289302 0.81920373520410372 0
vn -0.57350260699289302 0.81920373520410372 0
vn -0.42268836733042764 0.90627509296214115 0
vn -0.42268831449729161 0.90627497968399351 0.00049998621562010782
vn -0.42268836733042764 0.90627509296214115 0
vn -0.42268836733042764 0.90627509296214115 0
vn -0.42220103877686294 0.90650222440749584 0
vn -0.42268836733042764 0.90627509296214115 0
vn -0.42260624177635336 0.90631339194103622 0
vn -0.42260624177635336 0.90631339194103622 0
vn -0.42260624177635336 0.90631339194103622 0
vn -0.42260624177635336 0.90631339194103622 0
vn -0.42260624177635336 0.90631339194103622 0
vn -0.42260624177635336 0.90631339194103622 0
vn -0.258807730974495 0.96592885782951599 0
vn -0.258807730974495 0.96592885782951599 0
vn -0.258807730974495 0.96592885782951599 0
vn -0.258807730974495 0.96592885782951599 0
vn -0.258807730974495 0.96592885782951599 0
vn -0.258807730974495 0.96592885782951599 0
vn -0.087199201699612247 0.99619089497091384 0
vn -0.087199201699612247 0.99619089497091384 0
vn -0.087199201699612247 0.99619089497091384 0
vn -0.087099960001744497 0.99619957687588612 0
vn -0.087099960001744497 0.99619957687588612 0
vn -0.087099960001744497 0.99619957687588612 0
vn 0.087099960001744497 0.99619957687588612 0
vn 0.087099960001744497 0.99619957687588612 0
vn 0.087099960001744497 0.99619957687588612 0
vn 0.087199201699612247 0.99619089497091384 0
vn 0.087199201699612247 0.99619089497091384 0
vn 0.087199201699612247 0.99619089497091384 0
vn 0.258807730974495 0.96592885782951599 0
vn 0.258807730974495 0.96592885782951599 0
vn 0.258807730974495 0.96592885782951599 0
vn 0.258807730974495 0.96592885782951599 0
vn 0.258807730974495 0.96592885782951599 0
vn 0.258807730974495 0.96592885782951599 0
vn 0.42260624177635336 0.90631339194103622 0
vn 0.42260624177635336 0.90631339194103622 0
vn 0.42260624177635336 0.90631339194103622 0
vn 0.42260624177635336 0.90631339194103622 0
vn 0.42260624177635336 0.90631339194103622 0
vn 0.42260624177635336 0.90631339194103622 0
vn 0.42268836733042764 0.90627509296214115 0
vn 0.42268836733042764 0.90627509296214115 0
vn 0.42268836733042764 0.90627509296214115 0
vn 0.42268836733042764 0.90627509296214115 0
vn 0.42268836733042764 0.90627509296214115 0
vn 0.42268836733042764 0.90627509296214115 0
vn 0.57350260699289302 0.81920373520410372 0
vn 0.57350260699289302 0.81920373520410372 0
vn 0.57350260699289302 0.81920373520410372 0
vn 0.57361668670423349 0.8191238592145007 0
vn 0.57361668670423349 0.8191238592145007 0
vn 0.57361668670423349 0.8191238592145007 0
vn 0.70710678118654757 0.70710678118654757 0
vn 0.70710678118654757 0.70710678118654757 0
vn 0.70710678118654757 0.70710678118654757 0
vn 0.70710678118654757 0.70710678118654757 0
vn 0.70710678118654757 0.70710678118654757 0
vn 0.70710678118654757 0.70710678118654757 0
vn 0.8191238592145007 0.57361668670423349 0
vn 0.8191238592145007 0.57361668670423349 0
vn 0.8191238592145007 0.57361668670423349 0
vn 0.8191238592145007 0.57361668670423349 0
vn 0.8191238592145007 0.57361668670423349 0
vn 0.8191238592145007 0.57361668670423349 0
vn 0.90631339194103622 0.42260624177635336 0
vn 0.90631339194103622 0.42260624177635336 0
vn 0.90631339194103622 0.42260624177635336 0
vn 0.90631339194103622 0.42260624177635336 0
vn 0.90631339194103622 0.42260624177635336 0
vn 0.90631339194103622 0.42260624177635336 0
vn 0.96592885782951599 0.258807730974495 0
vn 0.96592885782951599 0.258807730974495 0
vn 0.96592885782951599 0.258807730974495 0
vn 0.96592885782951599 0.258807730974495 0
vn 0.96592885782951599 0.258807730974495 0
vn 0.96592885782951599 0.258807730974495 0
vn 0.99619089497091384 0.087199201699612247 0
vn 0.99619089497091384 0.087199201699612247 0
vn 0.99619089497091384 0.087199201699612247 0
vn 0.99619089497091384 0.087199201699612247 0
vn 0.99619089497091384 0.087199201699612247 0
vn 0.99619089497091384 0.087199201699612247 0
vn 0.99619089497091384 -0.087199201699612247 0
vn 0.99619089497091384 -0.087199201699612247 0
vn 0.99619089497091384 -0.087199201699612247 0
vn 0.99619089497091384 -0.087199201699612247 0
vn 0.99619089497091384 -0.087199201699612247 0
vn 0.99619089497091384 -0.087199201699612247 0
vn 0.96592885782951599 -0.258807730974495 0
vn 0.96592885782951599 -0.258807730974495 0
vn 0.96592885782951599 -0.258807730974495 0
vn 0.96592885782951599 -0.258807730974495 0
vn 0.96592885782951599 -0.258807730974495 0
vn 0.96592885782951599 -0.258807730974495 0
vn 0.90631339194103622 -0.42260624177635336 0
vn 0.90631339194103622 -0.42260624177635336 0
vn 0.90631339194103622 -0.42260624177635336 0
vn 0.90631339194103622 -0.42260624177635336 0
vn 0.90631339194103622 -0.42260624177635336 0
vn 0.90631339194103622 -0.42260624177635336 0
vn 0.81915674559068619 -0.5735697221378373 0
vn 0.81915674559068619 -0.5735697221378373 0
vn 0.81915674559068619 -0.5735697221378373 0
vn 0.8191238592145007 -0.57361668670423349 0
vn 0.8191238592145007 -0.57361668670423349 0
vn 0.8191238592145007 -0.57361668670423349 0
vn 0.70710678118654757 -0.70710678118654757 0
vn 0.70710678118654757 -0.70710678118654757 0
vn 0.70710678118654757 -0.70710678118654757 0
vn 0.70710678118654757 -0.70710678118654757 0
vn 0.70710678118654757 -0.70710678118654757 0
vn 0.70710678118654757 -0.70710678118654757 0
vn 0.57361668670423349 -0.8191238592145007 0
vn 0.57361668670423349 -0.8191238592145007 0
vn 0.57361668670423349 -0.8191238592145007 0
vn 0.57361668670423349 -0.8191238592145007 0
vn 0.57361668670423349 -0.8191238592145007 0
vn 0.57361668670423349 -0.8191238592145007 0
vn 0.42268836733042764 -0.90627509296214115 0
vn 0.42268836733042764 -0.90627509296214115 0
vn 0.42268836733042764 -0.90627509296214115 0
vn 0.42268836733042764 -0.90627509296214115 0
vn 0.42268836733042764 -0.90627509296214115 0
vn 0.42268836733042764 -0.90627509296214115 0
vn 0.42260624177635336 -0.90631339194103622 0
vn 0.42260624177635336 -0.90631339194103622 0
vn 0.42260624177635336 -0.90631339194103622 0
vn 0.42260624177635336 -0.90631339194103622 0
vn 0.42260624177635336 -0.90631339194103622 0
vn 0.42260624177635336 -0.90631339194103622 0
vn 0.258807730974495 -0.96592885782951599 0
vn 0.258807730974495 -0.96592885782951599 0
vn 0.258807730974495 -0.96592885782951599 0
vn 0.258807730974495 -0.96592885782951599 0
vn 0.258807730974495 -0.96592885782951599 0
vn 0.258807730974495 -0.96592885782951599 0
vn 0.087099960001744497 -0.99619957687588612 0
vn 0.087099960001744497 -0.99619957687588612 0
vn 0.087099960001744497 -0.99619957687588612 0
vn 0.087099960001744497 -0.99619957687588612 0
vn 0.087099960001744497 -0.99619957687588612 0
vn 0.087099960001744497 -0.99619957687588612 0
vn -0.087199201699612247 -0.99619089497091384 0
vn -0.087199201699612247 -0.99619089497091384 0
vn -0.087199201699612247 -0.99619089497091384 0
vn -0.087099960001744497 -0.99619957687588612 0
vn -0.087099960001744497 -0.99619957687588612 0
vn -0.087099960001744497 -0.99619957687588612 0
vn -0.258807730974495 -0.96592885782951599 0
vn -0.258807730974495 -0.96592885782951599 0
vn -0.258807730974495 -0.96592885782951599 0
vn -0.258807730974495 -0.96592885782951599 0
vn -0.258807730974495 -0.96592885782951599 0
vn -0.258807730974495 -0.96592885782951599 0
vn -0.42260624177635336 -0.90631339194103622 0
vn -0.42260624177635336 -0.90631339194103622 0
vn -0.42260624177635336 -0.90631339194103622 0
vn -0.42260624177635336 -0.90631339194103622 0
vn -0.42260624177635336 -0.90631339194103622 0
vn -0.42260624177635336 -0.90631339194103622 0
vn -0.57350260699289302 -0.81920373520410372 0
vn -0.57350260699289302 -0.81920373520410372 0
vn -0.57350260699289302 -0.81920373520410372 0
vn -0.57361668670423349 -0.8191238592145007 0
vn -0.57361668670423349 -0.8191238592145007 0
vn -0.57361668670423349 -0.8191238592145007 0
vn -0.70710678118654757 -0.70710678118654757 0
vn -0.70710678118654757 -0.70710678118654757 0
vn -0.70710678118654757 -0.70710678118654757 0
vn -0.70710678118654757 -0.70710678118654757 0
vn -0.70710678118654757 -0.70710678118654757 0
vn -0.70710678118654757 -0.70710678118654757 0
vn -0.8191238592145007 -0.57361668670423349 0
vn -0.8191238592145007 -0.57361668670423349 0
vn -0.8191238592145007 -0.57361668670423349 0
vn -0.8191238592145007 -0.57361668670423349 0
vn -0.8191238592145007 -0.57361668670423349 0
vn -0.8191238592145007 -0.57361668670423349 0
vn -0.90631339194103622 -0.42260624177635336 0
vn -0.90631339194103622 -0.42260624177635336 0
vn -0.90631339194103622 -0.42260624177635336 0
vn -0.90631339194103622 -0.42260624177635336 0
vn -0.90631339194103622 -0.42260624177635336 0
vn -0.90631339194103622 -0.42260624177635336 0
vn -0.96592885782951599 -0.258807730974495 0
vn -0.96592885782951599 -0.258807730974495 0
vn -0.96592885782951599 -0.258807730974495 0
vn -0.96592885782951599 -0.258807730974495 0
vn -0.96592885782951599 -0.258807730974495 0
vn -0.96592885782951599 -0.258807730974495 0
vn -0.99619089497091384 -0.087199201699612247 0
vn -0.99619089497091384 -0.087199201699612247 0
vn -0.99619089497091384 -0.087199201699612247 0
vn -0.99619089497091384 -0.087199201699612247 0
vn -0.99619089497091384 -0.087199201699612247 0
vn -0.99619089497091384 -0.087199201699612247 0
vn -0.99619089497091384 0.087199201699612247 0
vn -0.99619089497091384 0.087199201699612247 0
vn -0.99619089497091384 0.087199201699612247 0
vn -0.99619089497091384 0.087199201699612247 0
vn -0.99619089497091384 0.087199201699612247 0
vn -0.99619089497091384 0.087199201699612247 0
vn -0.96592885782951599 0.258807730974495 0
vn -0.96592885782951599 0.258807730974495 0
vn -0.96592885782951599 0.258807730974495 0
vn -0.96592885782951599 0.258807730974495 0
vn -0.96592885782951599 0.258807730974495 0
vn -0.96592885782951599 0.258807730974495 0
vn -0.90631339194103622 0.42260624177635336 0
vn -0.90631339194103622 0.42260624177635336 0
vn -0.90631339194103622 0.42260624177635336 0
vn -0.90631339194103622 0.42260624177635336 0
vn -0.90631339194103622 0.42260624177635336 0
vn -0.90631339194103622 0.42260624177635336 0
vn -0.8191238592145007 0.57361668670423349 0
vn -0.8191238592145007 0.57361668670423349 0
vn -0.8191238592145007 0.57361668670423349 0
vn -0.8191238592145007 0.57361668670423349 0
vn -0.8191238592145007 0.57361668670423349 0
vn -0.8191238592145007 0.57361668670423349 0
vn -0.70710678118654757 0.70710678118654757 0
vn -0.70710678118654757 0.70710678118654757 0
vn -0.70710678118654757 0.70710678118654757 0
vn -0.70710678118654757 0.70710678118654757 0
vn -0.70710678118654757 0.70710678118654757 0
vn -0.70710678118654757 0.70710678118654757 0
vn -0.57350260699289302 0.81920373520410372 0
vn -0.57350260699289302 0.81920373520410372 0
vn -0.57350260699289302 0.81920373520410372 0
vn -0.57350260699289302 0.81920373520410372 0
vn -0.57350260699289302 0.81920373520410372 0
vn -0.57350260699289302 0.81920373520410372 0
vn -0.42260624177635336 0.90631339194103622 0
vn -0.42260624177635336 0.90631339194103622 0
vn -0.42260624177635336 0.90631339194103622 0
vn -0.42260624177635336 0.90631339194103622 0
vn -0.42260624177635336 0.90631339194103622 0
vn -0.42260624177635336 0.90631339194103622 0
vn -0.258807730974495 0.96592885782951599 0
vn -0.258807730974495 0.96592885782951599 0
vn -0.258807730974495 0.96592885782951599 0
vn -0.258807730974495 0.96592885782951599 0
vn -0.258807730974495 0.96592885782951599 0
vn -0.258807730974495 0.96592885782951599 0
vn -0.087099960001744497 0.99619957687588612 0
vn -0.087099960001744497 0.99619957687588612 0
vn -0.087099960001744497 0.99619957687588612 0
vn -0.087099960001744497 0.99619957687588612 0
vn -0.087099960001744497 0.99619957687588612 0
vn -0.087099960001744497 0.99619957687588612 0
vn 0.087099960001744497 0.99619957687588612 0
vn 0.087099960001744497 0.99619957687588612 0
vn 0.087099960001744497 0.99619957687588612 0
vn 0.087099960001744497 0.99619957687588612 0
vn 0.087099960001744497 0.99619957687588612 0
vn 0.087099960001744497 0.99619957687588612 0
vn 0.258807730974495 0.96592885782951599 0
vn 0.258807730974495 0.96592885782951599 0
vn 0.258807730974495 0.96592885782951599 0
vn 0.258807730974495 0.96592885782951599 0
vn 0.258807730974495 0.96592885782951599 0
vn 0.258807730974495 0.96592885782951599 0
vn 0.42260624177635336 0.90631339194103622 0
vn 0.42260624177635336 0.90631339194103622 0
vn 0.42260624177635336 0.90631339194103622 0
vn 0.42260624177635336 0.90631339194103622 0
vn 0.42260624177635336 0.90631339194103622 0
vn 0.42260624177635336 0.90631339194103622 0
vn 0.57350260699289302 0.81920373520410372 0
vn 0.57350260699289302 0.81920373520410372 0
vn 0.57350260699289302 0.81920373520410372 0
vn 0.57350260699289302 0.81920373520410372 0
vn 0.57350260699289302 0.81920373520410372 0
vn 0.57350260699289302 0.81920373520410372 0
vn 0.70710678118654757 0.70710678118654757 0
vn 0.70710678118654757 0.70710678118654757 0
vn 0.70710678118654757 0.70710678118654757 0
vn 0.70710678118654757 0.70710678118654757 0
vn 0.70710678118654757 0.70710678118654757 0
vn 0.70710678118654757 0.70710678118654757 0
vn 0.8191238592145007 0.57361668670423349 0
vn 0.8191238592145007 0.57361668670423349 0
vn 0.8191238592145007 0.57361668670423349 0
vn 0.8191238592145007 0.57361668670423349 0
vn 0.8191238592145007 0.57361668670423349 0
vn 0.8191238592145007 0.57361668670423349 0
vn 0.90631339194103622 0.42260624177635336 0
vn 0.90631339194103622 0.42260624177635336 0
vn 0.90631339194103622 0.42260624177635336 0
vn 0.90631339194103622 0.42260624177635336 0
vn 0.90631339194103622 0.42260624177635336 0
vn 0.90631339194103622 0.42260624177635336 0
vn 0.96592885782951599 0.258807730974495 0
vn 0.96592885782951599 0.258807730974495 0
vn 0.96592885782951599 0.258807730974495 0
vn 0.96592885782951599 0.258807730974495 0
vn 0.96592885782951599 0.258807730974495 0
vn 0.96592885782951599 0.258807730974495 0
vn 0.99619089497091384 0.087199201699612247 0
vn 0.99619089497091384 0.087199201699612247 0
vn 0.99619089497091384 0.087199201699612247 0
vn 0.99619089497091384 0.087199201699612247 0
vn 0.99619089497091384 0.087199201699612247 0
vn 0.99619089497091384 0.087199201699612247 0
vn 0.99619089497091384 -0.087199201699612247 0
vn 0.99619089497091384 -0.087199201699612247 0
vn 0.99619089497091384 -0.087199201699612247 0
vn 0.99619089497091384 -0.087199201699612247 0
vn 0.99619089497091384 -0.087199201699612247 0
vn 0.99619089497091384 -0.087199201699612247 0
vn 0.96592885782951599 -0.258807730974495 0
vn 0.96592885782951599 -0.258807730974495 0
vn 0.96592885782951599 -0.258807730974495 0
vn 0.96592885782951599 -0.258807730974495 0
vn 0.96592885782951599 -0.258807730974495 0
vn 0.96592885782951599 -0.258807730974495 0
vn 0.90631339194103622 -0.42260624177635336 0
vn 0.90631339194103622 -0.42260624177635336 0
vn 0.90631339194103622 -0.42260624177635336 0
vn 0.90631339194103622 -0.42260624177635336 0
vn 0.90631339194103622 -0.42260624177635336 0
vn 0.90631339194103622 -0.42260624177635336 0
vn 0.8191238592145007 -0.57361668670423349 0
vn 0.8191238592145007 -0.57361668670423349 0
vn 0.8191238592145007 -0.57361668670423349 0
vn 0.8191238592145007 -0.57361668670423349 0
vn 0.8191238592145007 -0.57361668670423349 0
vn 0.8191238592145007 -0.57361668670423349 0
vn 0.70710678118654757 -0.70710678118654757 0
vn 0.70710678118654757 -0.70710678118654757 0
vn 0.70710678118654757 -0.70710678118654757 0
vn 0.70710678118654757 -0.70710678118654757 0
vn 0.70710678118654757 -0.70710678118654757 0
vn 0.70710678118654757 -0.70710678118654757 0
vn 0.57361668670423349 -0.8191238592145007 0
vn 0.57361668670423349 -0.8191238592145007 0
vn 0.57361668670423349 -0.8191238592145007 0
vn 0.57350260699289302 -0.81920373520410372 0
vn 0.57350260699289302 -0.81920373520410372 0
vn 0.57350260699289302 -0.81920373520410372 0
vn 0.42260624177635336 -0.90631339194103622 0
vn 0.42260624177635336 -0.90631339194103622 0
vn 0.42260624177635336 -0.90631339194103622 0
vn 0.42260624177635336 -0.90631339194103622 0
vn 0.42260624177635336 -0.90631339194103622 0
vn 0.42260624177635336 -0.90631339194103622 0
vn 0.258807730974495 -0.96592885782951599 0
vn 0.258807730974495 -0.96592885782951599 0
vn 0.258807730974495 -0.96592885782951599 0
vn 0.258807730974495 -0.96592885782951599 0
vn 0.258807730974495 -0.96592885782951599 0
vn 0.258807730974495 -0.96592885782951599 0
vn 0.087099960001744497 -0.99619957687588612 0
vn 0.087099960001744497 -0.99619957687588612 0
vn 0.087099960001744497 -0.99619957687588612 0
vn 0.087199201699612247 -0.99619089497091384 0
vn 0.087199201699612247 -0.99619089497091384 0
vn 0.087199201699612247 -0.99619089497091384 0
vn -0.087000715710615753 0.99620824904526895 0
vn -0.087000715710615753 0.99620824904526895 0
vn -0.087000715710615753 0.99620824904526895 0
vn -0.087298440801354793 0.99618220333112362 0
vn -0.087298440801354793 0.99618220333112362 0
vn -0.087298440801354793 0.99618220333112362 0
vn -0.25890101967180396 0.96590385754116348 0
vn -0.25890101967180396 0.96590385754116348 0
vn -0.25890101967180396 0.96590385754116348 0
vn -0.258807730974495 0.96592885782951599 0
vn -0.258807730974495 0.96592885782951599 0
vn -0.258807730974495 0.96592885782951599 0
vn -0.42260624177635336 0.90631339194103622 0
vn -0.42260624177635336 0.90631339194103622 0
vn -0.42260624177635336 0.90631339194103622 0
vn -0.42260624177635336 0.90631339194103622 0
vn -0.42260624177635336 0.90631339194103622 0
vn -0.42260624177635336 0.90631339194103622 0
vn -0.57361668670423349 0.8191238592145007 0
vn -0.57361668670423349 0.8191238592145007 0
vn -0.57361668670423349 0.8191238592145007 0
vn -0.57350260699289302 0.81920373520410372 0
vn -0.57350260699289302 0.81920373520410372 0
vn -0.57350260699289302 0.81920373520410372 0
vn -0.70715678466014031 0.70705677417667934 0
vn -0.70715678466014031 0.70705677417667934 0
vn -0.70715678466014031 0.70705677417667934 0
vn -0.70710678118654757 0.70710678118654757 0
vn -0.70710678118654757 0.70710678118654757 0
vn -0.70710678118654757 0.70710678118654757 0
vn -0.81915674559068619 0.5735697221378373 0
vn -0.81915674559068619 0.5735697221378373 0
vn -0.81915674559068619 0.5735697221378373 0
vn -0.8191238592145007 0.57361668670423349 0
vn -0.8191238592145007 0.57361668670423349 0
vn -0.8191238592145007 0.57361668670423349 0
vn -0.90631339194103622 0.42260624177635336 0
vn -0.90631339194103622 0.42260624177635336 0
vn -0.90631339194103622 0.42260624177635336 0
vn -0.90631339194103622 0.42260624177635336 0
vn -0.90631339194103622 0.42260624177635336 0
vn -0.90631339194103622 0.42260624177635336 0
vn -0.96592885782951599 0.258807730974495 0
vn -0.96592885782951599 0.258807730974495 0
vn -0.96592885782951599 0.258807730974495 0
vn -0.96592885782951599 0.258807730974495 0
vn -0.96592885782951599 0.258807730974495 0
vn -0.96592885782951599 0.258807730974495 0
vn -0.99619957687588612 0.087099960001744497 0
vn -0.99619957687588612 0.087099960001744497 0
vn -0.99619957687588612 0.087099960001744497 0
vn -0.99619957687588612 0.087099960001744497 0
vn -0.99619957687588612 0.087099960001744497 0
vn -0.99619957687588612 0.087099960001744497 0
vn -0.99619089497091384 -0.087199201699612247 0
vn -0.99619089497091384 -0.087199201699612247 0
vn -0.99619089497091384 -0.087199201699612247 0
vn -0.99619957687588612 -0.087099960001744497 0
vn -0.99619957687588612 -0.087099960001744497 0
vn -0.99619957687588612 -0.087099960001744497 0
vn -0.96592885782951599 -0.258807730974495 0
vn -0.96592885782951599 -0.258807730974495 0
vn -0.96592885782951599 -0.258807730974495 0
vn -0.96592885782951599 -0.258807730974495 0
vn -0.96592885782951599 -0.258807730974495 0
vn -0.96592885782951599 -0.258807730974495 0
vn -0.90631339194103622 -0.42260624177635336 0
vn -0.90631339194103622 -0.42260624177635336 0
vn -0.90631339194103622 -0.42260624177635336 0
vn -0.90631339194103622 -0.42260624177635336 0
vn -0.90631339194103622 -0.42260624177635336 0
vn -0.90631339194103622 -0.42260624177635336 0
vn -0.8191238592145007 -0.57361668670423349 0
vn -0.8191238592145007 -0.57361668670423349 0
vn -0.8191238592145007 -0.57361668670423349 0
vn -0.81915674559068619 -0.5735697221378373 0
vn -0.81915674559068619 -0.5735697221378373 0
vn -0.81915674559068619 -0.5735697221378373 0
vn -0.70710678118654757 -0.70710678118654757 0
vn -0.70710678118654757 -0.70710678118654757 0
vn -0.70710678118654757 -0.70710678118654757 0
vn -0.70715678466014031 -0.70705677417667934 0
vn -0.70715678466014031 -0.70705677417667934 0
vn -0.70715678466014031 -0.70705677417667934 0
vn -0.57361668670423349 -0.8191238592145007 0
vn -0.57361668670423349 -0.8191238592145007 0
vn -0.57361668670423349 -0.8191238592145007 0
vn -0.57361668670423349 -0.8191238592145007 0
vn -0.57361668670423349 -0.8191238592145007 0
vn -0.57361668670423349 -0.8191238592145007 0
vn -0.42268836733042764 -0.90627509296214115 0
vn -0.42268836733042764 -0.90627509296214115 0
vn -0.42268836733042764 -0.90627509296214115 0
vn -0.42248580482338161 -0.90636954092838951 0
vn -0.42248580482338161 -0.90636954092838951 0
vn -0.42248580482338161 -0.90636954092838951 0
vn -0.25890101967180396 -0.96590385754116348 0
vn -0.25890101967180396 -0.96590385754116348 0
vn -0.25890101967180396 -0.96590385754116348 0
vn -0.258807730974495 -0.96592885782951599 0
vn -0.258807730974495 -0.96592885782951599 0
vn -0.258807730974495 -0.96592885782951599 0
vn -0.087099960001744497 -0.99619957687588612 0
vn -0.087099960001744497 -0.99619957687588612 0
vn -0.087099960001744497 -0.99619957687588612 0
vn -0.087000715710615753 -0.99620824904526895 0
vn -0.087000715710615753 -0.99620824904526895 0
vn -0.087000715710615753 -0.99620824904526895 0
vn 0.087000715710615753 -0.99620824904526895 0
vn 0.087000715710615753 -0.99620824904526895 0
vn 0.087000715710615753 -0.99620824904526895 0
vn 0.087099960001744497 -0.99619957687588612 0
vn 0.087099960001744497 -0.99619957687588612 0
vn 0.087099960001744497 -0.99619957687588612 0
vn 0.258807730974495 -0.96592885782951599 0
vn 0.258807730974495 -0.96592885782951599 0
vn 0.258807730974495 -0.96592885782951599 0
vn 0.25890101967180396 -0.96590385754116348 0
vn 0.25890101967180396 -0.96590385754116348 0
vn 0.25890101967180396 -0.96590385754116348 0
vn 0.42248580482338161 -0.90636954092838951 0
vn 0.42248580482338161 -0.90636954092838951 0
vn 0.42248580482338161 -0.90636954092838951 0
vn 0.42268836733042764 -0.90627509296214115 0
vn 0.42268836733042764 -0.90627509296214115 0
vn 0.42268836733042764 -0.90627509296214115 0
vn 0.57361668670423349 -0.8191238592145007 0
vn 0.57361668670423349 -0.8191238592145007 0
vn 0.57361668670423349 -0.8191238592145007 0
vn 0.57361668670423349 -0.8191238592145007 0
vn 0.57361668670423349 -0.8191238592145007 0
vn 0.57361668670423349 -0.8191238592145007 0
vn 0.70715678466014031 -0.70705677417667934 0
vn 0.70715678466014031 -0.70705677417667934 0
vn 0.70715678466014031 -0.70705677417667934 0
vn 0.70710678118654757 -0.70710678118654757 0
vn 0.70710678118654757 -0.70710678118654757 0
vn 0.70710678118654757 -0.70710678118654757 0
vn 0.8191238592145007 -0.57361668670423349 0
vn 0.8191238592145007 -0.57361668670423349 0
vn 0.8191238592145007 -0.57361668670423349 0
vn 0.8191238592145007 -0.57361668670423349 0
vn 0.8191238592145007 -0.57361668670423349 0
vn 0.8191238592145007 -0.57361668670423349 0
vn 0.90631339194103622 -0.42260624177635336 0
vn 0.90631339194103622 -0.42260624177635336 0
vn 0.90631339194103622 -0.42260624177635336 0
vn 0.90631339194103622 -0.42260624177635336 0
vn 0.90631339194103622 -0.42260624177635336 0
vn 0.90631339194103622 -0.42260624177635336 0
vn 0.96592885782951599 -0.258807730974495 0
vn 0.96592885782951599 -0.258807730974495 0
vn 0.96592885782951599 -0.258807730974495 0
vn 0.96592885782951599 -0.258807730974495 0
vn 0.96592885782951599 -0.258807730974495 0
vn 0.96592885782951599 -0.258807730974495 0
vn 0.99619089497091384 -0.087199201699612247 0
vn 0.99619089497091384 -0.087199201699612247 0
vn 0.99619089497091384 -0.087199201699612247 0
vn 0.99619089497091384 -0.087199201699612247 0
vn 0.99619089497091384 -0.087199201699612247 0
vn 0.99619089497091384 -0.087199201699612247 0
vn 0.99619089497091384 0.087199201699612247 0
vn 0.99619089497091384 0.087199201699612247 0
vn 0.99619089497091384 0.087199201699612247 0
vn 0.99619089497091384 0.087199201699612247 0
vn 0.99619089497091384 0.087199201699612247 0
vn 0.99619089497091384 0.087199201699612247 0
vn 0.96592885782951599 0.258807730974495 0
vn 0.96592885782951599 0.258807730974495 0
vn 0.96592885782951599 0.258807730974495 0
vn 0.96592885782951599 0.258807730974495 0
vn 0.96592885782951599 0.258807730974495 0
vn 0.96592885782951599 0.258807730974495 0
vn 0.90631339194103622 0.42260624177635336 0
vn 0.90631339194103622 0.42260624177635336 0
vn 0.90631339194103622 0.42260624177635336 0
vn 0.90631339194103622 0.42260624177635336 0
vn 0.90631339194103622 0.42260624177635336 0
vn 0.90631339194103622 0.42260624177635336 0
vn 0.8191238592145007 0.57361668670423349 0
vn 0.8191238592145007 0.57361668670423349 0
vn 0.8191238592145007 0.57361668670423349 0
vn 0.8191238592145007 0.57361668670423349 0
vn 0.8191238592145007 0.57361668670423349 0
vn 0.8191238592145007 0.57361668670423349 0
vn 0.70710678118654757 0.70710678118654757 0
vn 0.70710678118654757 0.70710678118654757 0
vn 0.70710678118654757 0.70710678118654757 0
vn 0.70715678466014031 0.70705677417667934 0
vn 0.70715678466014031 0.70705677417667934 0
vn 0.70715678466014031 0.70705677417667934 0
vn 0.57350260699289302 0.81920373520410372 0
vn 0.57350260699289302 0.81920373520410372 0
vn 0.57350260699289302 0.81920373520410372 0
vn 0.57361668670423349 0.8191238592145007 0
vn 0.57361668670423349 0.8191238592145007 0
vn 0.57361668670423349 0.8191238592145007 0
vn 0.42260624177635336 0.90631339194103622 0
vn 0.42260624177635336 0.90631339194103622 0
vn 0.42260624177635336 0.90631339194103622 0
vn 0.42260624177635336 0.90631339194103622 0
vn 0.42260624177635336 0.90631339194103622 0
vn 0.42260624177635336 0.90631339194103622 0
vn 0.258807730974495 0.96592885782951599 0
vn 0.258807730974495 0.96592885782951599 0
vn 0.258807730974495 0.96592885782951599 0
vn 0.25890101967180396 0.96590385754116348 0
vn 0.25890101967180396 0.96590385754116348 0
vn 0.25890101967180396 0.96590385754116348 0
vn 0.087298440801354793 0.99618220333112362 0
vn 0.087298440801354793 0.99618220333112362 0
vn 0.087298440801354793 0.99618220333112362 0
vn 0.087000715710615753 0.99620824904526895 0
vn 0.087000715710615753 0.99620824904526895 0
vn 0.087000715710615753 0.99620824904526895 0
vn -0.087000715710615753 0.99620824904526895 0
vn -0.087000715710615753 0.99620824904526895 0
vn -0.087000715710615753 0.99620824904526895 0
vn -0.087298440801354793 0.99618220333112362 0
vn -0.087298440801354793 0.99618220333112362 0
vn -0.087298440801354793 0.99618220333112362 0
vn -0.25890101967180396 0.96590385754116348 0
vn -0.25890101967180396 0.96590385754116348 0
vn -0.25890101967180396 0.96590385754116348 0
vn -0.258807730974495 0.96592885782951599 0
vn -0.258807730974495 0.96592885782951599 0
vn -0.258807730974495 0.96592885782951599 0
vn -0.42260624177635336 0.90631339194103622 0
vn -0.42260624177635336 0.90631339194103622 0
vn -0.42260624177635336 0.90631339194103622 0
vn -0.42260624177635336 0.90631339194103622 0
vn -0.42260624177635336 0.90631339194103622 0
vn -0.42260624177635336 0.90631339194103622 0
vn -0.57361668670423349 0.8191238592145007 0
vn -0.57361668670423349 0.8191238592145007 0
vn -0.57361668670423349 0.8191238592145007 0
vn -0.57350260699289302 0.81920373520410372 0
vn -0.57350260699289302 0.81920373520410372 0
vn -0.57350260699289302 0.81920373520410372 0
vn -0.70720676186615072 0.70700678636827363 0
vn -0.70720676186615072 0.70700678636827363 0
vn -0.70720676186615072 0.70700678636827363 0
vn -0.70710678118654757 0.70710678118654757 0
vn -0.70710678118654757 0.70710678118654757 0
vn -0.70710678118654757 0.70710678118654757 0
vn -0.8191238592145007 0.57361668670423349 0
vn -0.8191238592145007 0.57361668670423349 0
vn -0.8191238592145007 0.57361668670423349 0
vn -0.81907686368611887 0.57368379040557804 0
vn -0.81907686368611887 0.57368379040557804 0
vn -0.81907686368611887 0.57368379040557804 0
vn -0.90631339194103622 0.42260624177635336 0
vn -0.90631339194103622 0.42260624177635336 0
vn -0.90631339194103622 0.42260624177635336 0
vn -0.90631339194103622 0.42260624177635336 0
vn -0.90631339194103622 0.42260624177635336 0
vn -0.90631339194103622 0.42260624177635336 0
vn -0.96592885782951599 0.258807730974495 0
vn -0.96592885782951599 0.258807730974495 0
vn -0.96592885782951599 0.258807730974495 0
vn -0.96592885782951599 0.258807730974495 0
vn -0.96592885782951599 0.258807730974495 0
vn -0.96592885782951599 0.258807730974495 0
vn -0.99619089497091384 0.087199201699612247 0
vn -0.99619089497091384 0.087199201699612247 0
vn -0.99619089497091384 0.087199201699612247 0
vn -0.99619089497091384 0.087199201699612247 0
vn -0.99619089497091384 0.087199201699612247 0
vn -0.99619089497091384 0.087199201699612247 0
vn -0.99619089497091384 -0.087199201699612247 0
vn -0.99619089497091384 -0.087199201699612247 0
vn -0.99619089497091384 -0.087199201699612247 0
vn -0.99619089497091384 -0.087199201699612247 0
vn -0.99619089497091384 -0.087199201699612247 0
vn -0.99619089497091384 -0.087199201699612247 0
vn -0.96592885782951599 -0.258807730974495 0
vn -0.96592885782951599 -0.258807730974495 0
vn -0.96592885782951599 -0.258807730974495 0
vn -0.96592885782951599 -0.258807730974495 0
vn -0.96592885782951599 -0.258807730974495 0
vn -0.96592885782951599 -0.258807730974495 0
vn -0.90631339194103622 -0.42260624177635336 0
vn -0.90631339194103622 -0.42260624177635336 0
vn -0.90631339194103622 -0.42260624177635336 0
vn -0.90631339194103622 -0.42260624177635336 0
vn -0.90631339194103622 -0.42260624177635336 0
vn -0.90631339194103622 -0.42260624177635336 0
vn -0.81907686368611887 -0.57368379040557804 0
vn -0.81907686368611887 -0.57368379040557804 0
vn -0.81907686368611887 -0.57368379040557804 0
vn -0.8191238592145007 -0.57361668670423349 0
vn -0.8191238592145007 -0.57361668670423349 0
vn -0.8191238592145007 -0.57361668670423349 0
vn -0.70710678118654757 -0.70710678118654757 0
vn -0.70710678118654757 -0.70710678118654757 0
vn -0.70710678118654757 -0.70710678118654757 0
vn -0.70720676186615072 -0.70700678636827363 0
vn -0.70720676186615072 -0.70700678636827363 0
vn -0.70720676186615072 -0.70700678636827363 0
vn -0.57361668670423349 -0.8191238592145007 0
vn -0.57361668670423349 -0.8191238592145007 0
vn -0.57361668670423349 -0.8191238592145007 0
vn -0.57361668670423349 -0.8191238592145007 0
vn -0.57361668670423349 -0.8191238592145007 0
vn -0.57361668670423349 -0.8191238592145007 0
vn -0.42268836733042764 -0.90627509296214115 0
vn -0.42268836733042764 -0.90627509296214115 0
vn -0.42268836733042764 -0.90627509296214115 0
vn -0.42248580482338161 -0.90636954092838951 0
vn -0.42248580482338161 -0.90636954092838951 0
vn -0.42248580482338161 -0.90636954092838951 0
vn -0.25890101967180396 -0.96590385754116348 0
vn -0.25890101967180396 -0.96590385754116348 0
vn -0.25890101967180396 -0.96590385754116348 0
vn -0.258807730974495 -0.96592885782951599 0
vn -0.258807730974495 -0.96592885782951599 0
vn -0.258807730974495 -0.96592885782951599 0
vn -0.087099960001744497 -0.99619957687588612 0
vn -0.087099960001744497 -0.99619957687588612 0
vn -0.087099960001744497 -0.99619957687588612 0
vn -0.087000715710615753 -0.99620824904526895 0
vn -0.087000715710615753 -0.99620824904526895 0
vn -0.087000715710615753 -0.99620824904526895 0
vn 0.087000715710615753 -0.99620824904526895 0
vn 0.087000715710615753 -0.99620824904526895 0
vn 0.087000715710615753 -0.99620824904526895 0
vn 0.087099960001744497 -0.99619957687588612 0
vn 0.087099960001744497 -0.99619957687588612 0
vn 0.087099960001744497 -0.99619957687588612 0
vn 0.258807730974495 -0.96592885782951599 0
vn 0.258807730974495 -0.96592885782951599 0
vn 0.258807730974495 -0.96592885782951599 0
vn 0.25890101967180396 -0.96590385754116348 0
vn 0.25890101967180396 -0.96590385754116348 0
vn 0.25890101967180396 -0.96590385754116348 0
vn 0.42248580482338161 -0.90636954092838951 0
vn 0.42248580482338161 -0.90636954092838951 0
vn 0.42248580482338161 -0.90636954092838951 0
vn 0.42268836733042764 -0.90627509296214115 0
vn 0.42268836733042764 -0.90627509296214115 0
vn 0.42268836733042764 -0.90627509296214115 0
vn 0.57361668670423349 -0.8191238592145007 0
vn 0.57361668670423349 -0.8191238592145007 0
vn 0.57361668670423349 -0.8191238592145007 0
vn 0.57361668670423349 -0.8191238592145007 0
vn 0.57361668670423349 -0.8191238592145007 0
vn 0.57361668670423349 -0.8191238592145007 0
vn 0.70710678118654757 -0.70710678118654757 0
vn 0.70710678118654757 -0.70710678118654757 0
vn 0.70710678118654757 -0.70710678118654757 0
vn 0.70710678118654757 -0.70710678118654757 0
vn 0.70710678118654757 -0.70710678118654757 0
vn 0.70710678118654757 -0.70710678118654757 0
vn 0.8191238592145007 -0.57361668670423349 0
vn 0.8191238592145007 -0.57361668670423349 0
vn 0.8191238592145007 -0.57361668670423349 0
vn 0.81907686368611887 -0.57368379040557804 0
vn 0.81907686368611887 -0.57368379040557804 0
vn 0.81907686368611887 -0.57368379040557804 0
vn 0.90631339194103622 -0.42260624177635336 0
vn 0.90631339194103622 -0.42260624177635336 0
vn 0.90631339194103622 -0.42260624177635336 0
vn 0.90631339194103622 -0.42260624177635336 0
vn 0.90631339194103622 -0.42260624177635336 0
vn 0.90631339194103622 -0.42260624177635336 0
vn 0.96590385754116348 -0.25890101967180396 0
vn 0.96590385754116348 -0.25890101967180396 0
vn 0.96590385754116348 -0.25890101967180396 0
vn 0.96592885782951599 -0.258807730974495 0
vn 0.96592885782951599 -0.258807730974495 0
vn 0.96592885782951599 -0.258807730974495 0
vn 0.99619957687588612 -0.087099960001744497 0
vn 0.99619957687588612 -0.087099960001744497 0
vn 0.99619957687588612 -0.087099960001744497 0
vn 0.99619957687588612 -0.087099960001744497 0
vn 0.99619957687588612 -0.087099960001744497 0
vn 0.99619957687588612 -0.087099960001744497 0
vn 0.99619957687588612 0.087099960001744497 0
vn 0.99619957687588612 0.087099960001744497 0
vn 0.99619957687588612 0.087099960001744497 0
vn 0.99619957687588612 0.087099960001744497 0
vn 0.99619957687588612 0.087099960001744497 0
vn 0.99619957687588612 0.087099960001744497 0
vn 0.96592885782951599 0.258807730974495 0
vn 0.96592885782951599 0.258807730974495 0
vn 0.96592885782951599 0.258807730974495 0
vn 0.96592885782951599 0.258807730974495 0
vn 0.96592885782951599 0.258807730974495 0
vn 0.96592885782951599 0.258807730974495 0
vn 0.90631339194103622 0.42260624177635336 0
vn 0.90631339194103622 0.42260624177635336 0
vn 0.90631339194103622 0.42260624177635336 0
vn 0.90631339194103622 0.42260624177635336 0
vn 0.90631339194103622 0.42260624177635336 0
vn 0.90631339194103622 0.42260624177635336 0
vn 0.81907686368611887 0.57368379040557804 0
vn 0.81907686368611887 0.57368379040557804 0
vn 0.81907686368611887 0.57368379040557804 0
vn 0.8191238592145007 0.57361668670423349 0
vn 0.8191238592145007 0.57361668670423349 0
vn 0.8191238592145007 0.57361668670423349 0
vn 0.70710678118654757 0.70710678118654757 0
vn 0.70710678118654757 0.70710678118654757 0
vn 0.70710678118654757 0.70710678118654757 0
vn 0.70710678118654757 0.70710678118654757 0
vn 0.70710678118654757 0.70710678118654757 0
vn 0.70710678118654757 0.70710678118654757 0
vn 0.57350260699289302 0.81920373520410372 0
vn 0.57350260699289302 0.81920373520410372 0
vn 0.57350260699289302 0.81920373520410372 0
vn 0.57361668670423349 0.8191238592145007 0
vn 0.57361668670423349 0.8191238592145007 0
vn 0.57361668670423349 0.8191238592145007 0
vn 0.42260624177635336 0.90631339194103622 0
vn 0.42260624177635336 0.90631339194103622 0
vn 0.42260624177635336 0.90631339194103622 0
vn 0.42260624177635336 0.90631339194103622 0
vn 0.42260624177635336 0.90631339194103622 0
vn 0.42260624177635336 0.90631339194103622 0
vn 0.258807730974495 0.96592885782951599 0
vn 0.258807730974495 0.96592885782951599 0
vn 0.258807730974495 0.96592885782951599 0
vn 0.25890101967180396 0.96590385754116348 0
vn 0.25890101967180396 0.96590385754116348 0
vn 0.25890101967180396 0.96590385754116348 0
vn 0.087298440801354793 0.99618220333112362 0
vn 0.087298440801354793 0.99618220333112362 0
vn 0.087298440801354793 0.99618220333112362 0
vn 0.087000715710615753 0.99620824904526895 0
vn 0.087000715710615753 0.99620824904526895 0
vn 0.087000715710615753 0.99620824904526895 0
vn -0.087199201699612247 0.99619089497091384 0
vn -0.087199201699612247 0.99619089497091384 0
vn -0.087199201699612247 0.99619089497091384 0
vn -0.087199201699612247 0.99619089497091384 0
vn -0.087199201699612247 0.99619089497091384 0
vn -0.087199201699612247 0.99619089497091384 0
vn -0.258807730974495 0.96592885782951599 0
vn -0.258807730974495 0.96592885782951599 0
vn -0.258807730974495 0.96592885782951599 0
vn -0.258807730974495 0.96592885782951599 0
vn -0.258807730974495 0.96592885782951599 0
vn -0.258807730974495 0.96592885782951599 0
vn -0.42268836733042764 0.90627509296214115 0
vn -0.42268836733042764 0.90627509296214115 0
vn -0.42268836733042764 0.90627509296214115 0
vn -0.42268836733042764 0.90627509296214115 0
vn -0.42268836733042764 0.90627509296214115 0
vn -0.42268836733042764 0.90627509296214115 0
vn -0.5735697221378373 0.81915674559068619 0
vn -0.5735697221378373 0.81915674559068619 0
vn -0.5735697221378373 0.81915674559068619 0
vn -0.5735697221378373 0.81915674559068619 0
vn -0.5735697221378373 0.81915674559068619 0
vn -0.5735697221378373 0.81915674559068619 0
vn -0.70710678118654757 0.70710678118654757 0
vn -0.70710678118654757 0.70710678118654757 0
vn -0.70710678118654757 0.70710678118654757 0
vn -0.70710678118654757 0.70710678118654757 0
vn -0.70710678118654757 0.70710678118654757 0
vn -0.70710678118654757 0.70710678118654757 0
vn -0.8191238592145007 0.57361668670423349 0
vn -0.8191238592145007 0.57361668670423349 0
vn -0.8191238592145007 0.57361668670423349 0
vn -0.8191238592145007 0.57361668670423349 0
vn -0.8191238592145007 0.57361668670423349 0
vn -0.8191238592145007 0.57361668670423349 0
vn -0.90631339194103622 0.42260624177635336 0
vn -0.90631339194103622 0.42260624177635336 0
vn -0.90631339194103622 0.42260624177635336 0
vn -0.90631339194103622 0.42260624177635336 0
vn -0.90631339194103622 0.42260624177635336 0
vn -0.90631339194103622 0.42260624177635336 0
vn -0.96592885782951599 0.258807730974495 0
vn -0.96592885782951599 0.258807730974495 0
vn -0.96592885782951599 0.258807730974495 0
vn -0.96592885782951599 0.258807730974495 0
vn -0.96592885782951599 0.258807730974495 0
vn -0.96592885782951599 0.258807730974495 0
vn -0.99619089497091384 0.087199201699612247 0
vn -0.99619089497091384 0.087199201699612247 0
vn -0.99619089497091384 0.087199201699612247 0
vn -0.99619089497091384 0.087199201699612247 0
vn -0.99619089497091384 0.087199201699612247 0
vn -0.99619089497091384 0.087199201699612247 0
vn -0.99619089497091384 -0.087199201699612247 0
vn -0.99619089497091384 -0.087199201699612247 0
vn -0.99619089497091384 -0.087199201699612247 0
vn -0.99619089497091384 -0.087199201699612247 0
vn -0.99619089497091384 -0.087199201699612247 0
vn -0.99619089497091384 -0.087199201699612247 0
vn -0.96592885782951599 -0.258807730974495 0
vn -0.96592885782951599 -0.258807730974495 0
vn -0.96592885782951599 -0.258807730974495 0
vn -0.96592885782951599 -0.258807730974495 0
vn -0.96592885782951599 -0.258807730974495 0
vn -0.96592885782951599 -0.258807730974495 0
vn -0.90631339194103622 -0.42260624177635336 0
vn -0.90631339194103622 -0.42260624177635336 0
vn -0.90631339194103622 -0.42260624177635336 0
vn -0.90631339194103622 -0.42260624177635336 0
vn -0.90631339194103622 -0.42260624177635336 0
vn -0.90631339194103622 -0.42260624177635336 0
vn -0.8191238592145007 -0.57361668670423349 0
vn -0.8191238592145007 -0.57361668670423349 0
vn -0.8191238592145007 -0.57361668670423349 0
vn -0.8191238592145007 -0.57361668670423349 0
vn -0.8191238592145007 -0.57361668670423349 0
vn -0.8191238592145007 -0.57361668670423349 0
vn -0.70710678118654757 -0.70710678118654757 0
vn -0.70710678118654757 -0.70710678118654757 0
vn -0.70710678118654757 -0.70710678118654757 0
vn -0.70710678118654757 -0.70710678118654757 0
vn -0.70710678118654757 -0.70710678118654757 0
vn -0.70710678118654757 -0.70710678118654757 0
vn -0.57350260699289302 -0.81920373520410372 0
vn -0.57350260699289302 -0.81920373520410372 0
vn -0.57350260699289302 -0.81920373520410372 0
vn -0.57350260699289302 -0.81920373520410372 0
vn -0.57350260699289302 -0.81920373520410372 0
vn -0.57350260699289302 -0.81920373520410372 0
vn -0.42268836733042764 -0.90627509296214115 0
vn -0.42268836733042764 -0.90627509296214115 0
vn -0.42268836733042764 -0.90627509296214115 0
vn -0.42268836733042764 -0.90627509296214115 0
vn -0.42268836733042764 -0.90627509296214115 0
vn -0.42268836733042764 -0.90627509296214115 0
vn -0.258807730974495 -0.96592885782951599 0
vn -0.258807730974495 -0.96592885782951599 0
vn -0.258807730974495 -0.96592885782951599 0
vn -0.258807730974495 -0.96592885782951599 0
vn -0.258807730974495 -0.96592885782951599 0
vn -0.258807730974495 -0.96592885782951599 0
vn -0.087099960001744497 -0.99619957687588612 0
vn -0.087099960001744497 -0.99619957687588612 0
vn -0.087099960001744497 -0.99619957687588612 0
vn -0.087099960001744497 -0.99619957687588612 0
vn -0.087099960001744497 -0.99619957687588612 0
vn -0.087099960001744497 -0.99619957687588612 0
vn 0.087099960001744497 -0.99619957687588612 0
vn 0.087099960001744497 -0.99619957687588612 0
vn 0.087099960001744497 -0.99619957687588612 0
vn 0.087099960001744497 -0.99619957687588612 0
vn 0.087099960001744497 -0.99619957687588612 0
vn 0.087099960001744497 -0.99619957687588612 0
vn 0.258807730974495 -0.96592885782951599 0
vn 0.258807730974495 -0.96592885782951599 0
vn 0.258807730974495 -0.96592885782951599 0
vn 0.258807730974495 -0.96592885782951599 0
vn 0.258807730974495 -0.96592885782951599 0
vn 0.258807730974495 -0.96592885782951599 0
vn 0.42260624177635336 -0.90631339194103622 0
vn 0.42260624177635336 -0.90631339194103622 0
vn 0.42260624177635336 -0.90631339194103622 0
vn 0.42260624177635336 -0.90631339194103622 0
vn 0.42260624177635336 -0.90631339194103622 0
vn 0.42260624177635336 -0.90631339194103622 0
vn 0.5735697221378373 -0.81915674559068619 0
vn 0.5735697221378373 -0.81915674559068619 0
vn 0.5735697221378373 -0.81915674559068619 0
vn 0.5735697221378373 -0.81915674559068619 0
vn 0.5735697221378373 -0.81915674559068619 0
vn 0.5735697221378373 -0.81915674559068619 0
vn 0.70710678118654757 -0.70710678118654757 0
vn 0.70710678118654757 -0.70710678118654757 0
vn 0.70710678118654757 -0.70710678118654757 0
vn 0.70710678118654757 -0.70710678118654757 0
vn 0.70710678118654757 -0.70710678118654757 0
vn 0.70710678118654757 -0.70710678118654757 0
vn 0.8191238592145007 -0.57361668670423349 0
vn 0.8191238592145007 -0.57361668670423349 0
vn 0.8191238592145007 -0.57361668670423349 0
vn 0.8191238592145007 -0.57361668670423349 0
vn 0.8191238592145007 -0.57361668670423349 0
vn 0.8191238592145007 -0.57361668670423349 0
vn 0.90631339194103622 -0.42260624177635336 0
vn 0.90631339194103622 -0.42260624177635336 0
vn 0.90631339194103622 -0.42260624177635336 0
vn 0.90631339194103622 -0.42260624177635336 0
vn 0.90631339194103622 -0.42260624177635336 0
vn 0.90631339194103622 -0.42260624177635336 0
vn 0.96592885782951599 -0.258807730974495 0
vn 0.96592885782951599 -0.258807730974495 0
vn 0.96592885782951599 -0.258807730974495 0
vn 0.96592885782951599 -0.258807730974495 0
vn 0.96592885782951599 -0.258807730974495 0
vn 0.96592885782951599 -0.258807730974495 0
vn 0.99619957687588612 -0.087099960001744497 0
vn 0.99619957687588612 -0.087099960001744497 0
vn 0.99619957687588612 -0.087099960001744497 0
vn 0.99619957687588612 -0.087099960001744497 0
vn 0.99619957687588612 -0.087099960001744497 0
vn 0.99619957687588612 -0.087099960001744497 0
vn 0.99619957687588612 0.087099960001744497 0
vn 0.99619957687588612 0.087099960001744497 0
vn 0.99619957687588612 0.087099960001744497 0
vn 0.99619957687588612 0.087099960001744497 0
vn 0.99619957687588612 0.087099960001744497 0
vn 0.99619957687588612 0.087099960001744497 0
vn 0.96592885782951599 0.258807730974495 0
vn 0.96592885782951599 0.258807730974495 0
vn 0.96592885782951599 0.258807730974495 0
vn 0.96592885782951599 0.258807730974495 0
vn 0.96592885782951599 0.258807730974495 0
vn 0.96592885782951599 0.258807730974495 0
vn 0.90631339194103622 0.42260624177635336 0
vn 0.90631339194103622 0.42260624177635336 0
vn 0.90631339194103622 0.42260624177635336 0
vn 0.90631339194103622 0.42260624177635336 0
vn 0.90631339194103622 0.42260624177635336 0
vn 0.90631339194103622 0.42260624177635336 0
vn 0.8191238592145007 0.57361668670423349 0
vn 0.8191238592145007 0.57361668670423349 0
vn 0.8191238592145007 0.57361668670423349 0
vn 0.8191238592145007 0.57361668670423349 0
vn 0.8191238592145007 0.57361668670423349 0
vn 0.8191238592145007 0.57361668670423349 0
vn 0.70710678118654757 0.70710678118654757 0
vn 0.70710678118654757 0.70710678118654757 0
vn 0.70710678118654757 0.70710678118654757 0
vn 0.70710678118654757 0.70710678118654757 0
vn 0.70710678118654757 0.70710678118654757 0
vn 0.70710678118654757 0.70710678118654757 0
vn 0.57361668670423349 0.8191238592145007 0
vn 0.57361668670423349 0.8191238592145007 0
vn 0.57361668670423349 0.8191238592145007 0
vn 0.57361668670423349 0.8191238592145007 0
vn 0.57361668670423349 0.8191238592145007 0
vn 0.57361668670423349 0.8191238592145007 0
vn 0.42260624177635336 0.90631339194103622 0
vn 0.42260624177635336 0.90631339194103622 0
vn 0.42260624177635336 0.90631339194103622 0
vn 0.42260624177635336 0.90631339194103622 0
vn 0.42260624177635336 0.90631339194103622 0
vn 0.42260624177635336 0.90631339194103622 0
vn 0.258807730974495 0.96592885782951599 0
vn 0.258807730974495 0.96592885782951599 0
vn 0.258807730974495 0.96592885782951599 0
vn 0.258807730974495 0.96592885782951599 0
vn 0.258807730974495 0.96592885782951599 0
vn 0.258807730974495 0.96592885782951599 0
vn 0.087199201699612247 0.99619089497091384 0
vn 0.087199201699612247 0.99619089497091384 0
vn 0.087199201699612247 0.99619089497091384 0
vn 0.087199201699612247 0.99619089497091384 0
vn 0.087199201699612247 0.99619089497091384 0
vn 0.087199201699612247 0.99619089497091384 0
vn -0.087199201699612247 0.99619089497091384 0
vn -0.087199201699612247 0.99619089497091384 0
vn -0.087199201699612247 0.99619089497091384 0
vn -0.087199201699612247 0.99619089497091384 0
vn -0.087199201699612247 0.99619089497091384 0
vn -0.087199201699612247 0.99619089497091384 0
vn -0.258807730974495 0.96592885782951599 0
vn -0.258807730974495 0.96592885782951599 0
vn -0.258807730974495 0.96592885782951599 0
vn -0.258807730974495 0.96592885782951599 0
vn -0.258807730974495 0.96592885782951599 0
vn -0.258807730974495 0.96592885782951599 0
vn -0.42260624177635336 0.90631339194103622 0
vn -0.42260624177635336 0.90631339194103622 0
vn -0.42260624177635336 0.90631339194103622 0
vn -0.42260624177635336 0.90631339194103622 0
vn -0.42260624177635336 0.90631339194103622 0
vn -0.42260624177635336 0.90631339194103622 0
vn -0.57361668670423349 0.8191238592145007 0
vn -0.57361668670423349 0.8191238592145007 0
vn -0.57361668670423349 0.8191238592145007 0
vn -0.5735697221378373 0.81915674559068619 0
vn -0.5735697221378373 0.81915674559068619 0
vn -0.5735697221378373 0.81915674559068619 0
vn -0.70710678118654757 0.70710678118654757 0
vn -0.70710678118654757 0.70710678118654757 0
vn -0.70710678118654757 0.70710678118654757 0
vn -0.70710678118654757 0.70710678118654757 0
vn -0.70710678118654757 0.70710678118654757 0
vn -0.70710678118654757 0.70710678118654757 0
vn -0.81915674559068619 0.5735697221378373 0
vn -0.81915674559068619 0.5735697221378373 0
vn -0.81915674559068619 0.5735697221378373 0
vn -0.81915674559068619 0.5735697221378373 0
vn -0.81915674559068619 0.5735697221378373 0
vn -0.81915674559068619 0.5735697221378373 0
vn -0.90631339194103622 0.42260624177635336 0
vn -0.90631339194103622 0.42260624177635336 0
vn -0.90631339194103622 0.42260624177635336 0
vn -0.90631339194103622 0.42260624177635336 0
vn -0.90631339194103622 0.42260624177635336 0
vn -0.90631339194103622 0.42260624177635336 0
vn -0.96592885782951599 0.258807730974495 0
vn -0.96592885782951599 0.258807730974495 0
vn -0.96592885782951599 0.258807730974495 0
vn -0.96592885782951599 0.258807730974495 0
vn -0.96592885782951599 0.258807730974495 0
vn -0.96592885782951599 0.258807730974495 0
vn -0.99619089497091384 0.087199201699612247 0
vn -0.99619089497091384 0.087199201699612247 0
vn -0.99619089497091384 0.087199201699612247 0
vn -0.99619089497091384 0.087199201699612247 0
vn -0.99619089497091384 0.087199201699612247 0
vn -0.99619089497091384 0.087199201699612247 0
vn -0.99619957687588612 -0.087099960001744497 0
vn -0.99619957687588612 -0.087099960001744497 0
vn -0.99619957687588612 -0.087099960001744497 0
vn -0.99619957687588612 -0.087099960001744497 0
vn -0.99619957687588612 -0.087099960001744497 0
vn -0.99619957687588612 -0.087099960001744497 0
vn -0.96592885782951599 -0.258807730974495 0
vn -0.96592885782951599 -0.258807730974495 0
vn -0.96592885782951599 -0.258807730974495 0
vn -0.96592885782951599 -0.258807730974495 0
vn -0.96592885782951599 -0.258807730974495 0
vn -0.96592885782951599 -0.258807730974495 0
vn -0.90631339194103622 -0.42260624177635336 0
vn -0.90631339194103622 -0.42260624177635336 0
vn -0.90631339194103622 -0.42260624177635336 0
vn -0.90631339194103622 -0.42260624177635336 0
vn -0.90631339194103622 -0.42260624177635336 0
vn -0.90631339194103622 -0.42260624177635336 0
vn -0.81915674559068619 -0.5735697221378373 0
vn -0.81915674559068619 -0.5735697221378373 0
vn -0.81915674559068619 -0.5735697221378373 0
vn -0.81915674559068619 -0.5735697221378373 0
vn -0.81915674559068619 -0.5735697221378373 0
vn -0.81915674559068619 -0.5735697221378373 0
vn -0.70710678118654757 -0.70710678118654757 0
vn -0.70710678118654757 -0.70710678118654757 0
vn -0.70710678118654757 -0.70710678118654757 0
vn -0.70710678118654757 -0.70710678118654757 0
vn -0.70710678118654757 -0.70710678118654757 0
vn -0.70710678118654757 -0.70710678118654757 0
vn -0.5735697221378373 -0.81915674559068619 0
vn -0.5735697221378373 -0.81915674559068619 0
vn -0.5735697221378373 -0.81915674559068619 0
vn -0.5735697221378373 -0.81915674559068619 0
vn -0.5735697221378373 -0.81915674559068619 0
vn -0.5735697221378373 -0.81915674559068619 0
vn -0.42260624177635336 -0.90631339194103622 0
vn -0.42260624177635336 -0.90631339194103622 0
vn -0.42260624177635336 -0.90631339194103622 0
vn -0.42260624177635336 -0.90631339194103622 0
vn -0.42260624177635336 -0.90631339194103622 0
vn -0.42260624177635336 -0.90631339194103622 0
vn -0.258807730974495 -0.96592885782951599 0
vn -0.258807730974495 -0.96592885782951599 0
vn -0.258807730974495 -0.96592885782951599 0
vn -0.258807730974495 -0.96592885782951599 0
vn -0.258807730974495 -0.96592885782951599 0
vn -0.258807730974495 -0.96592885782951599 0
vn -0.087099960001744497 -0.99619957687588612 0
vn -0.087099960001744497 -0.99619957687588612 0
vn -0.087099960001744497 -0.99619957687588612 0
vn -0.087099960001744497 -0.99619957687588612 0
vn -0.087099960001744497 -0.99619957687588612 0
vn -0.087099960001744497 -0.99619957687588612 0
vn 0.087099960001744497 -0.99619957687588612 0
vn 0.087099960001744497 -0.99619957687588612 0
vn 0.087099960001744497 -0.99619957687588612 0
vn 0.087099960001744497 -0.99619957687588612 0
vn 0.087099960001744497 -0.99619957687588612 0
vn 0.087099960001744497 -0.99619957687588612 0
vn 0.258807730974495 -0.96592885782951599 0
vn 0.258807730974495 -0.96592885782951599 0
vn 0.258807730974495 -0.96592885782951599 0
vn 0.258807730974495 -0.96592885782951599 0
vn 0.258807730974495 -0.96592885782951599 0
vn 0.258807730974495 -0.96592885782951599 0
vn 0.42260624177635336 -0.90631339194103622 0
vn 0.42260624177635336 -0.90631339194103622 0
vn 0.42260624177635336 -0.90631339194103622 0
vn 0.42260624177635336 -0.90631339194103622 0
vn 0.42260624177635336 -0.90631339194103622 0
vn 0.42260624177635336 -0.90631339194103622 0
vn 0.5735697221378373 -0.81915674559068619 0
vn 0.5735697221378373 -0.81915674559068619 0
vn 0.5735697221378373 -0.81915674559068619 0
vn 0.5735697221378373 -0.81915674559068619 0
vn 0.5735697221378373 -0.81915674559068619 0
vn 0.5735697221378373 -0.81915674559068619 0
vn 0.70710678118654757 -0.70710678118654757 0
vn 0.70710678118654757 -0.70710678118654757 0
vn 0.70710678118654757 -0.70710678118654757 0
vn 0.70710678118654757 -0.70710678118654757 0
vn 0.70710678118654757 -0.70710678118654757 0
vn 0.70710678118654757 -0.70710678118654757 0
vn 0.8191238592145007 -0.57361668670423349 0
vn 0.8191238592145007 -0.57361668670423349 0
vn 0.8191238592145007 -0.57361668670423349 0
vn 0.8191238592145007 -0.57361668670423349 0
vn 0.8191238592145007 -0.57361668670423349 0
vn 0.8191238592145007 -0.57361668670423349 0
vn 0.90631339194103622 -0.42260624177635336 0
vn 0.90631339194103622 -0.42260624177635336 0
vn 0.90631339194103622 -0.42260624177635336 0
vn 0.90631339194103622 -0.42260624177635336 0
vn 0.90631339194103622 -0.42260624177635336 0
vn 0.90631339194103622 -0.42260624177635336 0
vn 0.96592885782951599 -0.258807730974495 0
vn 0.96592885782951599 -0.258807730974495 0
vn 0.96592885782951599 -0.258807730974495 0
vn 0.96592885782951599 -0.258807730974495 0
vn 0.96592885782951599 -0.258807730974495 0
vn 0.96592885782951599 -0.258807730974495 0
vn 0.99619089497091384 -0.087199201699612247 0
vn 0.99619089497091384 -0.087199201699612247 0
vn 0.99619089497091384 -0.087199201699612247 0
vn 0.99619089497091384 -0.087199201699612247 0
vn 0.99619089497091384 -0.087199201699612247 0
vn 0.99619089497091384 -0.087199201699612247 0
vn 0.99619089497091384 0.087199201699612247 0
vn 0.99619089497091384 0.087199201699612247 0
vn 0.99619089497091384 0.087199201699612247 0
vn 0.99619089497091384 0.087199201699612247 0
vn 0.99619089497091384 0.087199201699612247 0
vn 0.99619089497091384 0.087199201699612247 0
vn 0.96592885782951599 0.258807730974495 0
vn 0.96592885782951599 0.258807730974495 0
vn 0.96592885782951599 0.258807730974495 0
vn 0.96592885782951599 0.258807730974495 0
vn 0.96592885782951599 0.258807730974495 0
vn 0.96592885782951599 0.258807730974495 0
vn 0.90631339194103622 0.42260624177635336 0
vn 0.90631339194103622 0.42260624177635336 0
vn 0.90631339194103622 0.42260624177635336 0
vn 0.90631339194103622 0.42260624177635336 0
vn 0.90631339194103622 0.42260624177635336 0
vn 0.90631339194103622 0.42260624177635336 0
vn 0.8191238592145007 0.57361668670423349 0
vn 0.8191238592145007 0.57361668670423349 0
vn 0.8191238592145007 0.57361668670423349 0
vn 0.8191238592145007 0.57361668670423349 0
vn 0.8191238592145007 0.57361668670423349 0
vn 0.8191238592145007 0.57361668670423349 0
vn 0.70710678118654757 0.70710678118654757 0
vn 0.70710678118654757 0.70710678118654757 0
vn 0.70710678118654757 0.70710678118654757 0
vn 0.70710678118654757 0.70710678118654757 0
vn 0.70710678118654757 0.70710678118654757 0
vn 0.70710678118654757 0.70710678118654757 0
vn 0.5735697221378373 0.81915674559068619 0
vn 0.5735697221378373 0.81915674559068619 0
vn 0.5735697221378373 0.81915674559068619 0
vn 0.57361668670423349 0.8191238592145007 0
vn 0.57361668670423349 0.8191238592145007 0
vn 0.57361668670423349 0.8191238592145007 0
vn 0.42260624177635336 0.90631339194103622 0
vn 0.42260624177635336 0.90631339194103622 0
vn 0.42260624177635336 0.90631339194103622 0
vn 0.42260624177635336 0.90631339194103622 0
vn 0.42260624177635336 0.90631339194103622 0
vn 0.42260624177635336 0.90631339194103622 0
vn 0.258807730974495 0.96592885782951599 0
vn 0.258807730974495 0.96592885782951599 0
vn 0.258807730974495 0.96592885782951599 0
vn 0.258807730974495 0.96592885782951599 0
vn 0.258807730974495 0.96592885782951599 0
vn 0.258807730974495 0.96592885782951599 0
vn 0.087199201699612247 0.99619089497091384 0
vn 0.087199201699612247 0.99619089497091384 0
vn 0.087199201699612247 0.99619089497091384 0
vn 0.087199201699612247 0.99619089497091384 0
vn 0.087199201699612247 0.99619089497091384 0
vn 0.087199201699612247 0.99619089497091384 0
vn 0 1 0
vn 0 1 0
vn 0 1 0
vn 0 1 0
vn 0 1 0
vn 0 1 0
vn 0 1 0
vn 0 1 0
vn 0 1 0
vn 0 1 0
vn 0 1 0
vn 0 1 0
vn 0 1 0
vn 0 1 0
vn 0 1 0
vn 0 1 0
vn 0 1 0
vn 0 1 0
vn 0 1 0
vn 0 1 0
vn 0 1 0
vn -1 0 0
vn -1 0 0
vn -1 0 0
vn -1 0 0
vn -1 0 0
vn -1 0 0
vn -0.99999999500000025 0 -9.9999996973787559e-05
vn -0.99999999500000025 0 -9.9999996973787559e-05
vn -0.99999999500000025 0 -9.9999996973787559e-05
vn -1 0 0
vn -1 0 0
vn -1 0 0
vn 0 -1 0
vn 0 -1 0
vn 0 -1 0
vn 0 -1 0
vn 0 -1 0
vn 0 -1 0
vn 0 -1 0
vn 0 -1 0
vn 0 -1 0
vn 0 -1 0
vn 0 -1 0
vn 0 -1 0
vn 0 -1 0
vn 0 -1 0
vn 0 -1 0
vn 0 -1 0
vn 0 -1 0
vn 0 -1 0
vn 0 -1 0
vn 0 -1 0
vn 0 -1 0
vn 1 0 0
vn 1 0 0
vn 1 0 0
vn 1 0 0
vn 1 0 0
vn 1 0 0
vn 1 0 0
vn 1 0 0
vn 1 0 0
vn 1 0 0
vn 1 0 0
vn 1 0 0
vn 0 0 -1
vn 0 0 -1
vn 0 0 -1
vn 0 0 -1
vn 0 0 -1
vn 0 0 -1
f 1//1 2//2 3//3
f 4//4 5//5 6//6
f 7//7 8//8 9//9
f 10//10 11//11 12//12
f 13//13 14//14 15//15
f 16//16 17//17 18//18
f 19//19 20//20 21//21
f 22//22 23//23 24//24
f 25//25 26//26 27//27
f 28//28 29//29 30//30
f 31//31 32//32 33//33
f 34//34 35//35 36//36
f 37//37 38//38 39//39
f 39//40 38//41 40//42
f 41//43 42//44 43//45
f 43//46 42//47 44//48
f 45//49 46//50 47//51
f 47//52 46//53 48//54
f 45//55 49//56 46//57
f 46//58 49//59 50//60
f 46//61 50//62 51//63
f 44//64 52//65 43//66
f 43//67 52//68 53//69
f 43//70 53//71 54//72
f 37//73 55//74 38//75
f 38//76 55//77 56//78
f 38//79 56//80 46//81
f 46//82 56//83 57//84
f 46//85 57//86 48//87
f 54//88 58//89 43//90
f 43//91 58//92 59//93
f 43//94 59//95 60//96
f 60//97 61//98 43//99
f 43//100 61//101 62//102
f 43//103 62//104 63//105
f 63//106 62//107 64//108
f 63//109 64//110 65//111
f 66//112 67//113 68//114
f 65//115 69//116 63//117
f 63//118 69//119 70//120
f 63//121 70//122 68//123
f 68//124 70//125 71//126
f 68//127 71//128 66//129
f 40//130 38//131 72//132
f 72//133 38//134 73//135
f 72//136 73//137 74//138
f 67//139 75//140 68//141
f 68//142 75//143 76//144
f 68//145 76//146 77//147
f 78//148 79//149 73//150
f 73//151 79//152 80//153
f 73//154 80//155 74//156
f 81//157 82//158 83//159
f 84//160 85//161 86//162
f 86//163 85//164 87//165
f 81//166 83//167 88//168
f 89//169 90//170 91//171
f 92//172 93//173 89//174
f 89//175 93//176 94//177
f 95//178 96//179 97//180
f 97//181 96//182 98//183
f 97//184 98//185 99//186
f 82//187 100//188 83//189
f 83//190 100//191 101//192
f 83//193 101//194 89//195
f 89//196 101//197 102//198
f 89//199 102//200 90//201
f 91//202 103//203 89//204
f 89//205 103//206 104//207
f 89//208 104//209 92//210
f 99//211 105//212 97//213
f 97//214 105//215 106//216
f 97//217 106//218 107//219
f 107//220 108//221 97//222
f 97//223 108//224 109//225
f 97//226 109//227 86//228
f 86//229 109//230 110//231
f 86//232 110//233 84//234
f 111//235 112//236 113//237
f 87//238 114//239 86//240
f 86//241 114//242 115//243
f 86//244 115//245 113//246
f 113//247 115//248 116//249
f 113//250 116//251 111//252
f 117//253 118//254 119//255
f 119//256 118//257 120//258
f 119//259 120//260 121//261
f 121//262 122//263 119//264
f 119//265 122//266 123//267
f 119//268 123//269 83//270
f 83//271 123//272 124//273
f 83//274 124//275 88//276
f 125//277 126//278 127//279
f 127//280 126//281 128//282
f 129//283 130//284 131//285
f 131//286 130//287 132//288
f 133//289 134//290 135//291
f 135//292 134//293 136//294
f 136//295 137//296 135//297
f 135//298 137//299 138//300
f 135//301 138//302 139//303
f 139//304 138//305 140//306
f 139//307 140//308 141//309
f 142//310 143//311 144//312
f 145//313 146//314 147//315
f 147//316 146//317 148//318
f 147//319 148//320 149//321
f 149//322 150//323 147//324
f 147//325 150//326 151//327
f 147//328 151//329 152//330
f 152//331 151//332 153//333
f 152//334 153//335 154//336
f 32//337 155//338 33//339
f 33//340 155//341 156//342
f 33//343 156//344 144//345
f 144//346 156//347 157//348
f 144//349 157//350 142//351
f 158//352 159//353 160//354
f 158//355 160//356 161//357
f 159//358 162//359 160//360
f 160//361 162//362 163//363
f 160//364 163//365 164//366
f 164//367 163//368 165//369
f 164//370 165//371 166//372
f 167//373 168//374 169//375
f 167//376 169//377 170//378
f 171//379 172//380 173//381
f 173//382 172//383 174//384
f 168//385 175//386 169//387
f 169//388 175//389 176//390
f 169//391 176//392 177//393
f 177//394 176//395 178//396
f 177//397 178//398 179//399
f 35//400 180//401 36//402
f 36//403 180//404 181//405
f 36//406 181//407 173//408
f 173//409 181//410 182//411
f 173//412 182//413 171//414
f 183//415 184//416 185//417
f 185//418 184//419 186//420
f 185//421 186//422 187//423
f 187//424 188//425 185//426
f 185//427 188//428 189//429
f 185//430 189//431 190//432
f 190//433 189//434 191//435
f 190//436 191//437 192//438
f 193//439 194//440 195//441
f 30//442 196//443 197//444
f 197//445 196//446 198//447
f 197//448 198//449 199//450
f 200//451 201//452 202//453
f 202//454 201//455 203//456
f 202//457 203//458 195//459
f 195//460 203//461 204//462
f 195//463 204//464 193//465
f 29//466 205//467 30//468
f 30//469 205//470 206//471
f 30//472 206//473 196//474
f 207//475 208//476 209//477
f 209//478 208//479 210//480
f 211//481 212//482 213//483
f 213//484 212//485 214//486
f 213//487 214//488 215//489
f 27//490 216//491 217//492
f 217//493 216//494 218//495
f 218//496 219//497 217//498
f 217//499 219//500 220//501
f 217//502 220//503 211//504
f 211//505 220//506 221//507
f 211//508 221//509 212//510
f 26//511 222//512 27//513
f 27//514 222//515 223//516
f 27//517 223//518 216//519
f 224//520 225//521 25//522
f 23//523 226//524 227//525
f 227//526 226//527 228//528
f 227//529 228//530 224//531
f 224//532 228//533 229//534
f 224//535 229//536 225//537
f 22//538 24//539 230//540
f 192//541 231//542 190//543
f 190//544 231//545 232//546
f 190//547 232//548 24//549
f 24//550 232//551 233//552
f 24//553 233//554 230//555
f 234//556 235//557 236//558
f 236//559 235//560 237//561
f 237//562 235//563 238//564
f 237//565 238//566 239//567
f 240//568 241//569 242//570
f 242//571 241//572 243//573
f 244//574 245//575 246//576
f 247//577 248//578 249//579
f 249//580 248//581 244//582
f 249//583 244//584 250//585
f 250//586 244//587 246//588
f 20//589 251//590 21//591
f 21//592 251//593 252//594
f 21//595 252//596 253//597
f 254//598 255//599 256//600
f 256//601 255//602 257//603
f 256//604 257//605 258//606
f 258//607 259//608 256//609
f 256//610 259//611 260//612
f 256//613 260//614 244//615
f 244//616 260//617 261//618
f 244//619 261//620 245//621
f 262//622 263//623 264//624
f 265//625 266//626 267//627
f 267//628 266//629 268//630
f 267//631 268//632 262//633
f 263//634 269//635 264//636
f 264//637 269//638 270//639
f 264//640 270//641 271//642
f 272//643 273//644 274//645
f 275//646 276//647 274//648
f 274//649 276//650 277//651
f 274//652 277//653 272//654
f 247//655 278//656 248//657
f 248//658 278//659 279//660
f 248//661 279//662 280//663
f 281//664 282//665 275//666
f 279//667 283//668 280//669
f 280//670 283//671 284//672
f 280//673 284//674 285//675
f 285//676 286//677 280//678
f 280//679 286//680 287//681
f 280//682 287//683 275//684
f 275//685 287//686 288//687
f 275//688 288//689 281//690
f 282//691 289//692 275//693
f 275//694 289//695 290//696
f 275//697 290//698 276//699
f 291//700 292//701 293//702
f 292//703 294//704 293//705
f 293//706 294//707 295//708
f 293//709 295//710 296//711
f 296//712 297//713 293//714
f 293//715 297//716 298//717
f 293//718 298//719 299//720
f 299//721 298//722 300//723
f 300//724 301//725 299//726
f 299//727 301//728 302//729
f 299//730 302//731 303//732
f 303//733 304//734 299//735
f 299//736 304//737 305//738
f 299//739 305//740 306//741
f 307//742 308//743 309//744
f 309//745 308//746 310//747
f 311//748 312//749 293//750
f 293//751 312//752 313//753
f 293//754 313//755 291//756
f 310//757 314//758 309//759
f 309//760 314//761 315//762
f 309//763 315//764 311//765
f 311//766 315//767 316//768
f 311//769 316//770 312//771
f 317//772 318//773 319//774
f 318//775 320//776 319//777
f 319//778 320//779 321//780
f 319//781 321//782 322//783
f 323//784 307//785 324//786
f 324//787 307//788 319//789
f 324//790 319//791 325//792
f 325//793 319//794 322//795
f 323//796 326//797 307//798
f 307//799 326//800 327//801
f 307//802 327//803 328//804
f 328//805 329//806 307//807
f 307//808 329//809 330//810
f 307//811 330//812 308//813
f 331//814 332//815 333//816
f 333//817 332//818 334//819
f 333//820 334//821 335//822
f 335//823 334//824 306//825
f 331//826 336//827 332//828
f 332//829 336//830 337//831
f 332//832 337//833 319//834
f 319//835 337//836 338//837
f 319//838 338//839 317//840
f 339//841 340//842 341//843
f 341//844 340//845 342//846
f 343//847 344//848 345//849
f 345//850 344//851 346//852
f 345//853 346//854 347//855
f 347//856 346//857 348//858
f 345//859 349//860 343//861
f 343//862 349//863 350//864
f 343//865 350//866 351//867
f 351//868 350//869 352//870
f 351//871 352//872 353//873
f 353//874 352//875 354//876
f 353//877 354//878 355//879
f 356//880 357//881 358//882
f 340//883 359//884 342//885
f 342//886 359//887 356//888
f 342//889 356//890 360//891
f 360//892 356//893 358//894
f 361//895 362//896 363//897
f 14//898 364//899 15//900
f 15//901 364//902 365//903
f 15//904 365//905 366//906
f 366//907 367//908 15//909
f 15//910 367//911 368//912
f 15//913 368//914 369//915
f 370//916 371//917 311//918
f 311//919 371//920 372//921
f 372//922 373//923 311//924
f 311//925 373//926 374//927
f 311//928 374//929 375//930
f 362//931 376//932 363//933
f 363//934 376//935 377//936
f 363//937 377//938 378//939
f 378//940 379//941 363//942
f 363//943 379//944 380//945
f 363//946 380//947 381//948
f 382//949 383//950 309//951
f 375//952 384//953 311//954
f 311//955 384//956 385//957
f 311//958 385//959 309//960
f 309//961 385//962 386//963
f 309//964 386//965 382//966
f 383//967 387//968 309//969
f 309//970 387//971 388//972
f 309//973 388//974 389//975
f 381//976 390//977 363//978
f 363//979 390//980 391//981
f 363//982 391//983 311//984
f 311//985 391//986 392//987
f 311//988 392//989 370//990
f 393//991 394//992 395//993
f 396//994 397//995 398//996
f 398//997 397//998 395//999
f 398//1000 395//1001 399//1002
f 399//1003 395//1004 394//1005
f 400//1006 401//1007 402//1008
f 402//1009 401//1010 403//1011
f 403//1012 404//1013 402//1014
f 402//1015 404//1016 405//1017
f 402//1018 405//1019 406//1020
f 406//1021 405//1022 407//1023
f 406//1024 407//1025 408//1026
f 409//1027 410//1028 411//1029
f 411//1030 410//1031 412//1032
f 411//1033 412//1034 413//1035
f 409//1036 414//1037 410//1038
f 410//1039 414//1040 415//1041
f 410//1042 415//1043 416//1044
f 408//1045 417//1046 406//1047
f 406//1048 417//1049 418//1050
f 406//1051 418//1052 419//1053
f 412//1054 420//1055 421//1056
f 419//1057 422//1058 406//1059
f 406//1060 422//1061 423//1062
f 406//1063 423//1064 424//1065
f 425//1066 426//1067 412//1068
f 412//1069 426//1070 427//1071
f 412//1072 427//1073 420//1074
f 421//1075 428//1076 412//1077
f 412//1078 428//1079 429//1080
f 412//1081 429//1082 413//1083
f 430//1084 431//1085 432//1086
f 416//1087 433//1088 410//1089
f 410//1090 433//1091 434//1092
f 410//1093 434//1094 435//1095
f 435//1096 434//1097 436//1098
f 435//1099 436//1100 437//1101
f 431//1102 438//1103 432//1104
f 432//1105 438//1106 439//1107
f 432//1108 439//1109 402//1110
f 402//1111 439//1112 440//1113
f 402//1114 440//1115 400//1116
f 441//1117 442//1118 432//1119
f 432//1120 442//1121 443//1122
f 432//1123 443//1124 430//1125
f 444//1126 445//1127 446//1128
f 447//1129 448//1130 449//1131
f 449//1132 448//1133 450//1134
f 445//1135 451//1136 446//1137
f 446//1138 451//1139 452//1140
f 446//1141 452//1142 453//1143
f 453//1144 454//1145 446//1146
f 446//1147 454//1148 455//1149
f 446//1150 455//1151 456//1152
f 457//1153 458//1154 459//1155
f 459//1156 458//1157 460//1158
f 460//1159 461//1160 459//1161
f 459//1162 461//1163 462//1164
f 459//1165 462//1166 463//1167
f 447//1168 464//1169 448//1170
f 448//1171 464//1172 465//1173
f 448//1174 465//1175 446//1176
f 446//1177 465//1178 466//1179
f 446//1180 466//1181 444//1182
f 462//1183 467//1184 463//1185
f 463//1186 467//1187 468//1188
f 463//1189 468//1190 469//1191
f 469//1192 470//1193 463//1194
f 463//1195 470//1196 471//1197
f 463//1198 471//1199 472//1200
f 473//1201 474//1202 475//1203
f 472//1204 476//1205 463//1206
f 463//1207 476//1208 477//1209
f 463//1210 477//1211 478//1212
f 478//1213 477//1214 479//1215
f 478//1216 479//1217 475//1218
f 475//1219 479//1220 480//1221
f 475//1222 480//1223 473//1224
f 474//1225 481//1226 475//1227
f 475//1228 481//1229 482//1230
f 475//1231 482//1232 483//1233
f 12//1234 11//1235 483//1236
f 450//1237 448//1238 484//1239
f 484//1240 448//1241 485//1242
f 484//1243 485//1244 486//1245
f 10//1246 12//1247 485//1248
f 485//1249 12//1250 487//1251
f 485//1252 487//1253 486//1254
f 488//1255 475//1256 489//1257
f 489//1258 475//1259 483//1260
f 489//1261 483//1262 490//1263
f 490//1264 483//1265 11//1266
f 491//1267 492//1268 63//1269
f 493//1270 494//1271 68//1272
f 68//1273 494//1274 495//1275
f 68//1276 495//1277 496//1278
f 496//1279 497//1280 68//1281
f 68//1282 497//1283 498//1284
f 68//1285 498//1286 63//1287
f 63//1288 498//1289 499//1290
f 63//1291 499//1292 491//1293
f 500//1294 501//1295 502//1296
f 501//1297 503//1298 502//1299
f 502//1300 503//1301 504//1302
f 502//1303 504//1304 505//1305
f 506//1306 507//1307 508//1308
f 508//1309 509//1310 506//1311
f 506//1312 509//1313 510//1314
f 506//1315 510//1316 511//1317
f 488//1318 512//1319 475//1320
f 475//1321 512//1322 513//1323
f 475//1324 513//1325 514//1326
f 515//1327 516//1328 448//1329
f 448//1330 516//1331 517//1332
f 448//1333 517//1334 485//1335
f 518//1336 519//1337 520//1338
f 520//1339 519//1340 521//1341
f 522//1342 523//1343 524//1344
f 521//1345 525//1346 520//1347
f 520//1348 525//1349 526//1350
f 520//1351 526//1352 527//1353
f 528//1354 529//1355 524//1356
f 524//1357 529//1358 530//1359
f 524//1360 530//1361 522//1362
f 531//1363 532//1364 533//1365
f 532//1366 534//1367 533//1368
f 533//1369 534//1370 535//1371
f 533//1372 535//1373 536//1374
f 8//1375 537//1376 9//1377
f 9//1378 537//1379 538//1380
f 9//1381 538//1382 539//1383
f 540//1384 541//1385 542//1386
f 542//1387 541//1388 543//1389
f 542//1390 543//1391 544//1392
f 544//1393 545//1394 542//1395
f 542//1396 545//1397 546//1398
f 542//1399 546//1400 547//1401
f 539//1402 548//1403 9//1404
f 9//1405 548//1406 549//1407
f 9//1408 549//1409 550//1410
f 551//1411 552//1412 553//1413
f 553//1414 552//1415 554//1416
f 553//1417 554//1418 555//1419
f 556//1420 557//1421 558//1422
f 559//1423 560//1424 561//1425
f 561//1426 560//1427 562//1428
f 561//1429 562//1430 563//1431
f 563//1432 564//1433 561//1434
f 561//1435 564//1436 565//1437
f 561//1438 565//1439 554//1440
f 554//1441 565//1442 566//1443
f 554//1444 566//1445 555//1446
f 535//1447 567//1448 536//1449
f 536//1450 567//1451 568//1452
f 536//1453 568//1454 558//1455
f 558//1456 568//1457 569//1458
f 558//1459 569//1460 556//1461
f 557//1462 570//1463 558//1464
f 558//1465 570//1466 571//1467
f 558//1468 571//1469 572//1470
f 572//1471 573//1472 558//1473
f 558//1474 573//1475 574//1476
f 558//1477 574//1478 561//1479
f 561//1480 574//1481 575//1482
f 561//1483 575//1484 559//1485
f 576//1486 577//1487 578//1488
f 579//1489 580//1490 581//1491
f 581//1492 580//1493 582//1494
f 577//1495 583//1496 578//1497
f 578//1498 583//1499 584//1500
f 578//1501 584//1502 585//1503
f 585//1504 586//1505 578//1506
f 578//1507 586//1508 587//1509
f 578//1510 587//1511 588//1512
f 588//1513 587//1514 589//1515
f 588//1516 589//1517 590//1518
f 590//1519 591//1520 588//1521
f 588//1522 591//1523 592//1524
f 588//1525 592//1526 593//1527
f 582//1528 594//1529 581//1530
f 581//1531 594//1532 595//1533
f 581//1534 595//1535 578//1536
f 578//1537 595//1538 596//1539
f 578//1540 596//1541 576//1542
f 593//1543 597//1544 588//1545
f 588//1546 597//1547 598//1548
f 588//1549 598//1550 599//1551
f 600//1552 601//1553 6//1554
f 6//1555 601//1556 602//1557
f 6//1558 602//1559 603//1560
f 6//1561 604//1562 605//1563
f 603//1564 606//1565 6//1566
f 6//1567 606//1568 607//1569
f 6//1570 607//1571 608//1572
f 605//1573 609//1574 581//1575
f 581//1576 609//1577 610//1578
f 608//1579 611//1580 6//1581
f 6//1582 611//1583 612//1584
f 6//1585 612//1586 604//1587
f 610//1588 613//1589 581//1590
f 581//1591 613//1592 614//1593
f 581//1594 614//1595 579//1596
f 5//1597 615//1598 6//1599
f 6//1600 615//1601 616//1602
f 6//1603 616//1604 617//1605
f 618//1606 619//1607 620//1608
f 620//1609 619//1610 621//1611
f 620//1612 621//1613 622//1614
f 620//1615 623//1616 624//1617
f 624//1618 625//1619 620//1620
f 620//1621 625//1622 626//1623
f 620//1624 626//1625 627//1626
f 627//1627 628//1628 629//1629
f 629//1630 630//1631 627//1632
f 627//1633 630//1634 631//1635
f 627//1636 631//1637 581//1638
f 617//1639 632//1640 6//1641
f 6//1642 632//1643 633//1644
f 6//1645 633//1646 634//1647
f 622//1648 635//1649 620//1650
f 620//1651 635//1652 636//1653
f 620//1654 636//1655 637//1656
f 605//1657 581//1658 6//1659
f 6//1660 581//1661 638//1662
f 6//1663 638//1664 4//1665
f 637//1666 639//1667 620//1668
f 620//1669 639//1670 640//1671
f 620//1672 640//1673 623//1674
f 626//1675 641//1676 627//1677
f 627//1678 641//1679 642//1680
f 627//1681 642//1682 643//1683
f 631//1684 644//1685 581//1686
f 581//1687 644//1688 645//1689
f 581//1690 645//1691 646//1692
f 643//1693 647//1694 627//1695
f 627//1696 647//1697 648//1698
f 627//1699 648//1700 628//1701
f 646//1702 649//1703 581//1704
f 581//1705 649//1706 650//1707
f 581//1708 650//1709 638//1710
f 651//1711 652//1712 147//1713
f 147//1714 652//1715 144//1716
f 147//1717 144//1718 145//1719
f 145//1720 144//1721 143//1722
f 653//1723 354//1724 654//1725
f 654//1726 354//1727 352//1728
f 654//1729 352//1730 655//1731
f 655//1732 352//1733 350//1734
f 655//1735 350//1736 656//1737
f 656//1738 350//1739 349//1740
f 656//1741 349//1742 657//1743
f 658//1744 659//1745 660//1746
f 661//1747 662//1748 358//1749
f 358//1750 662//1751 663//1752
f 653//1753 664//1754 665//1755
f 665//1756 666//1757 653//1758
f 653//1759 666//1760 667//1761
f 653//1762 667//1763 668//1764
f 668//1765 669//1766 653//1767
f 653//1768 669//1769 670//1770
f 653//1771 670//1772 671//1773
f 671//1774 661//1775 653//1776
f 653//1777 661//1778 358//1779
f 653//1780 358//1781 354//1782
f 354//1783 358//1784 357//1785
f 354//1786 357//1787 355//1788
f 663//1789 672//1790 358//1791
f 358//1792 672//1793 673//1794
f 358//1795 673//1796 674//1797
f 659//1798 675//1799 660//1800
f 660//1801 675//1802 676//1803
f 660//1804 676//1805 653//1806
f 653//1807 676//1808 677//1809
f 653//1810 677//1811 664//1812
f 674//1813 678//1814 358//1815
f 358//1816 678//1817 679//1818
f 358//1819 679//1820 680//1821
f 681//1822 682//1823 683//1824
f 683//1825 682//1826 684//1827
f 683//1828 685//1829 686//1830
f 684//1831 687//1832 683//1833
f 683//1834 687//1835 688//1836
f 683//1837 688//1838 689//1839
f 683//1840 686//1841 660//1842
f 660//1843 686//1844 690//1845
f 660//1846 690//1847 691//1848
f 689//1849 692//1850 683//1851
f 683//1852 692//1853 693//1854
f 683//1855 693//1856 685//1857
f 691//1858 694//1859 660//1860
f 660//1861 694//1862 695//1863
f 660//1864 695//1865 658//1866
f 696//1867 651//1868 697//1869
f 697//1870 651//1871 147//1872
f 697//1873 147//1874 135//1875
f 135//1876 147//1877 152//1878
f 135//1879 152//1880 133//1881
f 133//1882 152//1883 154//1884
f 652//1885 698//1886 144//1887
f 144//1888 698//1889 699//1890
f 144//1891 699//1892 33//1893
f 33//1894 699//1895 164//1896
f 33//1897 164//1898 31//1899
f 31//1900 164//1901 166//1902
f 700//1903 701//1904 702//1905
f 702//1906 701//1907 703//1908
f 702//1909 703//1910 704//1911
f 704//1912 703//1913 705//1914
f 706//1915 707//1916 708//1917
f 709//1918 708//1919 710//1920
f 710//1921 708//1922 711//1923
f 712//1924 713//1925 714//1926
f 714//1927 713//1928 715//1929
f 706//1930 708//1931 716//1932
f 716//1933 708//1934 704//1935
f 716//1936 704//1937 717//1938
f 707//1939 718//1940 708//1941
f 708//1942 718//1943 719//1944
f 708//1945 719//1946 711//1947
f 720//1948 705//1949 721//1950
f 721//1951 705//1952 722//1953
f 715//1954 723//1955 714//1956
f 714//1957 723//1958 724//1959
f 714//1960 724//1961 725//1962
f 720//1963 726//1964 705//1965
f 705//1966 726//1967 727//1968
f 705//1969 727//1970 704//1971
f 704//1972 727//1973 728//1974
f 704//1975 728//1976 729//1977
f 729//1978 730//1979 704//1980
f 704//1981 730//1982 731//1983
f 704//1984 731//1985 732//1986
f 733//1987 734//1988 705//1989
f 705//1990 734//1991 735//1992
f 705//1993 735//1994 722//1995
f 732//1996 736//1997 704//1998
f 704//1999 736//2000 737//2001
f 704//2002 737//2003 717//2004
f 725//2005 738//2006 714//2007
f 714//2008 738//2009 739//2010
f 714//2011 739//2012 740//2013
f 740//2014 741//2015 714//2016
f 714//2017 741//2018 742//2019
f 714//2020 742//2021 705//2022
f 705//2023 742//2024 743//2025
f 705//2026 743//2027 733//2028
f 744//2029 745//2030 746//2031
f 746//2032 745//2033 747//2034
f 746//2035 747//2036 748//2037
f 748//2038 749//2039 746//2040
f 746//2041 749//2042 750//2043
f 746//2044 750//2045 751//2046
f 752//2047 753//2048 754//2049
f 755//2050 756//2051 757//2052
f 757//2053 756//2054 758//2055
f 757//2056 758//2057 759//2058
f 753//2059 760//2060 754//2061
f 754//2062 760//2063 761//2064
f 754//2065 761//2066 762//2067
f 763//2068 764//2069 765//2070
f 765//2071 764//2072 766//2073
f 765//2074 766//2075 746//2076
f 746//2077 766//2078 767//2079
f 746//2080 767//2081 744//2082
f 759//2083 768//2084 757//2085
f 757//2086 768//2087 769//2088
f 757//2089 769//2090 770//2091
f 762//2092 771//2093 754//2094
f 754//2095 771//2096 772//2097
f 754//2098 772//2099 773//2100
f 774//2101 775//2102 765//2103
f 776//2104 777//2105 765//2106
f 765//2107 777//2108 778//2109
f 765//2110 778//2111 763//2112
f 770//2113 779//2114 757//2115
f 757//2116 779//2117 780//2118
f 757//2119 780//2120 754//2121
f 754//2122 780//2123 781//2124
f 754//2125 781//2126 752//2127
f 775//2128 782//2129 765//2130
f 765//2131 782//2132 783//2133
f 765//2134 783//2135 776//2136
f 784//2137 785//2138 786//2139
f 786//2140 785//2141 787//2142
f 786//2143 787//2144 765//2145
f 765//2146 787//2147 754//2148
f 765//2149 754//2150 774//2151
f 774//2152 754//2153 773//2154
f 788//2155 789//2156 790//2157
f 790//2158 789//2159 791//2160
f 790//2161 791//2162 792//2163
f 793//2164 794//2165 795//2166
f 795//2167 794//2168 796//2169
f 795//2170 796//2171 797//2172
f 798//2173 799//2174 800//2175
f 795//2176 801//2177 798//2178
f 798//2179 801//2180 802//2181
f 798//2182 802//2183 799//2184
f 803//2185 798//2186 804//2187
f 804//2188 798//2189 805//2190
f 803//2191 806//2192 798//2193
f 798//2194 806//2195 788//2196
f 798//2197 788//2198 807//2199
f 807//2200 788//2201 808//2202
f 807//2203 808//2204 809//2205
f 809//2206 808//2207 810//2208
f 809//2209 810//2210 620//2211
f 620//2212 810//2213 6//2214
f 620//2215 6//2216 618//2217
f 618//2218 6//2219 634//2220
f 811//2221 812//2222 788//2223
f 788//2224 812//2225 813//2226
f 788//2227 813//2228 789//2229
f 792//2230 814//2231 790//2232
f 790//2233 814//2234 815//2235
f 790//2236 815//2237 816//2238
f 797//2239 817//2240 795//2241
f 795//2242 817//2243 818//2244
f 795//2245 818//2246 819//2247
f 819//2248 820//2249 795//2250
f 795//2251 820//2252 821//2253
f 795//2254 821//2255 801//2256
f 800//2257 822//2258 798//2259
f 798//2260 822//2261 823//2262
f 798//2263 823//2264 824//2265
f 806//2266 825//2267 788//2268
f 788//2269 825//2270 826//2271
f 788//2272 826//2273 827//2274
f 824//2275 828//2276 798//2277
f 798//2278 828//2279 829//2280
f 798//2281 829//2282 805//2283
f 827//2284 830//2285 788//2286
f 788//2287 830//2288 831//2289
f 788//2290 831//2291 811//2292
f 832//2293 833//2294 834//2295
f 834//2296 833//2297 835//2298
f 834//2299 835//2300 836//2301
f 836//2302 835//2303 837//2304
f 836//2305 837//2306 838//2307
f 838//2308 837//2309 839//2310
f 838//2311 839//2312 840//2313
f 840//2314 839//2315 841//2316
f 840//2317 841//2318 842//2319
f 842//2320 841//2321 843//2322
f 701//2323 844//2324 703//2325
f 703//2326 844//2327 845//2328
f 703//2329 845//2330 705//2331
f 705//2332 845//2333 846//2334
f 705//2335 846//2336 714//2337
f 714//2338 846//2339 847//2340
f 714//2341 847//2342 848//2343
f 848//2344 847//2345 849//2346
f 848//2347 849//2348 850//2349
f 850//2350 849//2351 851//2352
f 850//2353 851//2354 506//2355
f 844//2356 852//2357 845//2358
f 845//2359 852//2360 853//2361
f 845//2362 853//2363 846//2364
f 846//2365 853//2366 854//2367
f 846//2368 854//2369 847//2370
f 847//2371 854//2372 855//2373
f 847//2374 855//2375 849//2376
f 849//2377 855//2378 856//2379
f 849//2380 856//2381 851//2382
f 851//2383 856//2384 857//2385
f 174//2386 170//2387 173//2388
f 173//2389 170//2390 169//2391
f 173//2392 169//2393 858//2394
f 858//2395 169//2396 859//2397
f 858//2398 859//2399 131//2400
f 131//2401 859//2402 860//2403
f 131//2404 860//2405 129//2406
f 129//2407 860//2408 861//2409
f 129//2410 861//2411 862//2412
f 862//2413 861//2414 128//2415
f 862//2416 128//2417 863//2418
f 863//2419 128//2420 126//2421
f 864//2422 865//2423 73//2424
f 73//2425 865//2426 866//2427
f 73//2428 866//2429 867//2430
f 867//2431 868//2432 73//2433
f 73//2434 868//2435 869//2436
f 73//2437 869//2438 870//2439
f 68//2440 871//2441 872//2442
f 873//2443 874//2444 843//2445
f 842//2446 875//2447 876//2448
f 870//2449 877//2450 73//2451
f 73//2452 877//2453 878//2454
f 73//2455 878//2456 879//2457
f 77//2458 78//2459 68//2460
f 68//2461 78//2462 73//2463
f 68//2464 73//2465 871//2466
f 871//2467 73//2468 879//2469
f 872//2470 880//2471 68//2472
f 68//2473 880//2474 881//2475
f 68//2476 881//2477 882//2478
f 883//2479 843//2480 884//2481
f 884//2482 843//2483 885//2484
f 883//2485 886//2486 843//2487
f 843//2488 886//2489 887//2490
f 843//2491 887//2492 873//2493
f 874//2494 888//2495 843//2496
f 843//2497 888//2498 889//2499
f 843//2500 889//2501 842//2502
f 842//2503 889//2504 890//2505
f 842//2506 890//2507 875//2508
f 876//2509 891//2510 842//2511
f 842//2512 891//2513 892//2514
f 842//2515 892//2516 73//2517
f 73//2518 892//2519 893//2520
f 73//2521 893//2522 864//2523
f 882//2524 894//2525 68//2526
f 68//2527 894//2528 895//2529
f 68//2530 895//2531 896//2532
f 896//2533 897//2534 68//2535
f 68//2536 897//2537 898//2538
f 68//2539 898//2540 843//2541
f 843//2542 898//2543 899//2544
f 843//2545 899//2546 885//2547
f 833//2548 700//2549 835//2550
f 835//2551 700//2552 702//2553
f 835//2554 702//2555 837//2556
f 837//2557 702//2558 704//2559
f 837//2560 704//2561 839//2562
f 839//2563 704//2564 708//2565
f 839//2566 708//2567 841//2568
f 841//2569 708//2570 900//2571
f 841//2572 900//2573 843//2574
f 843//2575 900//2576 901//2577
f 843//2578 901//2579 68//2580
f 68//2581 901//2582 502//2583
f 68//2584 502//2585 493//2586
f 493//2587 502//2588 505//2589
f 709//2590 712//2591 708//2592
f 708//2593 712//2594 714//2595
f 708//2596 714//2597 900//2598
f 900//2599 714//2600 848//2601
f 900//2602 848//2603 901//2604
f 901//2605 848//2606 850//2607
f 901//2608 850//2609 502//2610
f 502//2611 850//2612 506//2613
f 502//2614 506//2615 500//2616
f 500//2617 506//2618 511//2619
f 902//2620 903//2621 851//2622
f 475//2623 904//2624 905//2625
f 906//2626 851//2627 907//2628
f 907//2629 851//2630 908//2631
f 902//2632 851//2633 909//2634
f 904//2635 475//2636 910//2637
f 905//2638 911//2639 475//2640
f 475//2641 911//2642 912//2643
f 475//2644 912//2645 913//2646
f 903//2647 910//2648 851//2649
f 851//2650 910//2651 475//2652
f 851//2653 475//2654 506//2655
f 506//2656 475//2657 514//2658
f 506//2659 514//2660 507//2661
f 913//2662 914//2663 475//2664
f 475//2665 914//2666 915//2667
f 475//2668 915//2669 916//2670
f 917//2671 918//2672 478//2673
f 478//2674 918//2675 919//2676
f 478//2677 919//2678 920//2679
f 921//2680 922//2681 857//2682
f 920//2683 923//2684 478//2685
f 478//2686 923//2687 924//2688
f 478//2689 924//2690 925//2691
f 926//2692 927//2693 851//2694
f 851//2695 927//2696 928//2697
f 851//2698 928//2699 908//2700
f 906//2701 929//2702 851//2703
f 851//2704 929//2705 930//2706
f 851//2707 930//2708 909//2709
f 916//2710 931//2711 475//2712
f 475//2713 931//2714 932//2715
f 475//2716 932//2717 478//2718
f 478//2719 932//2720 933//2721
f 478//2722 933//2723 917//2724
f 857//2725 922//2726 851//2727
f 851//2728 922//2729 934//2730
f 851//2731 934//2732 926//2733
f 925//2734 935//2735 478//2736
f 478//2737 935//2738 936//2739
f 478//2740 936//2741 857//2742
f 857//2743 936//2744 937//2745
f 857//2746 937//2747 921//2748
f 346//2749 16//2750 348//2751
f 348//2752 16//2753 18//2754
f 348//2755 18//2756 938//2757
f 938//2758 18//2759 939//2760
f 938//2761 939//2762 940//2763
f 940//2764 939//2765 941//2766
f 940//2767 941//2768 412//2769
f 412//2770 941//2771 406//2772
f 412//2773 406//2774 425//2775
f 425//2776 406//2777 424//2778
f 94//2779 95//2780 89//2781
f 89//2782 95//2783 97//2784
f 89//2785 97//2786 942//2787
f 942//2788 97//2789 943//2790
f 942//2791 943//2792 944//2793
f 944//2794 943//2795 945//2796
f 944//2797 945//2798 341//2799
f 341//2800 945//2801 946//2802
f 341//2803 946//2804 339//2805
f 785//2806 657//2807 787//2808
f 787//2809 657//2810 349//2811
f 787//2812 349//2813 754//2814
f 754//2815 349//2816 345//2817
f 754//2818 345//2819 757//2820
f 757//2821 345//2822 347//2823
f 757//2824 347//2825 947//2826
f 947//2827 347//2828 348//2829
f 947//2830 348//2831 948//2832
f 948//2833 348//2834 938//2835
f 948//2836 938//2837 949//2838
f 949//2839 938//2840 940//2841
f 949//2842 940//2843 950//2844
f 950//2845 940//2846 412//2847
f 950//2848 412//2849 951//2850
f 951//2851 412//2852 410//2853
f 951//2854 410//2855 952//2856
f 952//2857 410//2858 435//2859
f 953//2860 954//2861 955//2862
f 955//2863 954//2864 956//2865
f 954//2866 957//2867 956//2868
f 956//2869 957//2870 958//2871
f 956//2872 958//2873 959//2874
f 960//2875 961//2876 962//2877
f 963//2878 964//2879 955//2880
f 965//2881 966//2882 967//2883
f 967//2884 966//2885 968//2886
f 969//2887 970//2888 967//2889
f 967//2890 970//2891 971//2892
f 967//2893 971//2894 965//2895
f 968//2896 972//2897 967//2898
f 967//2899 972//2900 973//2901
f 967//2902 973//2903 962//2904
f 962//2905 973//2906 974//2907
f 962//2908 974//2909 960//2910
f 955//2911 975//2912 976//2913
f 959//2914 977//2915 956//2916
f 956//2917 977//2918 978//2919
f 956//2920 978//2921 979//2922
f 979//2923 980//2924 956//2925
f 956//2926 980//2927 981//2928
f 956//2929 981//2930 982//2931
f 961//2932 983//2933 962//2934
f 962//2935 983//2936 984//2937
f 962//2938 984//2939 985//2940
f 964//2941 986//2942 955//2943
f 955//2944 986//2945 987//2946
f 955//2947 987//2948 975//2949
f 976//2950 988//2951 955//2952
f 955//2953 988//2954 989//2955
f 955//2956 989//2957 953//2958
f 990//2959 991//2960 967//2961
f 967//2962 991//2963 992//2964
f 967//2965 992//2966 969//2967
f 985//2968 963//2969 962//2970
f 962//2971 963//2972 955//2973
f 962//2974 955//2975 993//2976
f 993//2977 955//2978 459//2979
f 993//2980 459//2981 994//2982
f 994//2983 459//2984 463//2985
f 994//2986 463//2987 995//2988
f 995//2989 463//2990 478//2991
f 995//2992 478//2993 996//2994
f 996//2995 478//2996 857//2997
f 996//2998 857//2999 997//3000
f 997//3001 857//3002 856//3003
f 997//3004 856//3005 746//3006
f 746//3007 856//3008 855//3009
f 746//3010 855//3011 765//3012
f 765//3013 855//3014 854//3015
f 765//3016 854//3017 786//3018
f 786//3019 854//3020 853//3021
f 786//3022 853//3023 784//3024
f 784//3025 853//3026 852//3027
f 998//3028 999//3029 1000//3030
f 1000//3031 999//3032 1001//3033
f 1002//3034 1003//3035 1004//3036
f 1005//3037 1006//3038 1004//3039
f 1004//3040 1006//3041 1007//3042
f 1004//3043 1007//3044 1008//3045
f 1009//3046 435//3047 1010//3048
f 1010//3049 435//3050 1004//3051
f 1010//3052 1004//3053 1011//3054
f 1011//3055 1004//3056 1008//3057
f 1009//3058 1012//3059 435//3060
f 435//3061 1012//3062 1013//3063
f 435//3064 1013//3065 1014//3066
f 1015//3067 1016//3068 952//3069
f 952//3070 1016//3071 1017//3072
f 1001//3073 1018//3074 1000//3075
f 1000//3076 1018//3077 1019//3078
f 1000//3079 1019//3080 1020//3081
f 1017//3082 1021//3083 952//3084
f 952//3085 1021//3086 1022//3087
f 952//3088 1022//3089 1000//3090
f 1000//3091 1022//3092 1023//3093
f 1000//3094 1023//3095 998//3096
f 1003//3097 1024//3098 1004//3099
f 1004//3100 1024//3101 1025//3102
f 1004//3103 1025//3104 1005//3105
f 1026//3106 1027//3107 952//3108
f 1020//3109 1028//3110 1000//3111
f 1000//3112 1028//3113 1029//3114
f 1000//3115 1029//3116 1030//3117
f 1014//3118 1031//3119 435//3120
f 435//3121 1031//3122 1032//3123
f 435//3124 1032//3125 952//3126
f 952//3127 1032//3128 1033//3129
f 952//3130 1033//3131 1026//3132
f 1027//3133 1034//3134 952//3135
f 952//3136 1034//3137 1035//3138
f 952//3139 1035//3140 1015//3141
f 17//3142 1036//3143 18//3144
f 18//3145 1036//3146 1037//3147
f 18//3148 1037//3149 939//3150
f 939//3151 1037//3152 1038//3153
f 939//3154 1038//3155 941//3156
f 941//3157 1038//3158 1039//3159
f 941//3160 1039//3161 406//3162
f 406//3163 1039//3164 1040//3165
f 406//3166 1040//3167 402//3168
f 402//3169 1040//3170 1041//3171
f 402//3172 1041//3173 432//3174
f 432//3175 1041//3176 1042//3177
f 432//3178 1042//3179 236//3180
f 236//3181 1042//3182 1043//3183
f 236//3184 1043//3185 234//3186
f 234//3187 1043//3188 243//3189
f 234//3190 243//3191 1044//3192
f 1044//3193 243//3194 241//3195
f 1045//3196 1046//3197 1047//3198
f 1048//3199 1049//3200 1050//3201
f 1050//3202 1049//3203 1051//3204
f 1050//3205 1051//3206 1052//3207
f 1052//3208 1051//3209 1053//3210
f 1054//3211 1055//3212 1056//3213
f 1057//3214 1058//3215 1056//3216
f 1056//3217 1058//3218 1059//3219
f 1060//3220 1061//3221 1050//3222
f 1050//3223 1061//3224 1062//3225
f 1050//3226 1062//3227 1048//3228
f 1055//3229 1063//3230 1056//3231
f 1056//3232 1063//3233 1064//3234
f 1056//3235 1064//3236 1057//3237
f 1059//3238 1065//3239 1056//3240
f 1056//3241 1065//3242 1066//3243
f 1056//3244 1066//3245 1047//3246
f 1047//3247 1066//3248 1067//3249
f 1047//3250 1067//3251 1045//3252
f 1046//3253 1068//3254 1047//3255
f 1047//3256 1068//3257 1069//3258
f 1047//3259 1069//3260 1070//3261
f 130//3262 1071//3263 132//3264
f 132//3265 1071//3266 1072//3267
f 132//3268 1072//3269 1073//3270
f 1073//3271 1072//3272 125//3273
f 1073//3274 125//3275 1074//3276
f 1074//3277 125//3278 127//3279
f 1074//3280 127//3281 1050//3282
f 1050//3283 127//3284 1047//3285
f 1050//3286 1047//3287 1075//3288
f 1053//3289 1076//3290 1052//3291
f 1052//3292 1076//3293 1077//3294
f 1052//3295 1077//3296 1078//3297
f 1078//3298 1079//3299 1052//3300
f 1052//3301 1079//3302 1080//3303
f 1052//3304 1080//3305 1081//3306
f 1070//3307 1082//3308 1047//3309
f 1047//3310 1082//3311 1083//3312
f 1047//3313 1083//3314 1075//3315
f 1075//3316 1084//3317 1050//3318
f 1050//3319 1084//3320 1085//3321
f 1050//3322 1085//3323 1086//3324
f 1086//3325 1087//3326 1050//3327
f 1050//3328 1087//3329 1088//3330
f 1050//3331 1088//3332 1060//3333
f 3//3334 2//3335 1089//3336
f 1090//3337 1091//3338 1092//3339
f 1092//3340 1091//3341 1//3342
f 1092//3343 1//3344 1093//3345
f 1093//3346 1//3347 3//3348
f 1093//3349 3//3350 1094//3351
f 1094//3352 3//3353 1095//3354
f 1094//3355 1095//3356 1096//3357
f 1096//3358 1095//3359 1097//3360
f 1096//3361 1097//3362 524//3363
f 524//3364 1097//3365 520//3366
f 524//3367 520//3368 528//3369
f 528//3370 520//3371 527//3372
f 1081//3373 1054//3374 1052//3375
f 1052//3376 1054//3377 1056//3378
f 1052//3379 1056//3380 1098//3381
f 1098//3382 1056//3383 1099//3384
f 1100//3385 1101//3386 1098//3387
f 1098//3388 1101//3389 1102//3390
f 1098//3391 1102//3392 1103//3393
f 1103//3394 1104//3395 1098//3396
f 1098//3397 1104//3398 1105//3399
f 1098//3400 1105//3401 1106//3402
f 1106//3403 1105//3404 1107//3405
f 1106//3406 1107//3407 1108//3408
f 1109//3409 1110//3410 1111//3411
f 1112//3412 1099//3413 1113//3414
f 1113//3415 1099//3416 1109//3417
f 1113//3418 1109//3419 1114//3420
f 1114//3421 1109//3422 1111//3423
f 1112//3424 1115//3425 1099//3426
f 1099//3427 1115//3428 1116//3429
f 1099//3430 1116//3431 1117//3432
f 1108//3433 1118//3434 1106//3435
f 1106//3436 1118//3437 1119//3438
f 1106//3439 1119//3440 1120//3441
f 1117//3442 1121//3443 1099//3444
f 1099//3445 1121//3446 1122//3447
f 1099//3448 1122//3449 1123//3450
f 1120//3451 1124//3452 1106//3453
f 1106//3454 1124//3455 1125//3456
f 1106//3457 1125//3458 1126//3459
f 1127//3460 1128//3461 1098//3462
f 1098//3463 1128//3464 1129//3465
f 1098//3466 1129//3467 1100//3468
f 1130//3469 1131//3470 1109//3471
f 1109//3472 1131//3473 1132//3474
f 1123//3475 1133//3476 1099//3477
f 1099//3478 1133//3479 1134//3480
f 1099//3481 1134//3482 1098//3483
f 1098//3484 1134//3485 1135//3486
f 1098//3487 1135//3488 1127//3489
f 1132//3490 1136//3491 1109//3492
f 1109//3493 1136//3494 1137//3495
f 1109//3496 1137//3497 1110//3498
f 1126//3499 1130//3500 1106//3501
f 1106//3502 1130//3503 1109//3504
f 1106//3505 1109//3506 202//3507
f 202//3508 1109//3509 197//3510
f 202//3511 197//3512 200//3513
f 200//3514 197//3515 199//3516
f 1138//3517 1139//3518 1140//3519
f 1139//3520 1141//3521 1140//3522
f 1140//3523 1141//3524 1142//3525
f 1140//3526 1142//3527 1143//3528
f 1143//3529 1142//3530 1144//3531
f 1145//3532 1146//3533 1140//3534
f 1144//3535 1147//3536 1143//3537
f 1143//3538 1147//3539 1148//3540
f 1143//3541 1148//3542 1149//3543
f 1149//3544 1150//3545 1143//3546
f 1143//3547 1150//3548 1151//3549
f 1143//3550 1151//3551 1152//3552
f 1153//3553 1154//3554 1155//3555
f 1155//3556 1154//3557 1156//3558
f 1157//3559 1158//3560 1159//3561
f 1159//3562 1158//3563 1155//3564
f 1158//3565 1160//3566 1161//3567
f 1140//3568 1162//3569 1163//3570
f 1164//3571 1165//3572 1155//3573
f 1155//3574 1165//3575 1166//3576
f 1155//3577 1166//3578 1153//3579
f 1156//3580 1167//3581 1155//3582
f 1155//3583 1167//3584 1168//3585
f 1155//3586 1168//3587 1159//3588
f 1157//3589 1169//3590 1158//3591
f 1158//3592 1169//3593 1170//3594
f 1158//3595 1170//3596 1171//3597
f 1146//3598 1172//3599 1140//3600
f 1140//3601 1172//3602 1173//3603
f 1140//3604 1173//3605 1162//3606
f 1163//3607 1174//3608 1140//3609
f 1140//3610 1174//3611 1175//3612
f 1140//3613 1175//3614 1138//3615
f 1171//3616 1176//3617 1158//3618
f 1158//3619 1176//3620 1177//3621
f 1158//3622 1177//3623 1160//3624
f 1161//3625 1145//3626 1158//3627
f 1158//3628 1145//3629 1140//3630
f 1158//3631 1140//3632 1178//3633
f 1178//3634 1140//3635 1179//3636
f 1178//3637 1179//3638 1180//3639
f 1180//3640 1179//3641 1181//3642
f 1180//3643 1181//3644 967//3645
f 967//3646 1181//3647 956//3648
f 967//3649 956//3650 990//3651
f 990//3652 956//3653 982//3654
f 1182//3655 1183//3656 1184//3657
f 1184//3658 1183//3659 1185//3660
f 1184//3661 1185//3662 1186//3663
f 1186//3664 1185//3665 1187//3666
f 1186//3667 1187//3668 1188//3669
f 1188//3670 1189//3671 1186//3672
f 1186//3673 1189//3674 1190//3675
f 1186//3676 1190//3677 1191//3678
f 1192//3679 1193//3680 1194//3681
f 1194//3682 1193//3683 1195//3684
f 1194//3685 1195//3686 1196//3687
f 1197//3688 1198//3689 1199//3690
f 1199//3691 1198//3692 1200//3693
f 1199//3694 1200//3695 1194//3696
f 1194//3697 1200//3698 1201//3699
f 1194//3700 1201//3701 1192//3702
f 1202//3703 1203//3704 1184//3705
f 1204//3706 1205//3707 1184//3708
f 1184//3709 1205//3710 1206//3711
f 1184//3712 1206//3713 1182//3714
f 1191//3715 1207//3716 1186//3717
f 1186//3718 1207//3719 1208//3720
f 1186//3721 1208//3722 1209//3723
f 1210//3724 1211//3725 1199//3726
f 1211//3727 1212//3728 1199//3729
f 1199//3730 1212//3731 1213//3732
f 1199//3733 1213//3734 1197//3735
f 1196//3736 1214//3737 1194//3738
f 1194//3739 1214//3740 1215//3741
f 1194//3742 1215//3743 1216//3744
f 1216//3745 1202//3746 1194//3747
f 1194//3748 1202//3749 1184//3750
f 1194//3751 1184//3752 1217//3753
f 1217//3754 1184//3755 1218//3756
f 1217//3757 1218//3758 1219//3759
f 1219//3760 1218//3761 1220//3762
f 1219//3763 1220//3764 1004//3765
f 1004//3766 1220//3767 1000//3768
f 1004//3769 1000//3770 1002//3771
f 1002//3772 1000//3773 1030//3774
f 1203//3775 1221//3776 1184//3777
f 1184//3778 1221//3779 1222//3780
f 1184//3781 1222//3782 1223//3783
f 1223//3784 1224//3785 1184//3786
f 1184//3787 1224//3788 1225//3789
f 1184//3790 1225//3791 1204//3792
f 141//3793 34//3794 139//3795
f 139//3796 34//3797 36//3798
f 139//3799 36//3800 1226//3801
f 1226//3802 36//3803 173//3804
f 1226//3805 173//3806 1227//3807
f 1227//3808 173//3809 858//3810
f 1227//3811 858//3812 1228//3813
f 1228//3814 858//3815 131//3816
f 1228//3817 131//3818 1229//3819
f 1229//3820 131//3821 132//3822
f 1229//3823 132//3824 1230//3825
f 1230//3826 132//3827 1073//3828
f 1230//3829 1073//3830 1231//3831
f 1231//3832 1073//3833 1074//3834
f 1231//3835 1074//3836 1232//3837
f 1232//3838 1074//3839 1050//3840
f 1232//3841 1050//3842 1233//3843
f 1233//3844 1050//3845 1052//3846
f 1233//3847 1052//3848 1234//3849
f 1234//3850 1052//3851 1098//3852
f 1234//3853 1098//3854 1235//3855
f 1235//3856 1098//3857 1106//3858
f 1235//3859 1106//3860 1236//3861
f 1236//3862 1106//3863 202//3864
f 1236//3865 202//3866 185//3867
f 185//3868 202//3869 195//3870
f 185//3871 195//3872 183//3873
f 183//3874 195//3875 194//3876
f 179//3877 161//3878 177//3879
f 177//3880 161//3881 160//3882
f 177//3883 160//3884 169//3885
f 169//3886 160//3887 1237//3888
f 169//3889 1237//3890 859//3891
f 859//3892 1237//3893 1238//3894
f 859//3895 1238//3896 860//3897
f 860//3898 1238//3899 1239//3900
f 860//3901 1239//3902 861//3903
f 861//3904 1239//3905 1240//3906
f 861//3907 1240//3908 128//3909
f 128//3910 1240//3911 1241//3912
f 128//3913 1241//3914 127//3915
f 127//3916 1241//3917 1242//3918
f 127//3919 1242//3920 1047//3921
f 1047//3922 1242//3923 1243//3924
f 1047//3925 1243//3926 1056//3927
f 1056//3928 1243//3929 1244//3930
f 1056//3931 1244//3932 1099//3933
f 1099//3934 1244//3935 1245//3936
f 1099//3937 1245//3938 1109//3939
f 1109//3940 1245//3941 1246//3942
f 1109//3943 1246//3944 197//3945
f 197//3946 1246//3947 1247//3948
f 197//3949 1247//3950 30//3951
f 30//3952 1247//3953 209//3954
f 30//3955 209//3956 28//3957
f 28//3958 209//3959 210//3960
f 698//3961 832//3962 699//3963
f 699//3964 832//3965 834//3966
f 699//3967 834//3968 164//3969
f 164//3970 834//3971 836//3972
f 164//3973 836//3974 160//3975
f 160//3976 836//3977 838//3978
f 160//3979 838//3980 1237//3981
f 1237//3982 838//3983 840//3984
f 1237//3985 840//3986 1238//3987
f 1238//3988 840//3989 842//3990
f 1238//3991 842//3992 1239//3993
f 1239//3994 842//3995 73//3996
f 1239//3997 73//3998 1240//3999
f 1240//4000 73//4001 38//4002
f 1240//4003 38//4004 1241//4005
f 1241//4006 38//4007 46//4008
f 1241//4009 46//4010 1242//4011
f 1242//4012 46//4013 1248//4014
f 1242//4015 1248//4016 1243//4017
f 1243//4018 1248//4019 1249//4020
f 1243//4021 1249//4022 1244//4023
f 1244//4024 1249//4025 1250//4026
f 1244//4027 1250//4028 1245//4029
f 1245//4030 1250//4031 1251//4032
f 1245//4033 1251//4034 1246//4035
f 1246//4036 1251//4037 1252//4038
f 1246//4039 1252//4040 1247//4041
f 1247//4042 1252//4043 1253//4044
f 1247//4045 1253//4046 209//4047
f 209//4048 1253//4049 213//4050
f 209//4051 213//4052 207//4053
f 207//4054 213//4055 215//4056
f 2//4057 1090//4058 1089//4059
f 1089//4060 1090//4061 1092//4062
f 1089//4063 1092//4064 1254//4065
f 1254//4066 1092//4067 1255//4068
f 1254//4069 1255//4070 1256//4071
f 1256//4072 1255//4073 1257//4074
f 1256//4075 1257//4076 1258//4077
f 1258//4078 1257//4079 1259//4080
f 1258//4081 1259//4082 1260//4083
f 1260//4084 1259//4085 1261//4086
f 238//4087 240//4088 239//4089
f 239//4090 240//4091 242//4092
f 239//4093 242//4094 1262//4095
f 1262//4096 242//4097 1263//4098
f 1262//4099 1263//4100 1264//4101
f 1264//4102 1263//4103 1265//4104
f 1264//4105 1265//4106 363//4107
f 363//4108 1265//4109 15//4110
f 363//4111 15//4112 361//4113
f 361//4114 15//4115 369//4116
f 1036//4117 339//4118 1037//4119
f 1037//4120 339//4121 946//4122
f 1037//4123 946//4124 1038//4125
f 1038//4126 946//4127 945//4128
f 1038//4129 945//4130 1039//4131
f 1039//4132 945//4133 943//4134
f 1039//4135 943//4136 1040//4137
f 1040//4138 943//4139 97//4140
f 1040//4141 97//4142 1041//4143
f 1041//4144 97//4145 86//4146
f 1041//4147 86//4148 1042//4149
f 1042//4150 86//4151 113//4152
f 1042//4153 113//4154 1043//4155
f 1043//4156 113//4157 1266//4158
f 1043//4159 1266//4160 243//4161
f 243//4162 1266//4163 1267//4164
f 243//4165 1267//4166 242//4167
f 242//4168 1267//4169 1268//4170
f 242//4171 1268//4172 1263//4173
f 1263//4174 1268//4175 1269//4176
f 1263//4177 1269//4178 1265//4179
f 1265//4180 1269//4181 1270//4182
f 1265//4183 1270//4184 15//4185
f 15//4186 1270//4187 397//4188
f 15//4189 397//4190 13//4191
f 13//4192 397//4193 396//4194
f 816//4195 793//4196 790//4197
f 790//4198 793//4199 795//4200
f 790//4201 795//4202 1271//4203
f 1271//4204 795//4205 1272//4206
f 1271//4207 1272//4208 1273//4209
f 1273//4210 1272//4211 1274//4212
f 1273//4213 1274//4214 1275//4215
f 1275//4216 1274//4217 1276//4218
f 1275//4219 1276//4220 1277//4221
f 1277//4222 1276//4223 1278//4224
f 1277//4225 1278//4226 1279//4227
f 1279//4228 1278//4229 1280//4230
f 1279//4231 1280//4232 1281//4233
f 1281//4234 1280//4235 1282//4236
f 1281//4237 1282//4238 1283//4239
f 1283//4240 1282//4241 1284//4242
f 1283//4243 1284//4244 1285//4245
f 1285//4246 1284//4247 1286//4248
f 1285//4249 1286//4250 1287//4251
f 1287//4252 1286//4253 1288//4254
f 1287//4255 1288//4256 1289//4257
f 1289//4258 1288//4259 1290//4260
f 1289//4261 1290//4262 256//4263
f 256//4264 1290//4265 21//4266
f 256//4267 21//4268 254//4269
f 254//4270 21//4271 253//4272
f 627//4273 696//4274 620//4275
f 620//4276 696//4277 697//4278
f 620//4279 697//4280 809//4281
f 809//4282 697//4283 135//4284
f 809//4285 135//4286 807//4287
f 807//4288 135//4289 139//4290
f 807//4291 139//4292 798//4293
f 798//4294 139//4295 1226//4296
f 798//4297 1226//4298 795//4299
f 795//4300 1226//4301 1227//4302
f 795//4303 1227//4304 1272//4305
f 1272//4306 1227//4307 1228//4308
f 1272//4309 1228//4310 1274//4311
f 1274//4312 1228//4313 1229//4314
f 1274//4315 1229//4316 1276//4317
f 1276//4318 1229//4319 1230//4320
f 1276//4321 1230//4322 1278//4323
f 1278//4324 1230//4325 1231//4326
f 1278//4327 1231//4328 1280//4329
f 1280//4330 1231//4331 1232//4332
f 1280//4333 1232//4334 1282//4335
f 1282//4336 1232//4337 1233//4338
f 1282//4339 1233//4340 1284//4341
f 1284//4342 1233//4343 1234//4344
f 1284//4345 1234//4346 1286//4347
f 1286//4348 1234//4349 1235//4350
f 1286//4351 1235//4352 1288//4353
f 1288//4354 1235//4355 1236//4356
f 1288//4357 1236//4358 1290//4359
f 1290//4360 1236//4361 185//4362
f 1290//4363 185//4364 21//4365
f 21//4366 185//4367 190//4368
f 21//4369 190//4370 19//4371
f 19//4372 190//4373 1291//4374
f 1292//4375 1293//4376 1294//4377
f 1295//4378 1296//4379 1297//4380
f 1297//4381 1296//4382 1298//4383
f 1299//4384 1300//4385 1261//4386
f 1294//4387 1301//4388 1302//4389
f 1300//4390 1303//4391 1261//4392
f 1261//4393 1303//4394 1304//4395
f 1261//4396 1304//4397 1260//4398
f 1304//4399 1305//4400 1260//4401
f 1260//4402 1305//4403 1306//4404
f 1260//4405 1306//4406 1307//4407
f 1260//4408 1308//4409 1294//4410
f 1294//4411 1308//4412 1309//4413
f 1294//4414 1309//4415 1301//4416
f 1302//4417 1310//4418 1294//4419
f 1294//4420 1310//4421 1311//4422
f 1294//4423 1311//4424 1292//4425
f 1298//4426 1312//4427 1297//4428
f 1297//4429 1312//4430 1313//4431
f 1297//4432 1313//4433 1314//4434
f 1307//4435 1315//4436 1260//4437
f 1260//4438 1315//4439 1316//4440
f 1260//4441 1316//4442 1317//4443
f 1318//4444 1319//4445 1261//4446
f 1317//4447 1320//4448 1260//4449
f 1260//4450 1320//4451 1321//4452
f 1260//4453 1321//4454 1308//4455
f 1319//4456 1322//4457 1261//4458
f 1261//4459 1322//4460 1323//4461
f 1261//4462 1323//4463 1299//4464
f 1314//4465 1324//4466 1297//4467
f 1297//4468 1324//4469 1325//4470
f 1297//4471 1325//4472 1326//4473
f 1326//4474 1327//4475 1297//4476
f 1297//4477 1327//4478 1328//4479
f 1297//4480 1328//4481 1261//4482
f 1261//4483 1328//4484 1329//4485
f 1261//4486 1329//4487 1318//4488
f 23//4489 227//4490 24//4491
f 24//4492 227//4493 264//4494
f 24//4495 264//4496 190//4497
f 190//4498 264//4499 271//4500
f 190//4501 271//4502 1291//4503
f 25//4504 27//4505 224//4506
f 224//4507 27//4508 217//4509
f 224//4510 217//4511 1330//4512
f 1330//4513 217//4514 211//4515
f 1330//4516 211//4517 1331//4518
f 492//4519 518//4520 63//4521
f 63//4522 518//4523 520//4524
f 63//4525 520//4526 43//4527
f 43//4528 520//4529 1097//4530
f 43//4531 1097//4532 1332//4533
f 1332//4534 1097//4535 1095//4536
f 1332//4537 1095//4538 1333//4539
f 1333//4540 1095//4541 3//4542
f 1333//4543 3//4544 1334//4545
f 1334//4546 3//4547 1089//4548
f 1334//4549 1089//4550 1335//4551
f 1335//4552 1089//4553 1254//4554
f 1335//4555 1254//4556 1336//4557
f 1336//4558 1254//4559 1256//4560
f 1336//4561 1256//4562 1337//4563
f 1337//4564 1256//4565 1258//4566
f 1337//4567 1258//4568 1338//4569
f 1338//4570 1258//4571 1260//4572
f 1338//4573 1260//4574 1339//4575
f 1339//4576 1260//4577 1294//4578
f 1339//4579 1294//4580 533//4581
f 533//4582 1294//4583 542//4584
f 533//4585 542//4586 531//4587
f 531//4588 542//4589 547//4590
f 1293//4591 1295//4592 1294//4593
f 1294//4594 1295//4595 1297//4596
f 1294//4597 1297//4598 542//4599
f 542//4600 1297//4601 9//4602
f 542//4603 9//4604 540//4605
f 540//4606 9//4607 550//4608
f 523//4609 515//4610 524//4611
f 524//4612 515//4613 448//4614
f 524//4615 448//4616 1096//4617
f 1096//4618 448//4619 446//4620
f 1096//4621 446//4622 1094//4623
f 1094//4624 446//4625 1340//4626
f 1094//4627 1340//4628 1093//4629
f 1093//4630 1340//4631 1341//4632
f 1093//4633 1341//4634 1092//4635
f 1092//4636 1341//4637 1342//4638
f 1092//4639 1342//4640 1255//4641
f 1255//4642 1342//4643 1343//4644
f 1255//4645 1343//4646 1257//4647
f 1257//4648 1343//4649 1344//4650
f 1257//4651 1344//4652 1259//4653
f 1259//4654 1344//4655 1345//4656
f 1259//4657 1345//4658 1261//4659
f 1261//4660 1345//4661 1346//4662
f 1261//4663 1346//4664 1297//4665
f 1297//4666 1346//4667 1347//4668
f 1297//4669 1347//4670 9//4671
f 9//4672 1347//4673 552//4674
f 9//4675 552//4676 7//4677
f 7//4678 552//4679 551//4680
f 1348//4681 1349//4682 1330//4683
f 1350//4684 1351//4685 1352//4686
f 1352//4687 1351//4688 1353//4689
f 1352//4690 1353//4691 1354//4692
f 1355//4693 1356//4694 1331//4695
f 1331//4696 1356//4697 1357//4698
f 1357//4699 1358//4700 1331//4701
f 1331//4702 1358//4703 1359//4704
f 1331//4705 1359//4706 1330//4707
f 1330//4708 1359//4709 1360//4710
f 1330//4711 1360//4712 1348//4713
f 1349//4714 1361//4715 1330//4716
f 1330//4717 1361//4718 1362//4719
f 1330//4720 1362//4721 1363//4722
f 1363//4723 1364//4724 1330//4725
f 1330//4726 1364//4727 1365//4728
f 1330//4729 1365//4730 1366//4731
f 1354//4732 1367//4733 1352//4734
f 1352//4735 1367//4736 1368//4737
f 1352//4738 1368//4739 1369//4740
f 1369//4741 1370//4742 1352//4743
f 1352//4744 1370//4745 1371//4746
f 1352//4747 1371//4748 1372//4749
f 1372//4750 1371//4751 1373//4752
f 1374//4753 1375//4754 1331//4755
f 1331//4756 1375//4757 1376//4758
f 1331//4759 1376//4760 1355//4761
f 262//4762 264//4763 267//4764
f 267//4765 264//4766 227//4767
f 267//4768 227//4769 1377//4770
f 1377//4771 227//4772 224//4773
f 1377//4774 224//4775 1378//4776
f 1378//4777 224//4778 1330//4779
f 1378//4780 1330//4781 1352//4782
f 1352//4783 1330//4784 1366//4785
f 1352//4786 1366//4787 1350//4788
f 1373//4789 1379//4790 1372//4791
f 1372//4792 1379//4793 1380//4794
f 1372//4795 1380//4796 1381//4797
f 1381//4798 1382//4799 1372//4800
f 1372//4801 1382//4802 1383//4803
f 1372//4804 1383//4805 1384//4806
f 1384//4807 1385//4808 1372//4809
f 1372//4810 1385//4811 1386//4812
f 1372//4813 1386//4814 1331//4815
f 1331//4816 1386//4817 1387//4818
f 1331//4819 1387//4820 1374//4821
f 51//4822 41//4823 46//4824
f 46//4825 41//4826 43//4827
f 46//4828 43//4829 1248//4830
f 1248//4831 43//4832 1332//4833
f 1248//4834 1332//4835 1249//4836
f 1249//4837 1332//4838 1333//4839
f 1249//4840 1333//4841 1250//4842
f 1250//4843 1333//4844 1334//4845
f 1250//4846 1334//4847 1251//4848
f 1251//4849 1334//4850 1335//4851
f 1251//4852 1335//4853 1252//4854
f 1252//4855 1335//4856 1336//4857
f 1252//4858 1336//4859 1253//4860
f 1253//4861 1336//4862 1337//4863
f 1253//4864 1337//4865 213//4866
f 213//4867 1337//4868 1338//4869
f 213//4870 1338//4871 211//4872
f 211//4873 1338//4874 1339//4875
f 211//4876 1339//4877 1331//4878
f 1331//4879 1339//4880 533//4881
f 1331//4882 533//4883 1372//4884
f 1372//4885 533//4886 536//4887
f 1388//4888 1389//4889 554//4890
f 554//4891 1389//4892 1390//4893
f 1391//4894 1392//4895 552//4896
f 1390//4897 1393//4898 554//4899
f 554//4900 1393//4901 1394//4902
f 554//4903 1394//4904 1395//4905
f 1395//4906 1396//4907 554//4908
f 554//4909 1396//4910 1397//4911
f 554//4912 1397//4913 1398//4914
f 1398//4915 1397//4916 1399//4917
f 1399//4918 1400//4919 1398//4920
f 1398//4921 1400//4922 1401//4923
f 1398//4924 1401//4925 1402//4926
f 1402//4927 1403//4928 1398//4929
f 1398//4930 1403//4931 1404//4932
f 1398//4933 1404//4934 1405//4935
f 1392//4936 1406//4937 552//4938
f 552//4939 1406//4940 1407//4941
f 552//4942 1407//4943 1408//4944
f 1408//4945 1409//4946 552//4947
f 552//4948 1409//4949 1410//4950
f 552//4951 1410//4952 1411//4953
f 1411//4954 1412//4955 552//4956
f 552//4957 1412//4958 1413//4959
f 552//4960 1413//4961 554//4962
f 554//4963 1413//4964 1414//4965
f 554//4966 1414//4967 1388//4968
f 1415//4969 1416//4970 1417//4971
f 1416//4972 1391//4973 1417//4974
f 1417//4975 1391//4976 552//4977
f 1417//4978 552//4979 1418//4980
f 1418//4981 552//4982 1347//4983
f 1418//4984 1347//4985 1419//4986
f 1419//4987 1347//4988 1346//4989
f 1419//4990 1346//4991 1143//4992
f 1143//4993 1346//4994 1345//4995
f 1143//4996 1345//4997 1140//4998
f 1140//4999 1345//5000 1344//5001
f 1140//5002 1344//5003 1179//5004
f 1179//5005 1344//5006 1343//5007
f 1179//5008 1343//5009 1181//5010
f 1181//5011 1343//5012 1342//5013
f 1181//5014 1342//5015 956//5016
f 956//5017 1342//5018 1341//5019
f 956//5020 1341//5021 955//5022
f 955//5023 1341//5024 1340//5025
f 955//5026 1340//5027 459//5028
f 459//5029 1340//5030 446//5031
f 459//5032 446//5033 457//5034
f 457//5035 446//5036 456//5037
f 1405//5038 1420//5039 1398//5040
f 1398//5041 1420//5042 1421//5043
f 1398//5044 1421//5045 1417//5046
f 1417//5047 1421//5048 1422//5049
f 1422//5050 1423//5051 1417//5052
f 1417//5053 1423//5054 1424//5055
f 1417//5056 1424//5057 1425//5058
f 1425//5059 1426//5060 1417//5061
f 1417//5062 1426//5063 1427//5064
f 1417//5065 1427//5066 1415//5067
f 1152//5068 1164//5069 1143//5070
f 1143//5071 1164//5072 1155//5073
f 1143//5074 1155//5075 1419//5076
f 1419//5077 1155//5078 1428//5079
f 1419//5080 1428//5081 1418//5082
f 1418//5083 1428//5084 1429//5085
f 1418//5086 1429//5087 1417//5088
f 1417//5089 1429//5090 1430//5091
f 1417//5092 1430//5093 1398//5094
f 1398//5095 1430//5096 1431//5097
f 751//5098 755//5099 746//5100
f 746//5101 755//5102 757//5103
f 746//5104 757//5105 997//5106
f 997//5107 757//5108 947//5109
f 997//5110 947//5111 996//5112
f 996//5113 947//5114 948//5115
f 996//5116 948//5117 995//5118
f 995//5119 948//5120 949//5121
f 995//5122 949//5123 994//5124
f 994//5125 949//5126 950//5127
f 994//5128 950//5129 993//5130
f 993//5131 950//5132 951//5133
f 993//5134 951//5135 962//5136
f 962//5137 951//5138 952//5139
f 962//5140 952//5141 967//5142
f 967//5143 952//5144 1000//5145
f 967//5146 1000//5147 1180//5148
f 1180//5149 1000//5150 1220//5151
f 1180//5152 1220//5153 1178//5154
f 1178//5155 1220//5156 1218//5157
f 1178//5158 1218//5159 1158//5160
f 1158//5161 1218//5162 1184//5163
f 1158//5164 1184//5165 1155//5166
f 1155//5167 1184//5168 1186//5169
f 1155//5170 1186//5171 1428//5172
f 1428//5173 1186//5174 1432//5175
f 1428//5176 1432//5177 1429//5178
f 1429//5179 1432//5180 1433//5181
f 1429//5182 1433//5183 1430//5184
f 1430//5185 1433//5186 1434//5187
f 1430//5188 1434//5189 1431//5190
f 1431//5191 1434//5192 1435//5193
f 1209//5194 1210//5195 1186//5196
f 1186//5197 1210//5198 1199//5199
f 1186//5200 1199//5201 1432//5202
f 1432//5203 1199//5204 1436//5205
f 1432//5206 1436//5207 1433//5208
f 1433//5209 1436//5210 1437//5211
f 1433//5212 1437//5213 1434//5214
f 1434//5215 1437//5216 1438//5217
f 1434//5218 1438//5219 1435//5220
f 1435//5221 1438//5222 1439//5223
f 437//5224 441//5225 435//5226
f 435//5227 441//5228 432//5229
f 435//5230 432//5231 1004//5232
f 1004//5233 432//5234 236//5235
f 1004//5236 236//5237 1219//5238
f 1219//5239 236//5240 237//5241
f 1219//5242 237//5243 1217//5244
f 1217//5245 237//5246 239//5247
f 1217//5248 239//5249 1194//5250
f 1194//5251 239//5252 1262//5253
f 1194//5254 1262//5255 1199//5256
f 1199//5257 1262//5258 1264//5259
f 1199//5260 1264//5261 1436//5262
f 1436//5263 1264//5264 363//5265
f 1436//5266 363//5267 1437//5268
f 1437//5269 363//5270 311//5271
f 1437//5272 311//5273 1438//5274
f 1438//5275 311//5276 293//5277
f 1438//5278 293//5279 1439//5280
f 1439//5281 293//5282 299//5283
f 306//5284 334//5285 299//5286
f 299//5287 334//5288 1440//5289
f 299//5290 1440//5291 1439//5292
f 1439//5293 1440//5294 1441//5295
f 1439//5296 1441//5297 1435//5298
f 1435//5299 1441//5300 1442//5301
f 1435//5302 1442//5303 1431//5304
f 1431//5305 1442//5306 1443//5307
f 1431//5308 1443//5309 1398//5310
f 1398//5311 1443//5312 1444//5313
f 1398//5314 1444//5315 554//5316
f 554//5317 1444//5318 1445//5319
f 554//5320 1445//5321 561//5322
f 561//5323 1445//5324 1446//5325
f 561//5326 1446//5327 558//5328
f 558//5329 1446//5330 1447//5331
f 558//5332 1447//5333 536//5334
f 536//5335 1447//5336 1448//5337
f 536//5338 1448//5339 1372//5340
f 1372//5341 1448//5342 1449//5343
f 1372//5344 1449//5345 1352//5346
f 1352//5347 1449//5348 1450//5349
f 1352//5350 1450//5351 1378//5352
f 1378//5353 1450//5354 1451//5355
f 1378//5356 1451//5357 1377//5358
f 1377//5359 1451//5360 274//5361
f 1377//5362 274//5363 267//5364
f 267//5365 274//5366 273//5367
f 267//5368 273//5369 265//5370
f 389//5371 393//5372 309//5373
f 309//5374 393//5375 395//5376
f 309//5377 395//5378 307//5379
f 307//5380 395//5381 1452//5382
f 307//5383 1452//5384 319//5385
f 319//5386 1452//5387 1453//5388
f 319//5389 1453//5390 332//5391
f 332//5392 1453//5393 1454//5394
f 112//5395 117//5396 113//5397
f 113//5398 117//5399 119//5400
f 113//5401 119//5402 1266//5403
f 1266//5404 119//5405 1455//5406
f 1266//5407 1455//5408 1267//5409
f 1267//5410 1455//5411 1456//5412
f 1267//5413 1456//5414 1268//5415
f 1268//5416 1456//5417 1457//5418
f 1268//5419 1457//5420 1269//5421
f 1269//5422 1457//5423 1458//5424
f 1269//5425 1458//5426 1270//5427
f 1270//5428 1458//5429 1459//5430
f 1270//5431 1459//5432 397//5433
f 397//5434 1459//5435 1460//5436
f 397//5437 1460//5438 395//5439
f 395//5440 1460//5441 1461//5442
f 395//5443 1461//5444 1452//5445
f 1452//5446 1461//5447 1462//5448
f 1452//5449 1462//5450 1453//5451
f 1453//5452 1462//5453 1463//5454
f 1453//5455 1463//5456 1454//5457
f 1454//5458 1463//5459 1464//5460
f 680//5461 681//5462 358//5463
f 358//5464 681//5465 683//5466
f 358//5467 683//5468 360//5469
f 360//5470 683//5471 1465//5472
f 360//5473 1465//5474 342//5475
f 342//5476 1465//5477 1466//5478
f 342//5479 1466//5480 341//5481
f 341//5482 1466//5483 1467//5484
f 341//5485 1467//5486 944//5487
f 944//5488 1467//5489 1468//5490
f 944//5491 1468//5492 942//5493
f 942//5494 1468//5495 1469//5496
f 942//5497 1469//5498 89//5499
f 89//5500 1469//5501 1470//5502
f 89//5503 1470//5504 83//5505
f 83//5506 1470//5507 1471//5508
f 83//5509 1471//5510 119//5511
f 119//5512 1471//5513 1472//5514
f 119//5515 1472//5516 1455//5517
f 1455//5518 1472//5519 1473//5520
f 1455//5521 1473//5522 1456//5523
f 1456//5524 1473//5525 1474//5526
f 1456//5527 1474//5528 1457//5529
f 1457//5530 1474//5531 1475//5532
f 1457//5533 1475//5534 1458//5535
f 1458//5536 1475//5537 1476//5538
f 1458//5539 1476//5540 1459//5541
f 1459//5542 1476//5543 1477//5544
f 1459//5545 1477//5546 1460//5547
f 1460//5548 1477//5549 1478//5550
f 1460//5551 1478//5552 1461//5553
f 1461//5554 1478//5555 1479//5556
f 1461//5557 1479//5558 1462//5559
f 1462//5560 1479//5561 1480//5562
f 1462//5563 1480//5564 1463//5565
f 1463//5566 1480//5567 1481//5568
f 1463//5569 1481//5570 1464//5571
f 1464//5572 1481//5573 1482//5574
f 1483//5575 1484//5576 280//5577
f 280//5578 1484//5579 1485//5580
f 280//5581 1485//5582 1486//5583
f 1487//5584 1488//5585 1489//5586
f 1490//5587 1487//5588 1491//5589
f 1491//5590 1487//5591 1492//5592
f 1493//5593 1494//5594 1495//5595
f 1495//5596 1494//5597 1496//5598
f 1495//5599 1496//5600 1497//5601
f 1497//5602 1498//5603 1495//5604
f 1495//5605 1498//5606 1499//5607
f 1495//5608 1499//5609 1500//5610
f 1500//5611 1501//5612 1495//5613
f 1495//5614 1501//5615 1502//5616
f 1495//5617 1502//5618 1487//5619
f 1487//5620 1502//5621 1503//5622
f 1487//5623 1503//5624 1488//5625
f 1489//5626 1504//5627 1487//5628
f 1487//5629 1504//5630 1505//5631
f 1487//5632 1505//5633 1506//5634
f 1486//5635 1493//5636 280//5637
f 280//5638 1493//5639 1495//5640
f 280//5641 1495//5642 248//5643
f 248//5644 1495//5645 1507//5646
f 248//5647 1507//5648 244//5649
f 244//5650 1507//5651 1508//5652
f 244//5653 1508//5654 256//5655
f 256//5656 1508//5657 1509//5658
f 256//5659 1509//5660 1289//5661
f 1289//5662 1509//5663 1510//5664
f 1289//5665 1510//5666 1287//5667
f 1287//5668 1510//5669 1511//5670
f 1287//5671 1511//5672 1285//5673
f 1285//5674 1511//5675 1512//5676
f 1285//5677 1512//5678 1283//5679
f 1283//5680 1512//5681 1513//5682
f 1283//5683 1513//5684 1281//5685
f 1281//5686 1513//5687 1514//5688
f 1281//5689 1514//5690 1279//5691
f 1279//5692 1514//5693 1515//5694
f 1279//5695 1515//5696 1277//5697
f 1277//5698 1515//5699 1516//5700
f 1277//5701 1516//5702 1275//5703
f 1275//5704 1516//5705 1517//5706
f 1275//5707 1517//5708 1273//5709
f 1273//5710 1517//5711 1518//5712
f 1273//5713 1518//5714 1271//5715
f 1271//5716 1518//5717 1519//5718
f 1271//5719 1519//5720 790//5721
f 790//5722 1519//5723 1520//5724
f 790//5725 1520//5726 788//5727
f 788//5728 1520//5729 1521//5730
f 788//5731 1521//5732 808//5733
f 808//5734 1521//5735 1522//5736
f 808//5737 1522//5738 810//5739
f 810//5740 1522//5741 1523//5742
f 810//5743 1523//5744 6//5745
f 6//5746 1523//5747 588//5748
f 6//5749 588//5750 600//5751
f 600//5752 588//5753 599//5754
f 1506//5755 1524//5756 1487//5757
f 1487//5758 1524//5759 1525//5760
f 1487//5761 1525//5762 1492//5763
f 1492//5764 1526//5765 1491//5766
f 1491//5767 1526//5768 1527//5769
f 1491//5770 1527//5771 1528//5772
f 1491//5773 1529//5774 1530//5775
f 1528//5776 1531//5777 1491//5778
f 1491//5779 1531//5780 1532//5781
f 1491//5782 1532//5783 1533//5784
f 1530//5785 1534//5786 280//5787
f 280//5788 1534//5789 1535//5790
f 1533//5791 1536//5792 1491//5793
f 1491//5794 1536//5795 1537//5796
f 1491//5797 1537//5798 1529//5799
f 1535//5800 1538//5801 280//5802
f 280//5803 1538//5804 1539//5805
f 280//5806 1539//5807 1483//5808
f 1530//5809 280//5810 1491//5811
f 1491//5812 280//5813 275//5814
f 1491//5815 275//5816 1540//5817
f 1540//5818 275//5819 274//5820
f 1540//5821 274//5822 1541//5823
f 1541//5824 274//5825 1451//5826
f 1541//5827 1451//5828 1542//5829
f 1542//5830 1451//5831 1450//5832
f 1542//5833 1450//5834 1543//5835
f 1543//5836 1450//5837 1449//5838
f 1543//5839 1449//5840 1544//5841
f 1544//5842 1449//5843 1448//5844
f 1544//5845 1448//5846 1545//5847
f 1545//5848 1448//5849 1447//5850
f 1545//5851 1447//5852 1546//5853
f 1546//5854 1447//5855 1446//5856
f 1546//5857 1446//5858 1547//5859
f 1547//5860 1446//5861 1445//5862
f 1547//5863 1445//5864 1548//5865
f 1548//5866 1445//5867 1444//5868
f 1548//5869 1444//5870 1549//5871
f 1549//5872 1444//5873 1443//5874
f 1549//5875 1443//5876 1550//5877
f 1550//5878 1443//5879 1442//5880
f 1550//5881 1442//5882 1551//5883
f 1551//5884 1442//5885 1441//5886
f 1551//5887 1441//5888 1552//5889
f 1552//5890 1441//5891 1440//5892
f 1552//5893 1440//5894 1553//5895
f 1553//5896 1440//5897 334//5898
f 1553//5899 334//5900 1554//5901
f 1554//5902 334//5903 332//5904
f 1554//5905 332//5906 1555//5907
f 1555//5908 332//5909 1454//5910
f 1555//5911 1454//5912 1556//5913
f 1556//5914 1454//5915 1464//5916
f 1556//5917 1464//5918 1557//5919
f 1558//5920 1559//5921 1482//5922
f 1560//5923 1561//5924 1464//5925
f 1464//5926 1561//5927 1562//5928
f 1464//5929 1562//5930 1563//5931
f 1563//5932 1564//5933 1464//5934
f 1464//5935 1564//5936 1565//5937
f 1464//5938 1565//5939 1566//5940
f 1566//5941 1567//5942 1464//5943
f 1464//5944 1567//5945 1568//5946
f 1464//5947 1568//5948 1557//5949
f 1557//5950 1568//5951 1569//5952
f 1569//5953 1570//5954 1557//5955
f 1557//5956 1570//5957 1571//5958
f 1557//5959 1571//5960 1572//5961
f 1559//5962 1573//5963 1482//5964
f 1482//5965 1573//5966 1574//5967
f 1482//5968 1574//5969 1464//5970
f 1464//5971 1574//5972 1575//5973
f 1464//5974 1575//5975 1560//5976
f 1572//5977 1576//5978 1557//5979
f 1557//5980 1576//5981 1577//5982
f 1557//5983 1577//5984 1578//5985
f 1578//5986 1579//5987 1557//5988
f 1557//5989 1579//5990 1580//5991
f 1557//5992 1580//5993 1581//5994
f 1581//5995 1580//5996 1582//5997
f 1581//5998 1582//5999 1583//6000
f 1581//6001 1584//6002 1585//6003
f 1583//6004 1586//6005 1581//6006
f 1581//6007 1586//6008 1587//6009
f 1581//6010 1587//6011 1588//6012
f 1581//6013 1585//6014 1482//6015
f 1482//6016 1585//6017 1589//6018
f 1482//6019 1589//6020 1590//6021
f 1588//6022 1591//6023 1581//6024
f 1581//6025 1591//6026 1592//6027
f 1581//6028 1592//6029 1584//6030
f 1590//6031 1593//6032 1482//6033
f 1482//6034 1593//6035 1594//6036
f 1482//6037 1594//6038 1558//6039
f 1490//6040 1491//6041 1595//6042
f 1595//6043 1491//6044 1540//6045
f 1595//6046 1540//6047 1596//6048
f 1596//6049 1540//6050 1541//6051
f 1596//6052 1541//6053 1597//6054
f 1597//6055 1541//6056 1542//6057
f 1597//6058 1542//6059 1598//6060
f 1598//6061 1542//6062 1543//6063
f 1598//6064 1543//6065 1599//6066
f 1599//6067 1543//6068 1544//6069
f 1599//6070 1544//6071 1600//6072
f 1600//6073 1544//6074 1545//6075
f 1600//6076 1545//6077 1601//6078
f 1601//6079 1545//6080 1546//6081
f 1601//6082 1546//6083 1602//6084
f 1602//6085 1546//6086 1547//6087
f 1602//6088 1547//6089 1603//6090
f 1603//6091 1547//6092 1548//6093
f 1603//6094 1548//6095 1604//6096
f 1604//6097 1548//6098 1549//6099
f 1604//6100 1549//6101 1605//6102
f 1605//6103 1549//6104 1550//6105
f 1605//6106 1550//6107 1606//6108
f 1606//6109 1550//6110 1551//6111
f 1606//6112 1551//6113 1607//6114
f 1607//6115 1551//6116 1552//6117
f 1607//6118 1552//6119 1608//6120
f 1608//6121 1552//6122 1553//6123
f 1608//6124 1553//6125 1609//6126
f 1609//6127 1553//6128 1554//6129
f 1609//6130 1554//6131 1610//6132
f 1610//6133 1554//6134 1555//6135
f 1610//6136 1555//6137 1611//6138
f 1611//6139 1555//6140 1556//6141
f 1611//6142 1556//6143 1612//6144
f 1612//6145 1556//6146 1557//6147
f 1612//6148 1557//6149 1613//6150
f 1613//6151 1557//6152 1581//6153
f 1613//6154 1581//6155 1614//6156
f 660//6157 1615//6158 683//6159
f 683//6160 1615//6161 1616//6162
f 683//6163 1616//6164 1465//6165
f 1465//6166 1616//6167 1617//6168
f 1465//6169 1617//6170 1466//6171
f 1466//6172 1617//6173 1618//6174
f 1466//6175 1618//6176 1467//6177
f 1467//6178 1618//6179 1619//6180
f 1467//6181 1619//6182 1468//6183
f 1468//6184 1619//6185 1620//6186
f 1468//6187 1620//6188 1469//6189
f 1469//6190 1620//6191 1621//6192
f 1469//6193 1621//6194 1470//6195
f 1470//6196 1621//6197 1622//6198
f 1470//6199 1622//6200 1471//6201
f 1471//6202 1622//6203 1623//6204
f 1471//6205 1623//6206 1472//6207
f 1472//6208 1623//6209 1624//6210
f 1472//6211 1624//6212 1473//6213
f 1473//6214 1624//6215 1625//6216
f 1473//6217 1625//6218 1474//6219
f 1474//6220 1625//6221 1626//6222
f 1474//6223 1626//6224 1475//6225
f 1475//6226 1626//6227 1627//6228
f 1475//6229 1627//6230 1476//6231
f 1476//6232 1627//6233 1628//6234
f 1476//6235 1628//6236 1477//6237
f 1477//6238 1628//6239 1629//6240
f 1477//6241 1629//6242 1478//6243
f 1478//6244 1629//6245 1630//6246
f 1478//6247 1630//6248 1479//6249
f 1479//6250 1630//6251 1631//6252
f 1479//6253 1631//6254 1480//6255
f 1480//6256 1631//6257 1632//6258
f 1480//6259 1632//6260 1481//6261
f 1481//6262 1632//6263 1633//6264
f 1481//6265 1633//6266 1482//6267
f 1482//6268 1633//6269 1634//6270
f 1482//6271 1634//6272 1581//6273
f 1581//6274 1634//6275 1635//6276
f 1581//6277 1635//6278 1614//6279
f 1614//6280 1635//6281 1636//6282
f 1637//6283 1638//6284 1639//6285
f 1640//6286 1641//6287 1637//6288
f 1642//6289 1643//6290 1644//6291
f 1645//6292 1646//6293 1647//6294
f 1648//6295 1649//6296 1650//6297
f 1651//6298 1652//6299 1653//6300
f 1654//6301 1655//6302 1656//6303
f 1657//6304 1658//6305 1659//6306
f 1660//6307 1657//6308 1661//6309
f 1662//6310 1660//6311 1663//6312
f 1664//6313 1662//6314 1665//6315
f 1666//6316 1667//6317 1668//6318
f 1669//6319 1670//6320 1671//6321
f 1672//6322 1673//6323 1674//6324
f 1675//6325 1676//6326 1677//6327
f 1678//6328 1679//6329 1646//6330
f 1680//6331 1681//6332 1682//6333
f 1683//6334 1684//6335 1685//6336
f 1686//6337 1687//6338 1688//6339
f 1689//6340 1690//6341 1691//6342
f 1692//6343 1693//6344 1641//6345
f 1694//6346 1695//6347 1696//6348
f 1695//6349 1697//6350 1696//6351
f 1696//6352 1697//6353 1698//6354
f 1696//6355 1698//6356 1699//6357
f 1699//6358 1698//6359 1700//6360
f 1699//6361 1700//6362 1701//6363
f 1702//6364 1703//6365 1704//6366
f 1704//6367 1703//6368 1705//6369
f 1705//6370 1706//6371 1704//6372
f 1704//6373 1706//6374 1707//6375
f 1704//6376 1707//6377 1708//6378
f 1709//6379 1710//6380 1711//6381
f 1712//6382 1713//6383 1711//6384
f 1711//6385 1713//6386 1714//6387
f 1711//6388 1714//6389 1694//6390
f 1708//6391 1715//6392 1704//6393
f 1704//6394 1715//6395 1716//6396
f 1704//6397 1716//6398 1709//6399
f 1710//6400 1717//6401 1711//6402
f 1711//6403 1717//6404 1718//6405
f 1711//6406 1718//6407 1712//6408
f 1719//6409 1720//6410 1721//6411
f 1721//6412 1720//6413 1722//6414
f 1721//6415 1722//6416 1723//6417
f 1723//6418 1722//6419 1724//6420
f 1723//6421 1724//6422 1702//6423
f 1725//6424 1726//6425 1727//6426
f 1728//6427 1729//6428 1730//6429
f 1730//6430 1729//6431 1731//6432
f 1730//6433 1731//6434 1732//6435
f 1730//6436 1733//6437 1734//6438
f 1727//6439 1735//6440 1725//6441
f 1725//6442 1735//6443 1736//6444
f 1725//6445 1736//6446 1737//6447
f 1737//6448 1738//6449 1725//6450
f 1725//6451 1738//6452 1739//6453
f 1725//6454 1739//6455 1733//6456
f 1734//6457 1740//6458 1730//6459
f 1730//6460 1740//6461 1741//6462
f 1730//6463 1741//6464 1728//6465
f 1742//6466 1743//6467 1744//6468
f 1744//6469 1743//6470 1745//6471
f 1744//6472 1745//6473 1746//6474
f 1747//6475 1748//6476 1749//6477
f 1746//6478 1750//6479 1744//6480
f 1744//6481 1750//6482 1751//6483
f 1744//6484 1751//6485 1749//6486
f 1749//6487 1751//6488 1752//6489
f 1749//6490 1752//6491 1747//6492
f 1753//6493 1754//6494 1755//6495
f 1756//6496 1757//6497 1758//6498
f 1758//6499 1757//6500 1759//6501
f 1758//6502 1759//6503 1760//6504
f 1754//6505 1761//6506 1755//6507
f 1755//6508 1761//6509 1762//6510
f 1755//6511 1762//6512 1763//6513
f 1764//6514 1765//6515 1766//6516
f 1766//6517 1767//6518 1758//6519
f 1758//6520 1767//6521 1768//6522
f 1758//6523 1768//6524 1756//6525
f 1769//6526 1770//6527 1641//6528
f 1641//6529 1770//6530 1771//6531
f 1771//6532 1772//6533 1641//6534
f 1641//6535 1772//6536 1773//6537
f 1641//6538 1773//6539 1774//6540
f 1775//6541 1776//6542 1777//6543
f 1777//6544 1776//6545 1765//6546
f 1777//6547 1765//6548 1778//6549
f 1693//6550 1779//6551 1641//6552
f 1641//6553 1779//6554 1780//6555
f 1641//6556 1780//6557 1769//6558
f 1769//6559 1780//6560 1781//6561
f 1769//6562 1781//6563 1775//6564
f 1775//6565 1781//6566 1782//6567
f 1775//6568 1782//6569 1776//6570
f 1783//6571 1784//6572 1785//6573
f 1785//6574 1784//6575 1786//6576
f 1786//6577 1787//6578 1785//6579
f 1785//6580 1787//6581 1788//6582
f 1785//6583 1788//6584 1789//6585
f 1790//6586 1791//6587 1640//6588
f 1640//6589 1791//6590 1792//6591
f 1640//6592 1792//6593 1793//6594
f 1793//6595 1794//6596 1640//6597
f 1640//6598 1794//6599 1795//6600
f 1640//6601 1795//6602 1641//6603
f 1641//6604 1795//6605 1796//6606
f 1641//6607 1796//6608 1692//6609
f 1797//6610 1798//6611 1799//6612
f 1800//6613 1801//6614 1802//6615
f 1803//6616 1804//6617 1764//6618
f 1802//6619 1805//6620 1806//6621
f 1804//6622 1807//6623 1764//6624
f 1764//6625 1807//6626 1808//6627
f 1764//6628 1808//6629 1765//6630
f 1765//6631 1808//6632 1809//6633
f 1765//6634 1809//6635 1778//6636
f 1810//6637 1811//6638 1812//6639
f 1800//6640 1802//6641 1813//6642
f 1801//6643 1814//6644 1802//6645
f 1802//6646 1814//6647 1815//6648
f 1802//6649 1815//6650 1805//6651
f 1806//6652 1816//6653 1799//6654
f 1799//6655 1816//6656 1817//6657
f 1799//6658 1817//6659 1818//6660
f 1818//6661 1819//6662 1799//6663
f 1799//6664 1819//6665 1820//6666
f 1799//6667 1820//6668 1797//6669
f 1773//6670 1821//6671 1774//6672
f 1774//6673 1821//6674 1822//6675
f 1774//6676 1822//6677 1812//6678
f 1812//6679 1822//6680 1823//6681
f 1812//6682 1823//6683 1810//6684
f 1798//6685 1824//6686 1799//6687
f 1799//6688 1824//6689 1825//6690
f 1799//6691 1825//6692 1764//6693
f 1764//6694 1825//6695 1826//6696
f 1764//6697 1826//6698 1803//6699
f 1811//6700 1827//6701 1812//6702
f 1812//6703 1827//6704 1828//6705
f 1812//6706 1828//6707 1802//6708
f 1802//6709 1828//6710 1829//6711
f 1802//6712 1829//6713 1813//6714
f 1830//6715 1831//6716 1832//6717
f 1833//6718 1834//6719 1835//6720
f 1835//6721 1836//6722 1833//6723
f 1833//6724 1836//6725 1837//6726
f 1833//6727 1837//6728 1838//6729
f 1744//6730 1839//6731 1840//6732
f 1841//6733 1842//6734 1843//6735
f 1843//6736 1842//6737 1844//6738
f 1841//6739 1845//6740 1842//6741
f 1842//6742 1845//6743 1846//6744
f 1842//6745 1846//6746 1847//6747
f 1848//6748 1849//6749 1832//6750
f 1832//6751 1849//6752 1850//6753
f 1832//6754 1850//6755 1830//6756
f 1831//6757 1851//6758 1832//6759
f 1832//6760 1851//6761 1852//6762
f 1832//6763 1852//6764 1853//6765
f 1840//6766 1854//6767 1744//6768
f 1744//6769 1854//6770 1855//6771
f 1744//6772 1855//6773 1856//6774
f 1857//6775 1858//6776 1842//6777
f 1842//6778 1858//6779 1859//6780
f 1842//6781 1859//6782 1844//6783
f 1860//6784 1861//6785 1862//6786
f 1749//6787 1863//6788 1864//6789
f 1839//6790 1744//6791 1865//6792
f 1865//6793 1744//6794 1749//6795
f 1865//6796 1749//6797 1866//6798
f 1864//6799 1867//6800 1749//6801
f 1749//6802 1867//6803 1868//6804
f 1749//6805 1868//6806 1866//6807
f 1862//6808 1869//6809 1860//6810
f 1860//6811 1869//6812 1870//6813
f 1860//6814 1870//6815 1749//6816
f 1749//6817 1870//6818 1871//6819
f 1749//6820 1871//6821 1863//6822
f 1872//6823 1873//6824 1874//6825
f 1875//6826 1874//6827 1876//6828
f 1873//6829 1877//6830 1874//6831
f 1874//6832 1877//6833 1878//6834
f 1874//6835 1878//6836 1876//6837
f 1876//6838 1879//6839 1875//6840
f 1875//6841 1879//6842 1880//6843
f 1875//6844 1880//6845 1881//6846
f 1882//6847 1883//6848 1884//6849
f 1885//6850 1886//6851 1887//6852
f 1887//6853 1886//6854 1884//6855
f 1887//6856 1884//6857 1888//6858
f 1888//6859 1884//6860 1889//6861
f 1885//6862 1890//6863 1886//6864
f 1886//6865 1890//6866 1891//6867
f 1886//6868 1891//6869 1892//6870
f 1882//6871 1884//6872 1893//6873
f 1883//6874 1894//6875 1884//6876
f 1884//6877 1894//6878 1895//6879
f 1884//6880 1895//6881 1889//6882
f 1881//6883 1896//6884 1875//6885
f 1875//6886 1896//6887 1897//6888
f 1875//6889 1897//6890 1898//6891
f 1898//6892 1899//6893 1875//6894
f 1875//6895 1899//6896 1900//6897
f 1875//6898 1900//6899 1901//6900
f 1902//6901 1903//6902 1904//6903
f 1892//6904 1905//6905 1886//6906
f 1886//6907 1905//6908 1906//6909
f 1886//6910 1906//6911 1907//6912
f 1907//6913 1906//6914 1908//6915
f 1907//6916 1908//6917 1909//6918
f 1909//6919 1910//6920 1907//6921
f 1907//6922 1910//6923 1911//6924
f 1907//6925 1911//6926 1912//6927
f 1902//6928 1904//6929 1912//6930
f 1903//6931 1913//6932 1904//6933
f 1904//6934 1913//6935 1914//6936
f 1904//6937 1914//6938 1874//6939
f 1874//6940 1914//6941 1915//6942
f 1874//6943 1915//6944 1872//6945
f 1916//6946 1917//6947 1918//6948
f 1916//6949 1918//6950 1919//6951
f 1920//6952 1921//6953 1922//6954
f 1923//6955 1924//6956 1925//6957
f 1925//6958 1924//6959 1926//6960
f 1917//6961 1927//6962 1918//6963
f 1918//6964 1927//6965 1928//6966
f 1918//6967 1928//6968 1920//6969
f 1920//6970 1928//6971 1929//6972
f 1920//6973 1929//6974 1921//6975
f 1922//6976 1930//6977 1920//6978
f 1920//6979 1930//6980 1931//6981
f 1920//6982 1931//6983 1932//6984
f 1932//6985 1933//6986 1920//6987
f 1920//6988 1933//6989 1934//6990
f 1920//6991 1934//6992 1935//6993
f 1936//6994 1937//6995 1938//6996
f 1938//6997 1937//6998 1939//6999
f 1939//7000 1940//7001 1938//7002
f 1938//7003 1940//7004 1941//7005
f 1938//7006 1941//7007 1942//7008
f 1942//7009 1943//7010 1938//7011
f 1938//7012 1943//7013 1944//7014
f 1938//7015 1944//7016 1925//7017
f 1925//7018 1944//7019 1945//7020
f 1925//7021 1945//7022 1923//7023
f 1946//7024 1947//7025 1948//7026
f 1926//7027 1949//7028 1925//7029
f 1925//7030 1949//7031 1950//7032
f 1925//7033 1950//7034 1951//7035
f 1951//7036 1950//7037 1952//7038
f 1951//7039 1952//7040 1953//7041
f 1953//7042 1954//7043 1951//7044
f 1951//7045 1954//7046 1955//7047
f 1951//7048 1955//7049 1956//7050
f 1946//7051 1948//7052 1956//7053
f 1947//7054 1957//7055 1948//7056
f 1948//7057 1957//7058 1958//7059
f 1948//7060 1958//7061 1918//7062
f 1918//7063 1958//7064 1959//7065
f 1918//7066 1959//7067 1919//7068
f 1960//7069 1961//7070 1962//7071
f 1962//7072 1961//7073 1963//7074
f 1962//7075 1963//7076 1964//7077
f 1964//7078 1965//7079 1962//7080
f 1962//7081 1965//7082 1966//7083
f 1962//7084 1966//7085 1967//7086
f 1968//7087 1969//7088 1970//7089
f 1971//7090 1972//7091 1973//7092
f 1968//7093 1970//7094 1974//7095
f 1972//7096 1975//7097 1973//7098
f 1973//7099 1975//7100 1976//7101
f 1973//7102 1976//7103 1977//7104
f 1977//7105 1978//7106 1973//7107
f 1973//7108 1978//7109 1979//7110
f 1973//7111 1979//7112 1980//7113
f 1967//7114 1981//7115 1962//7116
f 1962//7117 1981//7118 1982//7119
f 1962//7120 1982//7121 1970//7122
f 1970//7123 1982//7124 1983//7125
f 1970//7126 1983//7127 1974//7128
f 1969//7129 1984//7130 1970//7131
f 1970//7132 1984//7133 1985//7134
f 1970//7135 1985//7136 1986//7137
f 1987//7138 1691//7139 1988//7140
f 1988//7141 1691//7142 1989//7143
f 1987//7144 1990//7145 1691//7146
f 1691//7147 1990//7148 1991//7149
f 1691//7150 1991//7151 1689//7152
f 1986//7153 1992//7154 1970//7155
f 1970//7156 1992//7157 1993//7158
f 1970//7159 1993//7160 1973//7161
f 1973//7162 1993//7163 1994//7164
f 1973//7165 1994//7166 1971//7167
f 1995//7168 1996//7169 1997//7170
f 1997//7171 1996//7172 1998//7173
f 1997//7174 1998//7175 1999//7176
f 1999//7177 1998//7178 2000//7179
f 1999//7180 2000//7181 1960//7182
f 2001//7183 2002//7184 2003//7185
f 2003//7186 2002//7187 2004//7188
f 2005//7189 2006//7190 2007//7191
f 2008//7192 2009//7193 2007//7194
f 2010//7195 2011//7196 2006//7197
f 2012//7198 2013//7199 2014//7200
f 2014//7201 2013//7202 2011//7203
f 2015//7204 2012//7205 2016//7206
f 2016//7207 2017//7208 2015//7209
f 2015//7210 2017//7211 2018//7212
f 2015//7213 2018//7214 2019//7215
f 2019//7216 2018//7217 2020//7218
f 2020//7219 2018//7220 2021//7221
f 2020//7222 2021//7223 2022//7224
f 2002//7225 2023//7226 2004//7227
f 2004//7228 2023//7229 2024//7230
f 2004//7231 2024//7232 2025//7233
f 2025//7234 2024//7235 2022//7236
f 2025//7237 2022//7238 2026//7239
f 2026//7240 2022//7241 2021//7242
f 1687//7243 2027//7244 2028//7245
f 2027//7246 2029//7247 2028//7248
f 2028//7249 2029//7250 2030//7251
f 2028//7252 2030//7253 2031//7254
f 2031//7255 2030//7256 2032//7257
f 2031//7258 2032//7259 2033//7260
f 2034//7261 2035//7262 2036//7263
f 2035//7264 2037//7265 2036//7266
f 2036//7267 2037//7268 2038//7269
f 2036//7270 2038//7271 1688//7272
f 1688//7273 2038//7274 2039//7275
f 1688//7276 2039//7277 1686//7278
f 2040//7279 2041//7280 2042//7281
f 2042//7282 2041//7283 2043//7284
f 2043//7285 2044//7286 2042//7287
f 2042//7288 2044//7289 2045//7290
f 2042//7291 2045//7292 2036//7293
f 2036//7294 2045//7295 2046//7296
f 2036//7297 2046//7298 2034//7299
f 2047//7300 2048//7301 2049//7302
f 2050//7303 2051//7304 2052//7305
f 2051//7306 2053//7307 2052//7308
f 2052//7309 2053//7310 2054//7311
f 2052//7312 2054//7313 2055//7314
f 2055//7315 2054//7316 2056//7317
f 2055//7318 2056//7319 2057//7320
f 1684//7321 2058//7322 1685//7323
f 1685//7324 2058//7325 2059//7326
f 1685//7327 2059//7328 2047//7329
f 2047//7330 2059//7331 2060//7332
f 2047//7333 2060//7334 2048//7335
f 2061//7336 2062//7337 2063//7338
f 2063//7339 2062//7340 2064//7341
f 2063//7342 2064//7343 2065//7344
f 2065//7345 2066//7346 2063//7347
f 2063//7348 2066//7349 2067//7350
f 2063//7351 2067//7352 2068//7353
f 2067//7354 2069//7355 2068//7356
f 2068//7357 2069//7358 2070//7359
f 2068//7360 2070//7361 2071//7362
f 2033//7363 2072//7364 2031//7365
f 2031//7366 2072//7367 2073//7368
f 2031//7369 2073//7370 2074//7371
f 2074//7372 2073//7373 2075//7374
f 2074//7375 2075//7376 2076//7377
f 2077//7378 2078//7379 2079//7380
f 2078//7381 2080//7382 2079//7383
f 2079//7384 2080//7385 2081//7386
f 2079//7387 2081//7388 2082//7389
f 2083//7390 2084//7391 2085//7392
f 2085//7393 2084//7394 2086//7395
f 2085//7396 2086//7397 2087//7398
f 2087//7399 2088//7400 2085//7401
f 2085//7402 2088//7403 2089//7404
f 2085//7405 2089//7406 2079//7407
f 2079//7408 2089//7409 2090//7410
f 2079//7411 2090//7412 2077//7413
f 2091//7414 2092//7415 2093//7416
f 2092//7417 2094//7418 2095//7419
f 2095//7420 2094//7421 2096//7422
f 2095//7423 2096//7424 2085//7425
f 2085//7426 2096//7427 2097//7428
f 2085//7429 2097//7430 2083//7431
f 2098//7432 2099//7433 2093//7434
f 2093//7435 2099//7436 2100//7437
f 2093//7438 2100//7439 2091//7440
f 2101//7441 2102//7442 2103//7443
f 2103//7444 2102//7445 2104//7446
f 2105//7447 2106//7448 2098//7449
f 2098//7450 2106//7451 2107//7452
f 2101//7453 2108//7454 2102//7455
f 2102//7456 2108//7457 2109//7458
f 2102//7459 2109//7460 2110//7461
f 2110//7462 2111//7463 2102//7464
f 2102//7465 2111//7466 2112//7467
f 2102//7468 2112//7469 2098//7470
f 2098//7471 2112//7472 2113//7473
f 2098//7474 2113//7475 2105//7476
f 2107//7477 2114//7478 2098//7479
f 2098//7480 2114//7481 2115//7482
f 2098//7483 2115//7484 2099//7485
f 2082//7486 2116//7487 2079//7488
f 2079//7489 2116//7490 2117//7491
f 2079//7492 2117//7493 1970//7494
f 2104//7495 2102//7496 2118//7497
f 2118//7498 2102//7499 1962//7500
f 2118//7501 1962//7502 2119//7503
f 2117//7504 2120//7505 1970//7506
f 1970//7507 2120//7508 2121//7509
f 1970//7510 2121//7511 1962//7512
f 1962//7513 2121//7514 2122//7515
f 1962//7516 2122//7517 2119//7518
f 2123//7519 2124//7520 2125//7521
f 2126//7522 2127//7523 2128//7524
f 2128//7525 2127//7526 2129//7527
f 2128//7528 2129//7529 2130//7530
f 2124//7531 2131//7532 2125//7533
f 2125//7534 2131//7535 2132//7536
f 2125//7537 2132//7538 2128//7539
f 2128//7540 2132//7541 2133//7542
f 2128//7543 2133//7544 2126//7545
f 2134//7546 2135//7547 2136//7548
f 2136//7549 2135//7550 2137//7551
f 2136//7552 2137//7553 2138//7554
f 2139//7555 2140//7556 2141//7557
f 2141//7558 2140//7559 2142//7560
f 2134//7561 2136//7562 2143//7563
f 2143//7564 2136//7565 2144//7566
f 2143//7567 2144//7568 2145//7569
f 1681//7570 2146//7571 1682//7572
f 1682//7573 2146//7574 2147//7575
f 1682//7576 2147//7577 2148//7578
f 2149//7579 2150//7580 2151//7581
f 2151//7582 2150//7583 2152//7584
f 2153//7585 1650//7586 2154//7587
f 2154//7588 1650//7589 2155//7590
f 2154//7591 2155//7592 2156//7593
f 2156//7594 2155//7595 2157//7596
f 1645//7597 2158//7598 2159//7599
f 2159//7600 2160//7601 1645//7602
f 1645//7603 2160//7604 2161//7605
f 1645//7606 2161//7607 1646//7608
f 1646//7609 2161//7610 2162//7611
f 1646//7612 2162//7613 1678//7614
f 2163//7615 2164//7616 2165//7617
f 2165//7618 2164//7619 2166//7620
f 2165//7621 2166//7622 2167//7623
f 2168//7624 2169//7625 2170//7626
f 2171//7627 2172//7628 2173//7629
f 2173//7630 2172//7631 2168//7632
f 2173//7633 2168//7634 2174//7635
f 2174//7636 2168//7637 2170//7638
f 2175//7639 2176//7640 2177//7641
f 2177//7642 2176//7643 2178//7644
f 2177//7645 2178//7646 2179//7647
f 2179//7648 2178//7649 2180//7650
f 2179//7651 2180//7652 2181//7653
f 2182//7654 2183//7655 2184//7656
f 2184//7657 2183//7658 2185//7659
f 2185//7660 2186//7661 2184//7662
f 2184//7663 2186//7664 2187//7665
f 2184//7666 2187//7667 2188//7668
f 2189//7669 2190//7670 2191//7671
f 2191//7672 2190//7673 2192//7674
f 2191//7675 2192//7676 2193//7677
f 2193//7678 2194//7679 2191//7680
f 2191//7681 2194//7682 2195//7683
f 2191//7684 2195//7685 2177//7686
f 2177//7687 2195//7688 2196//7689
f 2177//7690 2196//7691 2175//7692
f 1677//7693 1676//7694 2197//7695
f 2197//7696 1676//7697 2198//7698
f 2197//7699 2198//7700 2199//7701
f 2200//7702 2201//7703 2202//7704
f 2202//7705 2201//7706 2203//7707
f 2202//7708 2203//7709 1677//7710
f 1677//7711 2203//7712 2204//7713
f 1677//7714 2204//7715 1675//7716
f 2205//7717 2206//7718 2125//7719
f 2125//7720 2206//7721 2207//7722
f 2125//7723 2207//7724 2202//7725
f 2202//7726 2207//7727 2208//7728
f 2202//7729 2208//7730 2200//7731
f 2209//7732 2210//7733 2211//7734
f 2212//7735 2213//7736 2214//7737
f 2214//7738 2213//7739 2215//7740
f 2214//7741 2215//7742 2216//7743
f 2181//7744 2217//7745 2179//7746
f 2179//7747 2217//7748 2218//7749
f 2179//7750 2218//7751 2214//7752
f 2214//7753 2218//7754 2219//7755
f 2214//7756 2219//7757 2212//7758
f 2210//7759 2220//7760 2211//7761
f 2211//7762 2220//7763 2221//7764
f 2211//7765 2221//7766 2222//7767
f 2223//7768 2224//7769 2225//7770
f 2226//7771 2227//7772 2228//7773
f 2225//7774 2224//7775 2228//7776
f 2228//7777 2224//7778 2229//7779
f 2228//7780 2229//7781 2226//7782
f 2223//7783 2230//7784 2231//7785
f 2231//7786 2230//7787 2232//7788
f 2231//7789 2232//7790 2233//7791
f 2233//7792 2232//7793 2234//7794
f 2235//7795 2236//7796 2237//7797
f 2237//7798 2236//7799 2238//7800
f 2237//7801 2238//7802 2239//7803
f 2239//7804 2238//7805 2240//7806
f 2239//7807 2240//7808 2241//7809
f 2241//7810 2240//7811 2242//7812
f 2241//7813 2242//7814 2243//7815
f 2244//7816 2245//7817 2246//7818
f 2247//7819 2248//7820 2245//7821
f 2249//7822 2250//7823 2251//7824
f 2251//7825 2250//7826 2248//7827
f 2252//7828 1672//7829 2253//7830
f 2253//7831 2254//7832 2252//7833
f 2252//7834 2254//7835 2255//7836
f 2252//7837 2255//7838 2256//7839
f 2256//7840 2255//7841 2257//7842
f 2256//7843 2257//7844 2258//7845
f 2258//7846 2257//7847 2259//7848
f 2258//7849 2259//7850 2260//7851
f 2260//7852 2259//7853 2261//7854
f 2260//7855 2261//7856 2262//7857
f 2262//7858 2261//7859 2263//7860
f 2263//7861 2261//7862 2264//7863
f 2263//7864 2264//7865 2265//7866
f 1669//7867 2266//7868 2267//7869
f 1669//7870 2267//7871 2268//7872
f 2268//7873 2267//7874 2269//7875
f 2268//7876 2269//7877 2270//7878
f 2270//7879 2269//7880 2271//7881
f 2270//7882 2271//7883 2272//7884
f 2272//7885 2271//7886 2273//7887
f 2272//7888 2273//7889 2274//7890
f 2274//7891 2273//7892 2275//7893
f 2274//7894 2275//7895 2276//7896
f 2276//7897 2275//7898 2277//7899
f 2277//7900 2275//7901 2278//7902
f 2277//7903 2278//7904 2279//7905
f 1673//7906 2279//7907 2280//7908
f 2281//7909 2282//7910 2283//7911
f 2284//7912 1652//7913 2285//7914
f 2285//7915 1652//7916 1651//7917
f 2285//7918 1651//7919 2286//7920
f 2281//7921 2287//7922 2288//7923
f 2289//7924 2290//7925 2291//7926
f 2291//7927 2292//7928 2289//7929
f 2289//7930 2292//7931 2293//7932
f 2289//7933 2293//7934 2294//7935
f 2288//7936 2295//7937 2281//7938
f 2281//7939 2295//7940 2296//7941
f 2281//7942 2296//7943 2297//7944
f 2298//7945 2299//7946 2191//7947
f 2191//7948 2299//7949 2300//7950
f 2300//7951 2301//7952 2191//7953
f 2191//7954 2301//7955 2302//7956
f 2191//7957 2302//7958 2303//7959
f 2297//7960 2304//7961 2281//7962
f 2281//7963 2304//7964 2305//7965
f 2281//7966 2305//7967 2306//7968
f 2306//7969 2307//7970 2281//7971
f 2281//7972 2307//7973 2308//7974
f 2281//7975 2308//7976 2282//7977
f 2282//7978 2308//7979 2309//7980
f 2282//7981 2309//7982 2310//7983
f 2311//7984 2312//7985 2289//7986
f 2289//7987 2312//7988 2313//7989
f 2289//7990 2313//7991 2290//7992
f 2303//7993 2314//7994 2191//7995
f 2191//7996 2314//7997 2315//7998
f 2191//7999 2315//8000 2316//8001
f 2310//8002 2317//8003 2282//8004
f 2282//8005 2317//8006 2318//8007
f 2282//8008 2318//8009 2319//8010
f 2311//8011 2289//8012 2320//8013
f 2320//8014 2289//8015 2282//8016
f 2320//8017 2282//8018 2321//8019
f 2319//8020 2322//8021 2282//8022
f 2282//8023 2322//8024 2323//8025
f 2282//8026 2323//8027 2321//8028
f 2188//8029 2189//8030 2184//8031
f 2184//8032 2189//8033 2191//8034
f 2184//8035 2191//8036 2281//8037
f 2281//8038 2191//8039 2316//8040
f 2281//8041 2316//8042 2287//8043
f 2283//8044 2324//8045 2281//8046
f 2281//8047 2324//8048 2325//8049
f 2281//8050 2325//8051 2184//8052
f 2184//8053 2325//8054 2197//8055
f 2184//8056 2197//8057 2182//8058
f 2182//8059 2197//8060 2199//8061
f 2326//8062 1653//8063 2327//8064
f 2327//8065 1653//8066 1652//8067
f 2327//8068 1652//8069 2328//8070
f 2328//8071 1652//8072 2284//8073
f 2328//8074 2284//8075 1666//8076
f 2092//8077 2095//8078 2093//8079
f 2093//8080 2095//8081 2329//8082
f 2093//8083 2329//8084 2330//8085
f 2330//8086 2329//8087 2331//8088
f 2330//8089 2331//8090 2332//8091
f 2333//8092 2334//8093 2335//8094
f 2335//8095 2334//8096 2336//8097
f 2337//8098 2338//8099 2339//8100
f 2340//8101 2341//8102 2337//8103
f 2337//8104 2341//8105 2342//8106
f 2337//8107 2342//8108 1654//8109
f 2343//8110 2344//8111 2337//8112
f 2337//8113 2344//8114 2345//8115
f 2337//8116 2345//8117 2338//8118
f 2339//8119 2346//8120 2337//8121
f 2337//8122 2346//8123 2347//8124
f 2337//8125 2347//8126 2348//8127
f 2333//8128 2349//8129 2334//8130
f 2334//8131 2349//8132 2350//8133
f 2334//8134 2350//8135 2351//8136
f 2343//8137 2352//8138 2353//8139
f 2353//8140 2354//8141 2343//8142
f 2343//8143 2354//8144 2355//8145
f 2343//8146 2355//8147 2356//8148
f 2348//8149 2357//8150 2337//8151
f 2337//8152 2357//8153 2358//8154
f 2337//8155 2358//8156 2340//8157
f 2340//8158 2359//8159 2341//8160
f 2341//8161 2359//8162 2360//8163
f 2341//8164 2360//8165 2361//8166
f 2362//8167 2363//8168 2334//8169
f 2334//8170 2363//8171 2364//8172
f 2334//8173 2364//8174 2336//8175
f 2356//8176 2365//8177 2343//8178
f 2343//8179 2365//8180 2366//8181
f 2343//8182 2366//8183 2344//8184
f 2361//8185 2367//8186 2341//8187
f 2341//8188 2367//8189 2368//8190
f 2341//8191 2368//8192 2369//8193
f 2362//8194 2334//8195 2370//8196
f 2370//8197 2334//8198 2341//8199
f 2370//8200 2341//8201 2371//8202
f 2369//8203 2372//8204 2341//8205
f 2341//8206 2372//8207 2373//8208
f 2341//8209 2373//8210 2371//8211
f 1666//8212 1668//8213 2328//8214
f 2328//8215 1668//8216 2374//8217
f 2328//8218 2374//8219 2327//8220
f 2327//8221 2374//8222 2375//8223
f 2327//8224 2375//8225 2326//8226
f 1694//8227 1696//8228 1711//8229
f 1711//8230 1696//8231 2376//8232
f 1711//8233 2376//8234 2377//8235
f 2377//8236 2376//8237 2378//8238
f 2377//8239 2378//8240 2379//8241
f 2379//8242 2378//8243 2380//8244
f 2379//8245 2380//8246 2381//8247
f 1709//8248 1711//8249 1704//8250
f 1704//8251 1711//8252 2377//8253
f 1704//8254 2377//8255 2382//8256
f 2382//8257 2377//8258 2379//8259
f 2382//8260 2379//8261 2383//8262
f 2383//8263 2379//8264 2381//8265
f 2383//8266 2381//8267 2384//8268
f 1702//8269 1704//8270 1723//8271
f 1723//8272 1704//8273 2382//8274
f 1723//8275 2382//8276 2385//8277
f 2385//8278 2382//8279 2383//8280
f 2385//8281 2383//8282 2386//8283
f 2386//8284 2383//8285 2384//8286
f 2386//8287 2384//8288 1664//8289
f 2387//8290 2141//8291 2144//8292
f 2144//8293 2141//8294 2142//8295
f 2144//8296 2142//8297 2145//8298
f 2388//8299 2389//8300 1649//8301
f 1649//8302 2389//8303 2390//8304
f 2390//8305 2391//8306 1649//8307
f 1649//8308 2391//8309 2392//8310
f 1649//8311 2392//8312 2393//8313
f 2393//8314 2394//8315 1649//8316
f 1649//8317 2394//8318 2395//8319
f 1649//8320 2395//8321 2375//8322
f 2375//8323 2395//8324 2396//8325
f 2396//8326 2397//8327 2375//8328
f 2375//8329 2397//8330 2398//8331
f 2375//8332 2398//8333 2399//8334
f 2400//8335 2401//8336 2326//8337
f 2402//8338 2403//8339 1648//8340
f 1648//8341 2403//8342 2404//8343
f 2404//8344 2405//8345 1648//8346
f 1648//8347 2405//8348 2406//8349
f 1648//8350 2406//8351 1649//8352
f 1649//8353 2406//8354 2407//8355
f 1649//8356 2407//8357 2388//8358
f 2399//8359 2408//8360 2375//8361
f 2375//8362 2408//8363 2409//8364
f 2375//8365 2409//8366 2410//8367
f 2410//8368 2411//8369 2375//8370
f 2375//8371 2411//8372 2412//8373
f 2375//8374 2412//8375 2326//8376
f 2326//8377 2412//8378 2413//8379
f 2326//8380 2413//8381 2400//8382
f 2414//8383 2415//8384 1648//8385
f 2415//8386 2416//8387 1648//8388
f 1648//8389 2416//8390 2417//8391
f 1648//8392 2417//8393 2402//8394
f 2401//8395 2418//8396 2326//8397
f 2326//8398 2418//8399 2419//8400
f 2326//8401 2419//8402 2420//8403
f 2420//8404 2421//8405 2326//8406
f 2326//8407 2421//8408 2422//8409
f 2326//8410 2422//8411 2423//8412
f 2424//8413 2286//8414 2425//8415
f 2425//8416 2286//8417 1651//8418
f 2425//8419 1651//8420 2426//8421
f 2426//8422 1651//8423 1653//8424
f 2426//8425 1653//8426 2427//8427
f 2427//8428 1653//8429 2326//8430
f 2427//8431 2326//8432 1648//8433
f 1648//8434 2326//8435 2423//8436
f 1648//8437 2423//8438 2414//8439
f 2428//8440 2429//8441 1721//8442
f 2429//8443 2430//8444 1721//8445
f 1721//8446 2430//8447 2431//8448
f 1721//8449 2431//8450 2432//8451
f 2433//8452 2434//8453 2435//8454
f 2435//8455 2436//8456 2433//8457
f 2433//8458 2436//8459 2437//8460
f 2433//8461 2437//8462 2438//8463
f 2438//8464 2439//8465 2433//8466
f 2433//8467 2439//8468 2440//8469
f 2433//8470 2440//8471 2441//8472
f 1664//8473 1665//8474 2386//8475
f 2386//8476 1665//8477 2442//8478
f 2386//8479 2442//8480 2385//8481
f 2385//8482 2442//8483 2433//8484
f 2385//8485 2433//8486 1723//8487
f 1723//8488 2433//8489 2441//8490
f 1723//8491 2441//8492 2443//8493
f 2443//8494 2444//8495 1723//8496
f 1723//8497 2444//8498 2445//8499
f 1723//8500 2445//8501 2446//8502
f 2447//8503 2448//8504 1721//8505
f 1721//8506 2448//8507 2449//8508
f 1721//8509 2449//8510 2428//8511
f 2450//8512 2451//8513 2452//8514
f 2452//8515 2451//8516 2453//8517
f 2452//8518 2453//8519 2454//8520
f 2446//8521 2455//8522 1723//8523
f 1723//8524 2455//8525 2456//8526
f 1723//8527 2456//8528 2457//8529
f 2457//8530 2458//8531 1723//8532
f 1723//8533 2458//8534 2459//8535
f 1723//8536 2459//8537 1721//8538
f 1721//8539 2459//8540 2460//8541
f 1721//8542 2460//8543 2447//8544
f 2454//8545 2461//8546 2452//8547
f 2452//8548 2461//8549 2462//8550
f 2452//8551 2462//8552 2463//8553
f 2463//8554 2464//8555 2452//8556
f 2452//8557 2464//8558 2465//8559
f 2452//8560 2465//8561 2433//8562
f 2433//8563 2465//8564 2466//8565
f 2433//8566 2466//8567 2434//8568
f 2197//8569 2387//8570 1677//8571
f 1677//8572 2387//8573 2144//8574
f 1677//8575 2144//8576 2202//8577
f 2202//8578 2144//8579 2136//8580
f 2202//8581 2136//8582 2125//8583
f 2125//8584 2136//8585 2138//8586
f 2125//8587 2138//8588 2123//8589
f 2152//8590 1680//8591 2151//8592
f 2151//8593 1680//8594 1682//8595
f 2151//8596 1682//8597 2141//8598
f 2141//8599 1682//8600 2148//8601
f 2141//8602 2148//8603 2139//8604
f 2324//8605 2424//8606 2325//8607
f 2325//8608 2424//8609 2425//8610
f 2325//8611 2425//8612 2197//8613
f 2197//8614 2425//8615 2426//8616
f 2197//8617 2426//8618 2387//8619
f 2387//8620 2426//8621 2427//8622
f 2387//8623 2427//8624 2141//8625
f 2141//8626 2427//8627 1648//8628
f 2141//8629 1648//8630 2151//8631
f 2151//8632 1648//8633 1650//8634
f 2151//8635 1650//8636 2149//8637
f 2149//8638 1650//8639 2153//8640
f 1960//8641 1962//8642 1999//8643
f 1999//8644 1962//8645 2102//8646
f 1999//8647 2102//8648 2467//8649
f 2467//8650 2102//8651 2098//8652
f 2467//8653 2098//8654 2468//8655
f 2468//8656 2098//8657 2093//8658
f 2468//8659 2093//8660 2469//8661
f 2469//8662 2093//8663 2330//8664
f 2469//8665 2330//8666 2470//8667
f 2470//8668 2330//8669 2332//8670
f 2470//8671 2332//8672 2471//8673
f 2472//8674 2473//8675 2474//8676
f 2474//8677 2473//8678 2475//8679
f 2474//8680 2475//8681 2476//8682
f 2477//8683 2478//8684 2474//8685
f 2479//8686 2480//8687 2481//8688
f 2481//8689 2480//8690 2482//8691
f 2478//8692 2483//8693 2474//8694
f 2474//8695 2483//8696 2484//8697
f 2474//8698 2484//8699 2472//8700
f 1733//8701 1730//8702 1725//8703
f 1725//8704 1730//8705 2474//8706
f 1725//8707 2474//8708 2485//8709
f 2485//8710 2474//8711 2476//8712
f 2485//8713 2476//8714 2486//8715
f 2487//8716 2488//8717 2489//8718
f 2489//8719 2488//8720 2479//8721
f 2482//8722 2490//8723 2481//8724
f 2481//8725 2490//8726 2491//8727
f 2481//8728 2491//8729 2492//8730
f 2486//8731 2493//8732 2485//8733
f 2485//8734 2493//8735 2494//8736
f 2485//8737 2494//8738 2495//8739
f 2492//8740 2496//8741 2481//8742
f 2481//8743 2496//8744 2497//8745
f 2481//8746 2497//8747 2498//8748
f 2499//8749 2500//8750 2489//8751
f 2500//8752 2501//8753 2489//8754
f 2489//8755 2501//8756 2502//8757
f 2489//8758 2502//8759 2487//8760
f 2498//8761 2503//8762 2481//8763
f 2481//8764 2503//8765 2504//8766
f 2481//8767 2504//8768 2474//8769
f 2474//8770 2504//8771 2505//8772
f 2474//8773 2505//8774 2477//8775
f 2495//8776 2506//8777 2485//8778
f 2485//8779 2506//8780 2507//8781
f 2485//8782 2507//8783 2508//8784
f 2508//8785 2509//8786 2485//8787
f 2485//8788 2509//8789 2510//8790
f 2485//8791 2510//8792 2489//8793
f 2489//8794 2510//8795 2511//8796
f 2489//8797 2511//8798 2499//8799
f 2279//8800 2278//8801 2280//8802
f 2280//8803 2278//8804 2512//8805
f 2280//8806 2512//8807 2513//8808
f 2513//8809 2512//8810 2514//8811
f 2513//8812 2514//8813 2214//8814
f 2214//8815 2514//8816 2515//8817
f 2214//8818 2515//8819 2179//8820
f 2179//8821 2515//8822 2516//8823
f 2179//8824 2516//8825 2177//8826
f 2177//8827 2516//8828 2289//8829
f 2177//8830 2289//8831 2191//8832
f 2191//8833 2289//8834 2294//8835
f 2191//8836 2294//8837 2298//8838
f 1673//8839 2280//8840 1674//8841
f 1674//8842 2280//8843 2513//8844
f 1674//8845 2513//8846 2517//8847
f 2517//8848 2513//8849 2214//8850
f 2517//8851 2214//8852 2211//8853
f 2211//8854 2214//8855 2216//8856
f 2211//8857 2216//8858 2209//8859
f 1672//8860 1674//8861 2253//8862
f 2253//8863 1674//8864 2517//8865
f 2253//8866 2517//8867 2128//8868
f 2128//8869 2517//8870 2211//8871
f 2128//8872 2211//8873 2125//8874
f 2125//8875 2211//8876 2222//8877
f 2125//8878 2222//8879 2205//8880
f 2518//8881 1647//8882 2519//8883
f 2519//8884 1647//8885 1646//8886
f 2519//8887 1646//8888 2155//8889
f 2155//8890 1646//8891 1679//8892
f 2155//8893 1679//8894 2157//8895
f 2520//8896 2521//8897 2172//8898
f 2522//8899 2518//8900 2523//8901
f 2523//8902 2518//8903 2519//8904
f 2523//8905 2519//8906 2524//8907
f 2524//8908 2519//8909 2155//8910
f 2524//8911 2155//8912 2525//8913
f 2525//8914 2155//8915 1650//8916
f 2525//8917 1650//8918 2526//8919
f 2526//8920 1650//8921 1649//8922
f 2526//8923 1649//8924 1699//8925
f 1699//8926 1649//8927 2375//8928
f 1699//8929 2375//8930 1696//8931
f 1696//8932 2375//8933 2374//8934
f 1696//8935 2374//8936 2376//8937
f 2376//8938 2374//8939 1668//8940
f 2376//8941 1668//8942 2378//8943
f 2378//8944 1668//8945 1667//8946
f 2378//8947 1667//8948 2380//8949
f 2527//8950 2528//8951 2529//8952
f 2529//8953 2528//8954 2530//8955
f 2529//8956 2530//8957 2531//8958
f 2532//8959 2533//8960 2534//8961
f 2535//8962 2536//8963 2537//8964
f 2530//8965 2538//8966 2539//8967
f 2527//8968 2540//8969 2528//8970
f 2528//8971 2540//8972 2541//8973
f 2528//8974 2541//8975 2542//8976
f 2535//8977 2537//8978 2543//8979
f 2536//8980 2544//8981 2537//8982
f 2537//8983 2544//8984 2545//8985
f 2537//8986 2545//8987 2546//8988
f 2547//8989 2548//8990 2530//8991
f 2530//8992 2548//8993 2549//8994
f 2530//8995 2549//8996 2538//8997
f 2539//8998 2550//8999 2530//9000
f 2530//9001 2550//9002 2551//9003
f 2530//9004 2551//9005 2531//9006
f 2534//9007 2552//9008 2532//9009
f 2532//9010 2552//9011 2553//9012
f 2532//9013 2553//9014 2537//9015
f 2537//9016 2553//9017 2554//9018
f 2537//9019 2554//9020 2543//9021
f 1662//9022 1663//9023 1665//9024
f 1665//9025 1663//9026 2555//9027
f 1665//9028 2555//9029 2442//9030
f 2442//9031 2555//9032 2556//9033
f 2442//9034 2556//9035 2433//9036
f 2433//9037 2556//9038 2557//9039
f 2433//9040 2557//9041 2452//9042
f 2452//9043 2557//9044 2558//9045
f 2452//9046 2558//9047 2559//9048
f 2559//9049 2558//9050 2560//9051
f 2559//9052 2560//9053 2561//9054
f 2561//9055 2560//9056 2537//9057
f 2561//9058 2537//9059 2530//9060
f 2530//9061 2537//9062 2546//9063
f 2530//9064 2546//9065 2547//9066
f 2532//9067 2562//9068 2563//9069
f 2542//9070 2564//9071 2528//9072
f 2528//9073 2564//9074 2565//9075
f 2528//9076 2565//9077 2566//9078
f 2566//9079 2567//9080 2528//9081
f 2528//9082 2567//9083 2568//9084
f 2528//9085 2568//9086 2569//9087
f 2569//9088 2570//9089 2532//9090
f 2532//9091 2570//9092 2571//9093
f 2532//9094 2571//9095 2562//9096
f 2563//9097 2572//9098 2532//9099
f 2532//9100 2572//9101 2573//9102
f 2532//9103 2573//9104 2533//9105
f 2574//9106 2575//9107 2576//9108
f 2577//9109 2578//9110 2579//9111
f 2580//9112 2581//9113 2582//9114
f 2582//9115 2581//9116 2583//9117
f 2583//9118 2584//9119 2582//9120
f 2582//9121 2584//9122 2585//9123
f 2582//9124 2585//9125 2576//9126
f 2576//9127 2585//9128 2586//9129
f 2576//9130 2586//9131 2574//9132
f 2587//9133 2588//9134 2589//9135
f 2589//9136 2588//9137 2590//9138
f 2589//9139 2590//9140 2579//9141
f 2579//9142 2590//9143 2591//9144
f 2579//9145 2591//9146 2577//9147
f 2592//9148 2593//9149 2589//9150
f 2589//9151 2593//9152 2594//9153
f 2589//9154 2594//9155 2587//9156
f 2595//9157 2582//9158 2596//9159
f 2596//9160 2582//9161 2597//9162
f 2595//9163 2598//9164 2582//9165
f 2582//9166 2598//9167 2599//9168
f 2582//9169 2599//9170 2580//9171
f 2575//9172 2600//9173 2576//9174
f 2576//9175 2600//9176 2601//9177
f 2576//9178 2601//9179 2602//9180
f 2578//9181 2603//9182 2579//9183
f 2579//9184 2603//9185 2604//9186
f 2579//9187 2604//9188 2605//9189
f 1657//9190 1659//9191 1661//9192
f 1661//9193 1659//9194 2606//9195
f 1661//9196 2606//9197 2607//9198
f 2607//9199 2606//9200 2608//9201
f 2607//9202 2608//9203 2609//9204
f 2609//9205 2608//9206 2610//9207
f 2609//9208 2610//9209 2611//9210
f 2611//9211 2610//9212 2612//9213
f 2611//9214 2612//9215 2613//9216
f 2613//9217 2612//9218 2614//9219
f 2613//9220 2614//9221 2615//9222
f 2615//9223 2614//9224 2579//9225
f 2615//9226 2579//9227 2582//9228
f 2582//9229 2579//9230 2605//9231
f 2582//9232 2605//9233 2597//9234
f 2616//9235 2576//9236 2617//9237
f 2617//9238 2576//9239 2618//9240
f 2602//9241 2619//9242 2576//9243
f 2576//9244 2619//9245 2620//9246
f 2576//9247 2620//9248 2618//9249
f 2616//9250 2621//9251 2589//9252
f 2621//9253 2622//9254 2589//9255
f 2589//9256 2622//9257 2623//9258
f 2589//9259 2623//9260 2592//9261
f 2624//9262 2625//9263 2626//9264
f 2627//9265 2628//9266 2521//9267
f 2521//9268 2628//9269 2629//9270
f 2630//9271 2631//9272 2520//9273
f 2520//9274 2631//9275 2632//9276
f 2520//9277 2632//9278 2633//9279
f 2629//9280 2634//9281 2521//9282
f 2521//9283 2634//9284 2635//9285
f 2521//9286 2635//9287 2626//9288
f 2626//9289 2635//9290 2636//9291
f 2626//9292 2636//9293 2624//9294
f 2625//9295 2637//9296 2626//9297
f 2626//9298 2637//9299 2638//9300
f 2626//9301 2638//9302 2639//9303
f 2640//9304 2641//9305 2642//9306
f 2642//9307 2641//9308 2643//9309
f 2643//9310 2644//9311 2642//9312
f 2642//9313 2644//9314 2645//9315
f 2642//9316 2645//9317 2630//9318
f 2646//9319 2647//9320 2642//9321
f 2647//9322 2648//9323 2642//9324
f 2642//9325 2648//9326 2649//9327
f 2642//9328 2649//9329 2640//9330
f 2650//9331 2651//9332 2521//9333
f 2521//9334 2651//9335 2652//9336
f 2521//9337 2652//9338 2627//9339
f 2633//9340 2653//9341 2520//9342
f 2520//9343 2653//9344 2654//9345
f 2520//9346 2654//9347 2655//9348
f 2655//9349 2656//9350 2520//9351
f 2520//9352 2656//9353 2657//9354
f 2520//9355 2657//9356 2521//9357
f 2521//9358 2657//9359 2658//9360
f 2521//9361 2658//9362 2650//9363
f 2639//9364 2659//9365 2626//9366
f 2626//9367 2659//9368 2660//9369
f 2626//9370 2660//9371 2661//9372
f 2662//9373 2522//9374 2663//9375
f 2663//9376 2522//9377 2523//9378
f 2663//9379 2523//9380 2664//9381
f 2664//9382 2523//9383 2524//9384
f 2664//9385 2524//9386 2665//9387
f 2665//9388 2524//9389 2525//9390
f 2665//9391 2525//9392 2489//9393
f 2489//9394 2525//9395 2526//9396
f 2489//9397 2526//9398 2485//9399
f 2485//9400 2526//9401 1699//9402
f 2485//9403 1699//9404 1725//9405
f 1725//9406 1699//9407 1701//9408
f 1725//9409 1701//9410 1726//9411
f 2223//9412 2225//9413 2230//9414
f 2230//9415 2225//9416 2666//9417
f 2230//9418 2666//9419 2667//9420
f 2667//9421 2666//9422 2668//9423
f 2667//9424 2668//9425 2669//9426
f 2669//9427 2668//9428 1973//9429
f 2669//9430 1973//9431 1691//9432
f 1691//9433 1973//9434 1980//9435
f 1691//9436 1980//9437 1989//9438
f 2670//9439 2671//9440 2626//9441
f 2479//9442 2481//9443 2489//9444
f 2489//9445 2481//9446 2672//9447
f 2489//9448 2672//9449 2665//9450
f 2665//9451 2672//9452 2673//9453
f 2665//9454 2673//9455 2664//9456
f 2664//9457 2673//9458 2674//9459
f 2664//9460 2674//9461 2663//9462
f 2663//9463 2674//9464 2675//9465
f 2663//9466 2675//9467 2662//9468
f 2676//9469 2677//9470 2678//9471
f 2670//9472 2679//9473 2680//9474
f 2680//9475 2681//9476 2670//9477
f 2670//9478 2681//9479 2682//9480
f 2670//9481 2682//9482 2683//9483
f 2684//9484 2685//9485 2671//9486
f 2671//9487 2685//9488 2686//9489
f 2671//9490 2686//9491 2678//9492
f 2678//9493 2686//9494 2687//9495
f 2678//9496 2687//9497 2676//9498
f 2677//9499 2688//9500 2678//9501
f 2678//9502 2688//9503 2689//9504
f 2678//9505 2689//9506 2690//9507
f 2691//9508 2692//9509 2693//9510
f 2693//9511 2692//9512 2694//9513
f 2691//9514 2695//9515 2692//9516
f 2692//9517 2695//9518 2696//9519
f 2692//9520 2696//9521 2697//9522
f 2698//9523 2699//9524 2671//9525
f 2671//9526 2699//9527 2700//9528
f 2683//9529 2701//9530 2670//9531
f 2670//9532 2701//9533 2702//9534
f 2670//9535 2702//9536 2671//9537
f 2671//9538 2702//9539 2703//9540
f 2671//9541 2703//9542 2698//9543
f 2700//9544 2704//9545 2671//9546
f 2671//9547 2704//9548 2705//9549
f 2671//9550 2705//9551 2684//9552
f 2690//9553 2706//9554 2678//9555
f 2678//9556 2706//9557 2707//9558
f 2678//9559 2707//9560 2708//9561
f 2709//9562 2710//9563 2692//9564
f 2692//9565 2710//9566 2711//9567
f 2711//9568 2712//9569 2692//9570
f 2692//9571 2712//9572 2713//9573
f 2692//9574 2713//9575 2694//9576
f 2662//9577 2714//9578 2715//9579
f 2714//9580 2662//9581 2716//9582
f 2716//9583 2662//9584 2675//9585
f 2716//9586 2675//9587 2717//9588
f 2717//9589 2675//9590 1643//9591
f 2717//9592 1643//9593 2715//9594
f 2715//9595 1643//9596 1642//9597
f 2715//9598 1642//9599 2662//9600
f 2662//9601 1642//9602 2718//9603
f 2662//9604 2718//9605 2522//9606
f 2522//9607 2718//9608 2719//9609
f 2522//9610 2719//9611 2518//9612
f 2518//9613 2719//9614 2720//9615
f 2518//9616 2720//9617 1647//9618
f 1647//9619 2720//9620 2165//9621
f 1647//9622 2165//9623 1645//9624
f 1645//9625 2165//9626 2167//9627
f 1645//9628 2167//9629 2158//9630
f 2616//9631 2589//9632 2576//9633
f 2576//9634 2589//9635 2721//9636
f 2576//9637 2721//9638 2722//9639
f 2722//9640 2721//9641 2723//9642
f 2722//9643 2723//9644 2724//9645
f 2724//9646 2723//9647 2725//9648
f 2724//9649 2725//9650 2726//9651
f 2727//9652 2728//9653 2678//9654
f 2171//9655 2163//9656 2172//9657
f 2172//9658 2163//9659 2165//9660
f 2172//9661 2165//9662 2520//9663
f 2520//9664 2165//9665 2720//9666
f 2520//9667 2720//9668 2729//9669
f 2729//9670 2720//9671 2719//9672
f 2729//9673 2719//9674 2730//9675
f 2730//9676 2719//9677 2718//9678
f 2730//9679 2718//9680 2731//9681
f 2731//9682 2718//9683 1642//9684
f 2731//9685 1642//9686 2732//9687
f 2732//9688 1642//9689 1644//9690
f 2732//9691 1644//9692 2733//9693
f 2734//9694 2735//9695 2736//9696
f 2736//9697 2735//9698 2737//9699
f 2736//9700 2737//9701 2738//9702
f 2734//9703 2739//9704 2735//9705
f 2735//9706 2739//9707 2740//9708
f 2735//9709 2740//9710 2741//9711
f 2742//9712 2743//9713 2744//9714
f 2744//9715 2743//9716 2745//9717
f 2744//9718 2745//9719 2746//9720
f 2737//9721 2747//9722 2748//9723
f 2749//9724 2750//9725 2751//9726
f 2751//9727 2750//9728 2752//9729
f 2749//9730 2753//9731 2750//9732
f 2750//9733 2753//9734 2754//9735
f 2750//9736 2754//9737 2744//9738
f 2744//9739 2754//9740 2755//9741
f 2744//9742 2755//9743 2742//9744
f 2746//9745 2756//9746 2744//9747
f 2744//9748 2756//9749 2757//9750
f 2744//9751 2757//9752 2758//9753
f 2759//9754 2760//9755 2737//9756
f 2737//9757 2760//9758 2761//9759
f 2737//9760 2761//9761 2747//9762
f 2748//9763 2762//9764 2737//9765
f 2737//9766 2762//9767 2763//9768
f 2737//9769 2763//9770 2738//9771
f 2764//9772 2765//9773 2750//9774
f 2569//9775 2532//9776 2528//9777
f 2528//9778 2532//9779 2766//9780
f 2528//9781 2766//9782 2767//9783
f 2767//9784 2766//9785 2768//9786
f 2767//9787 2768//9788 2769//9789
f 2769//9790 2768//9791 2744//9792
f 2769//9793 2744//9794 2737//9795
f 2737//9796 2744//9797 2758//9798
f 2737//9799 2758//9800 2759//9801
f 2741//9802 2770//9803 2735//9804
f 2735//9805 2770//9806 2771//9807
f 2735//9808 2771//9809 2772//9810
f 2772//9811 2773//9812 2735//9813
f 2735//9814 2773//9815 2774//9816
f 2735//9817 2774//9818 2775//9819
f 2765//9820 2776//9821 2750//9822
f 2750//9823 2776//9824 2777//9825
f 2750//9826 2777//9827 2752//9828
f 2778//9829 2779//9830 2780//9831
f 2780//9832 2779//9833 2781//9834
f 2780//9835 2781//9836 2782//9837
f 2783//9838 2784//9839 2725//9840
f 2725//9841 2784//9842 2785//9843
f 2725//9844 2785//9845 2786//9846
f 2787//9847 2788//9848 2726//9849
f 2726//9850 2789//9851 2790//9852
f 2791//9853 2792//9854 2793//9855
f 2793//9856 2792//9857 2794//9858
f 2793//9859 2794//9860 2795//9861
f 2795//9862 2796//9863 2793//9864
f 2793//9865 2796//9866 2797//9867
f 2793//9868 2797//9869 2725//9870
f 2725//9871 2797//9872 2798//9873
f 2725//9874 2798//9875 2783//9876
f 2790//9877 2799//9878 2726//9879
f 2726//9880 2799//9881 2800//9882
f 2726//9883 2800//9884 2780//9885
f 2780//9886 2800//9887 2801//9888
f 2780//9889 2801//9890 2778//9891
f 2787//9892 2726//9893 2802//9894
f 2788//9895 2803//9896 2726//9897
f 2726//9898 2803//9899 2804//9900
f 2726//9901 2804//9902 2789//9903
f 2782//9904 2805//9905 2780//9906
f 2780//9907 2805//9908 2806//9909
f 2780//9910 2806//9911 2807//9912
f 2786//9913 2808//9914 2725//9915
f 2725//9916 2808//9917 2809//9918
f 2725//9919 2809//9920 2726//9921
f 2726//9922 2809//9923 2810//9924
f 2726//9925 2810//9926 2802//9927
f 2811//9928 2812//9929 2793//9930
f 2793//9931 2812//9932 2813//9933
f 2793//9934 2813//9935 2791//9936
f 2807//9937 2814//9938 2780//9939
f 2780//9940 2814//9941 2815//9942
f 2780//9943 2815//9944 2811//9945
f 2630//9946 2520//9947 2642//9948
f 2642//9949 2520//9950 2729//9951
f 2642//9952 2729//9953 2816//9954
f 2816//9955 2729//9956 2730//9957
f 2816//9958 2730//9959 2817//9960
f 2817//9961 2730//9962 2731//9963
f 2817//9964 2731//9965 2818//9966
f 2818//9967 2731//9968 2732//9969
f 2818//9970 2732//9971 2819//9972
f 2819//9973 2732//9974 2733//9975
f 2819//9976 2733//9977 2820//9978
f 1912//9979 1904//9980 1907//9981
f 1907//9982 1904//9983 2793//9984
f 1907//9985 2793//9986 2821//9987
f 2821//9988 2793//9989 2725//9990
f 2821//9991 2725//9992 2227//9993
f 2227//9994 2725//9995 2723//9996
f 2227//9997 2723//9998 2228//9999
f 2228//10000 2723//10001 2721//10002
f 2228//10003 2721//10004 2225//10005
f 2225//10006 2721//10007 2589//10008
f 2225//10009 2589//10010 2666//10011
f 2666//10012 2589//10013 2579//10014
f 2666//10015 2579//10016 2668//10017
f 2668//10018 2579//10019 2614//10020
f 2668//10021 2614//10022 1973//10023
f 1973//10024 2614//10025 2612//10026
f 1973//10027 2612//10028 1970//10029
f 1970//10030 2612//10031 2610//10032
f 1970//10033 2610//10034 2079//10035
f 2079//10036 2610//10037 2608//10038
f 2079//10039 2608//10040 2085//10041
f 2085//10042 2608//10043 2606//10044
f 2085//10045 2606//10046 2095//10047
f 2095//10048 2606//10049 1659//10050
f 2095//10051 1659//10052 2329//10053
f 2329//10054 1659//10055 1658//10056
f 2329//10057 1658//10058 2331//10059
f 1956//10060 1948//10061 1951//10062
f 1951//10063 1948//10064 2822//10065
f 1951//10066 2822//10067 2823//10068
f 2823//10069 2822//10070 2824//10071
f 2823//10072 2824//10073 2825//10074
f 2825//10075 2824//10076 2826//10077
f 2825//10078 2826//10079 2827//10080
f 2827//10081 2826//10082 2828//10083
f 2827//10084 2828//10085 2829//10086
f 2829//10087 2828//10088 2830//10089
f 2829//10090 2830//10091 2831//10092
f 2831//10093 2830//10094 2832//10095
f 2831//10096 2832//10097 2833//10098
f 2833//10099 2832//10100 1997//10101
f 2833//10102 1997//10103 2834//10104
f 2834//10105 1997//10106 1999//10107
f 2834//10108 1999//10109 2835//10110
f 2835//10111 1999//10112 2467//10113
f 2835//10114 2467//10115 2836//10116
f 2836//10117 2467//10118 2468//10119
f 2836//10120 2468//10121 2837//10122
f 2837//10123 2468//10124 2469//10125
f 2837//10126 2469//10127 2334//10128
f 2334//10129 2469//10130 2470//10131
f 2334//10132 2470//10133 2341//10134
f 2341//10135 2470//10136 2471//10137
f 2341//10138 2471//10139 2342//10140
f 2243//10141 2242//10142 2838//10143
f 2838//10144 2242//10145 2728//10146
f 2838//10147 2728//10148 2246//10149
f 2246//10150 2728//10151 2727//10152
f 2246//10153 2727//10154 2244//10155
f 2244//10156 2727//10157 2839//10158
f 2244//10159 2839//10160 2840//10161
f 2840//10162 2839//10163 1832//10164
f 2840//10165 1832//10166 1833//10167
f 1833//10168 1832//10169 1853//10170
f 1833//10171 1853//10172 1834//10173
f 2708//10174 2709//10175 2678//10176
f 2678//10177 2709//10178 2692//10179
f 2678//10180 2692//10181 2727//10182
f 2727//10183 2692//10184 2841//10185
f 2727//10186 2841//10187 2839//10188
f 2839//10189 2841//10190 2842//10191
f 2839//10192 2842//10193 1832//10194
f 1832//10195 2842//10196 1842//10197
f 1832//10198 1842//10199 1848//10200
f 1848//10201 1842//10202 1847//10203
f 2661//10204 2646//10205 2626//10206
f 2626//10207 2646//10208 2642//10209
f 2626//10210 2642//10211 2670//10212
f 2670//10213 2642//10214 2816//10215
f 2670//10216 2816//10217 2843//10218
f 2843//10219 2816//10220 2817//10221
f 2843//10222 2817//10223 2844//10224
f 2844//10225 2817//10226 2818//10227
f 2844//10228 2818//10229 2845//10230
f 2845//10231 2818//10232 2819//10233
f 2845//10234 2819//10235 2846//10236
f 2846//10237 2819//10238 2820//10239
f 2846//10240 2820//10241 1758//10242
f 1806//10243 1799//10244 1802//10245
f 1802//10246 1799//10247 2847//10248
f 1802//10249 2847//10250 2848//10251
f 2848//10252 2847//10253 2849//10254
f 2848//10255 2849//10256 2735//10257
f 2735//10258 2849//10259 2850//10260
f 2735//10261 2850//10262 2737//10263
f 2737//10264 2850//10265 2851//10266
f 2737//10267 2851//10268 2769//10269
f 2769//10270 2851//10271 2852//10272
f 2769//10273 2852//10274 2767//10275
f 2767//10276 2852//10277 2853//10278
f 2767//10279 2853//10280 2528//10281
f 2528//10282 2853//10283 2854//10284
f 2528//10285 2854//10286 2530//10287
f 2530//10288 2854//10289 2855//10290
f 2530//10291 2855//10292 2561//10293
f 2561//10294 2855//10295 2856//10296
f 2561//10297 2856//10298 2559//10299
f 2559//10300 2856//10301 1721//10302
f 2559//10303 1721//10304 2452//10305
f 2452//10306 1721//10307 2432//10308
f 2452//10309 2432//10310 2450//10311
f 2245//10312 2244//10313 2247//10314
f 2247//10315 2244//10316 2840//10317
f 2247//10318 2840//10319 2857//10320
f 2857//10321 2840//10322 1833//10323
f 2857//10324 1833//10325 1860//10326
f 1860//10327 1833//10328 1838//10329
f 1860//10330 1838//10331 1861//10332
f 1763//10333 1742//10334 1755//10335
f 1755//10336 1742//10337 1744//10338
f 1755//10339 1744//10340 1842//10341
f 1842//10342 1744//10343 1856//10344
f 1842//10345 1856//10346 1857//10347
f 1760//10348 1753//10349 1758//10350
f 1758//10351 1753//10352 1755//10353
f 1758//10354 1755//10355 2846//10356
f 2846//10357 1755//10358 1842//10359
f 2846//10360 1842//10361 2845//10362
f 2845//10363 1842//10364 2842//10365
f 2845//10366 2842//10367 2844//10368
f 2844//10369 2842//10370 2841//10371
f 2844//10372 2841//10373 2843//10374
f 2843//10375 2841//10376 2692//10377
f 2843//10378 2692//10379 2670//10380
f 2670//10381 2692//10382 2697//10383
f 2670//10384 2697//10385 2679//10386
f 1766//10387 1758//10388 1764//10389
f 1764//10390 1758//10391 2820//10392
f 1764//10393 2820//10394 1799//10395
f 1799//10396 2820//10397 2733//10398
f 1799//10399 2733//10400 2847//10401
f 2847//10402 2733//10403 1644//10404
f 2847//10405 1644//10406 2849//10407
f 2849//10408 1644//10409 1643//10410
f 2849//10411 1643//10412 2850//10413
f 2850//10414 1643//10415 2675//10416
f 2850//10417 2675//10418 2851//10419
f 2851//10420 2675//10421 2674//10422
f 2851//10423 2674//10424 2852//10425
f 2852//10426 2674//10427 2673//10428
f 2852//10429 2673//10430 2853//10431
f 2853//10432 2673//10433 2672//10434
f 2853//10435 2672//10436 2854//10437
f 2854//10438 2672//10439 2481//10440
f 2854//10441 2481//10442 2855//10443
f 2855//10444 2481//10445 2474//10446
f 2855//10447 2474//10448 2856//10449
f 2856//10450 2474//10451 1730//10452
f 2856//10453 1730//10454 1721//10455
f 1721//10456 1730//10457 1732//10458
f 1721//10459 1732//10460 1719//10461
f 2237//10462 2249//10463 2235//10464
f 2235//10465 2249//10466 2251//10467
f 2235//10468 2251//10469 2858//10470
f 2859//10471 2236//10472 2860//10473
f 2860//10474 2236//10475 2235//10476
f 2860//10477 2235//10478 2861//10479
f 2861//10480 2235//10481 2858//10482
f 2861//10483 2858//10484 2862//10485
f 2863//10486 2864//10487 1860//10488
f 1860//10489 2864//10490 2865//10491
f 1860//10492 2865//10493 2866//10494
f 2867//10495 2868//10496 1749//10497
f 1749//10498 2868//10499 2869//10500
f 1749//10501 2869//10502 2870//10503
f 2870//10504 2871//10505 1749//10506
f 1749//10507 2871//10508 2872//10509
f 1749//10510 2872//10511 2873//10512
f 2873//10513 2874//10514 1749//10515
f 1749//10516 2874//10517 2875//10518
f 1749//10519 2875//10520 1860//10521
f 1860//10522 2875//10523 2876//10524
f 1860//10525 2876//10526 2863//10527
f 2877//10528 2878//10529 2862//10530
f 2862//10531 2878//10532 2879//10533
f 2880//10534 2881//10535 2882//10536
f 2882//10537 2881//10538 2883//10539
f 2882//10540 2883//10541 2884//10542
f 2884//10543 2885//10544 2882//10545
f 2882//10546 2885//10547 2886//10548
f 2882//10549 2886//10550 2887//10551
f 2887//10552 2888//10553 2882//10554
f 2882//10555 2888//10556 2889//10557
f 2882//10558 2889//10559 2890//10560
f 2866//10561 2891//10562 1860//10563
f 1860//10564 2891//10565 2892//10566
f 1860//10567 2892//10568 2893//10569
f 2879//10570 2894//10571 2862//10572
f 2862//10573 2894//10574 2895//10575
f 2862//10576 2895//10577 2882//10578
f 2882//10579 2895//10580 2896//10581
f 2882//10582 2896//10583 2880//10584
f 2248//10585 2247//10586 2251//10587
f 2251//10588 2247//10589 2857//10590
f 2251//10591 2857//10592 2858//10593
f 2858//10594 2857//10595 1860//10596
f 2858//10597 1860//10598 2862//10599
f 2862//10600 1860//10601 2897//10602
f 2862//10603 2897//10604 2877//10605
f 2893//10606 2898//10607 1860//10608
f 1860//10609 2898//10610 2899//10611
f 1860//10612 2899//10613 2897//10614
f 2900//10615 2901//10616 1637//10617
f 2902//10618 2903//10619 1638//10620
f 2904//10621 2905//10622 1774//10623
f 2901//10624 2906//10625 1637//10626
f 1637//10627 2906//10628 2907//10629
f 1637//10630 2907//10631 1638//10632
f 1638//10633 2907//10634 2908//10635
f 1638//10636 2908//10637 2902//10638
f 2903//10639 2909//10640 1638//10641
f 1638//10642 2909//10643 2910//10644
f 1638//10645 2910//10646 1774//10647
f 1774//10648 2910//10649 2911//10650
f 1774//10651 2911//10652 2912//10653
f 2905//10654 2913//10655 1774//10656
f 1774//10657 2913//10658 2914//10659
f 1774//10660 2914//10661 2915//10662
f 2915//10663 2916//10664 1774//10665
f 1774//10666 2916//10667 2917//10668
f 1774//10669 2917//10670 1641//10671
f 1641//10672 2917//10673 2918//10674
f 1641//10675 2918//10676 2919//10677
f 2919//10678 2920//10679 1641//10680
f 1641//10681 2920//10682 2921//10683
f 1641//10684 2921//10685 2922//10686
f 2912//10687 2923//10688 1774//10689
f 1774//10690 2923//10691 2924//10692
f 1774//10693 2924//10694 2904//10695
f 2922//10696 2925//10697 1641//10698
f 1641//10699 2925//10700 2926//10701
f 1641//10702 2926//10703 2927//10704
f 2928//10705 2929//10706 1637//10707
f 1637//10708 2929//10709 2930//10710
f 2930//10711 2931//10712 1637//10713
f 1637//10714 2931//10715 2932//10716
f 1637//10717 2932//10718 2900//10719
f 2927//10720 2933//10721 1641//10722
f 1641//10723 2933//10724 2934//10725
f 1641//10726 2934//10727 1637//10728
f 1637//10729 2934//10730 2935//10731
f 1637//10732 2935//10733 2928//10734
f 2936//10735 2937//10736 2938//10737
f 2939//10738 2940//10739 2941//10740
f 2941//10741 2940//10742 2942//10743
f 2943//10744 2941//10745 2944//10746
f 2945//10747 2946//10748 2943//10749
f 2943//10750 2946//10751 2947//10752
f 2943//10753 2947//10754 2948//10755
f 2948//10756 2949//10757 2943//10758
f 2943//10759 2949//10760 2950//10761
f 2943//10762 2950//10763 2951//10764
f 2951//10765 2950//10766 2952//10767
f 2951//10768 2952//10769 2953//10770
f 2953//10771 2952//10772 2954//10773
f 2953//10774 2954//10775 2955//10776
f 2955//10777 2954//10778 1671//10779
f 2955//10780 1671//10781 2956//10782
f 2956//10783 1671//10784 1670//10785
f 2956//10786 1670//10787 2265//10788
f 2957//10789 2958//10790 2941//10791
f 2941//10792 2958//10793 2959//10794
f 2941//10795 2959//10796 2944//10797
f 2949//10798 2960//10799 2936//10800
f 2936//10801 2960//10802 2961//10803
f 2936//10804 2961//10805 2937//10806
f 2944//10807 2962//10808 2943//10809
f 2943//10810 2962//10811 2963//10812
f 2943//10813 2963//10814 2964//10815
f 2948//10816 2965//10817 2949//10818
f 2949//10819 2965//10820 2966//10821
f 2949//10822 2966//10823 2967//10824
f 2938//10825 2968//10826 2936//10827
f 2936//10828 2968//10829 2969//10830
f 2936//10831 2969//10832 2970//10833
f 2942//10834 2971//10835 2941//10836
f 2941//10837 2971//10838 2972//10839
f 2941//10840 2972//10841 2973//10842
f 2964//10843 2974//10844 2943//10845
f 2943//10846 2974//10847 2975//10848
f 2943//10849 2975//10850 2945//10851
f 2967//10852 2976//10853 2949//10854
f 2949//10855 2976//10856 2977//10857
f 2949//10858 2977//10859 2960//10860
f 2970//10861 2978//10862 2936//10863
f 2936//10864 2978//10865 2979//10866
f 2936//10867 2979//10868 2980//10869
f 2973//10870 2981//10871 2941//10872
f 2941//10873 2981//10874 2982//10875
f 2941//10876 2982//10877 2957//10878
f 2036//10879 2859//10880 2042//10881
f 2042//10882 2859//10883 2860//10884
f 2042//10885 2860//10886 2983//10887
f 2983//10888 2860//10889 2861//10890
f 2983//10891 2861//10892 2984//10893
f 2984//10894 2861//10895 2862//10896
f 2984//10897 2862//10898 2985//10899
f 2985//10900 2862//10901 2882//10902
f 2985//10903 2882//10904 2986//10905
f 2987//10906 1639//10907 2988//10908
f 2988//10909 1639//10910 1638//10911
f 2988//10912 1638//10913 2989//10914
f 2989//10915 1638//10916 1774//10917
f 2989//10918 1774//10919 2990//10920
f 2990//10921 1774//10922 1812//10923
f 2990//10924 1812//10925 2991//10926
f 2991//10927 1812//10928 1802//10929
f 2991//10930 1802//10931 2992//10932
f 2992//10933 1802//10934 2848//10935
f 2992//10936 2848//10937 2993//10938
f 2993//10939 2848//10940 2735//10941
f 2993//10942 2735//10943 2750//10944
f 2750//10945 2735//10946 2775//10947
f 2750//10948 2775//10949 2764//10950
f 2007//10951 2009//10952 2005//10953
f 2005//10954 2009//10955 2994//10956
f 2005//10957 2994//10958 2995//10959
f 2995//10960 2994//10961 2996//10962
f 2995//10963 2996//10964 2997//10965
f 2997//10966 2996//10967 1875//10968
f 2997//10969 1875//10970 1884//10971
f 1884//10972 1875//10973 1901//10974
f 1884//10975 1901//10976 1893//10977
f 2006//10978 2005//10979 2010//10980
f 2010//10981 2005//10982 2995//10983
f 2010//10984 2995//10985 2998//10986
f 2998//10987 2995//10988 2997//10989
f 2998//10990 2997//10991 2999//10992
f 2999//10993 2997//10994 1884//10995
f 2999//10996 1884//10997 3000//10998
f 3000//10999 1884//11000 1886//11001
f 3000//11002 1886//11003 3001//11004
f 3001//11005 1886//11006 1907//11007
f 3001//11008 1907//11009 3002//11010
f 3002//11011 1907//11012 2821//11013
f 3002//11014 2821//11015 3003//11016
f 3003//11017 2821//11018 2227//11019
f 3003//11020 2227//11021 2234//11022
f 2234//11023 2227//11024 2226//11025
f 2234//11026 2226//11027 2233//11028
f 2011//11029 2010//11030 2014//11031
f 2014//11032 2010//11033 2998//11034
f 2014//11035 2998//11036 3004//11037
f 3004//11038 2998//11039 2999//11040
f 3004//11041 2999//11042 3005//11043
f 3005//11044 2999//11045 3000//11046
f 3005//11047 3000//11048 1920//11049
f 1920//11050 3000//11051 3001//11052
f 1920//11053 3001//11054 1918//11055
f 1918//11056 3001//11057 3002//11058
f 1918//11059 3002//11060 1948//11061
f 1948//11062 3002//11063 3003//11064
f 1948//11065 3003//11066 2822//11067
f 2822//11068 3003//11069 2234//11070
f 2822//11071 2234//11072 2824//11073
f 2824//11074 2234//11075 2232//11076
f 2824//11077 2232//11078 2826//11079
f 2826//11080 2232//11081 2230//11082
f 2826//11083 2230//11084 2828//11085
f 2828//11086 2230//11087 2667//11088
f 2828//11089 2667//11090 2830//11091
f 2830//11092 2667//11093 2669//11094
f 2830//11095 2669//11096 2832//11097
f 2832//11098 2669//11099 1691//11100
f 2832//11101 1691//11102 1997//11103
f 1997//11104 1691//11105 1690//11106
f 1997//11107 1690//11108 1995//11109
f 2012//11110 2014//11111 2016//11112
f 2016//11113 2014//11114 3004//11115
f 2016//11116 3004//11117 3006//11118
f 3006//11119 3004//11120 3005//11121
f 3006//11122 3005//11123 3007//11124
f 3007//11125 3005//11126 1920//11127
f 3007//11128 1920//11129 1938//11130
f 1938//11131 1920//11132 1935//11133
f 1938//11134 1935//11135 1936//11136
f 1687//11137 2028//11138 1688//11139
f 1688//11140 2028//11141 3008//11142
f 1688//11143 3008//11144 2036//11145
f 2036//11146 3008//11147 3009//11148
f 2036//11149 3009//11150 2859//11151
f 2859//11152 3009//11153 3010//11154
f 2859//11155 3010//11156 2236//11157
f 2236//11158 3010//11159 3011//11160
f 2236//11161 3011//11162 2238//11163
f 2238//11164 3011//11165 3012//11166
f 2238//11167 3012//11168 2240//11169
f 2240//11170 3012//11171 2264//11172
f 2240//11173 2264//11174 2242//11175
f 2242//11176 2264//11177 2261//11178
f 2242//11179 2261//11180 2728//11181
f 2728//11182 2261//11183 2259//11184
f 2728//11185 2259//11186 2678//11187
f 2678//11188 2259//11189 2257//11190
f 2678//11191 2257//11192 2671//11193
f 2671//11194 2257//11195 2255//11196
f 2671//11197 2255//11198 2626//11199
f 2626//11200 2255//11201 2254//11202
f 2626//11203 2254//11204 2521//11205
f 2521//11206 2254//11207 2253//11208
f 2521//11209 2253//11210 2172//11211
f 2172//11212 2253//11213 2128//11214
f 2172//11215 2128//11216 2168//11217
f 2168//11218 2128//11219 2130//11220
f 2168//11221 2130//11222 2169//11223
f 2057//11224 2040//11225 2055//11226
f 2055//11227 2040//11228 2042//11229
f 2055//11230 2042//11231 2052//11232
f 2052//11233 2042//11234 2983//11235
f 2052//11236 2983//11237 3013//11238
f 3013//11239 2983//11240 2984//11241
f 3013//11242 2984//11243 3014//11244
f 3014//11245 2984//11246 2985//11247
f 3014//11248 2985//11249 3015//11250
f 3015//11251 2985//11252 2986//11253
f 3015//11254 2986//11255 3016//11256
f 2265//11257 2264//11258 2956//11259
f 2956//11260 2264//11261 3012//11262
f 2956//11263 3012//11264 2955//11265
f 2955//11266 3012//11267 3011//11268
f 2955//11269 3011//11270 2953//11271
f 2953//11272 3011//11273 3010//11274
f 2953//11275 3010//11276 2951//11277
f 2951//11278 3010//11279 3009//11280
f 2951//11281 3009//11282 2943//11283
f 2943//11284 3009//11285 3008//11286
f 2943//11287 3008//11288 2941//11289
f 2941//11290 3008//11291 2028//11292
f 2941//11293 2028//11294 3017//11295
f 3017//11296 2028//11297 2031//11298
f 3017//11299 2031//11300 3018//11301
f 3019//11302 3020//11303 3016//11304
f 3021//11305 3016//11306 3022//11307
f 3022//11308 3016//11309 3023//11310
f 3024//11311 3025//11312 3026//11313
f 3019//11314 3016//11315 3027//11316
f 3020//11317 3028//11318 3016//11319
f 3016//11320 3028//11321 3029//11322
f 3016//11323 3029//11324 3023//11325
f 3021//11326 3030//11327 3016//11328
f 3016//11329 3030//11330 3031//11331
f 3016//11332 3031//11333 3015//11334
f 3015//11335 3031//11336 3032//11337
f 3015//11338 3032//11339 3033//11340
f 3025//11341 3034//11342 3026//11343
f 3026//11344 3034//11345 3035//11346
f 3026//11347 3035//11348 3036//11349
f 3037//11350 3038//11351 3039//11352
f 3039//11353 3038//11354 3040//11355
f 3039//11356 3040//11357 3026//11358
f 3026//11359 3040//11360 3041//11361
f 3026//11362 3041//11363 3024//11364
f 3036//11365 3042//11366 3026//11367
f 3026//11368 3042//11369 3043//11370
f 3026//11371 3043//11372 3044//11373
f 3045//11374 3046//11375 3039//11376
f 3039//11377 3046//11378 3047//11379
f 3039//11380 3047//11381 3037//11382
f 3033//11383 3048//11384 3015//11385
f 3015//11386 3048//11387 3049//11388
f 3015//11389 3049//11390 3050//11391
f 3050//11392 3051//11393 3015//11394
f 3015//11395 3051//11396 3052//11397
f 3015//11398 3052//11399 3053//11400
f 3054//11401 3055//11402 3039//11403
f 3039//11404 3055//11405 3056//11406
f 3039//11407 3056//11408 3045//11409
f 2049//11410 2050//11411 2047//11412
f 2047//11413 2050//11414 2052//11415
f 2047//11416 2052//11417 3057//11418
f 3057//11419 2052//11420 3013//11421
f 3057//11422 3013//11423 3058//11424
f 3058//11425 3013//11426 3014//11427
f 3058//11428 3014//11429 3039//11430
f 3039//11431 3014//11432 3015//11433
f 3039//11434 3015//11435 3054//11436
f 3054//11437 3015//11438 3053//11439
f 3044//11440 3027//11441 3026//11442
f 3026//11443 3027//11444 3016//11445
f 3026//11446 3016//11447 3059//11448
f 3060//11449 3059//11450 3061//11451
f 3061//11452 3059//11453 3016//11454
f 3061//11455 3016//11456 3062//11457
f 3062//11458 3016//11459 2986//11460
f 3062//11461 2986//11462 3063//11463
f 3063//11464 2986//11465 2882//11466
f 3063//11467 2882//11468 1749//11469
f 1749//11470 2882//11471 2890//11472
f 1749//11473 2890//11474 2867//11475
f 1748//11476 1783//11477 1749//11478
f 1749//11479 1783//11480 1785//11481
f 1749//11482 1785//11483 3063//11484
f 3063//11485 1785//11486 3064//11487
f 3063//11488 3064//11489 3062//11490
f 3062//11491 3064//11492 3065//11493
f 3062//11494 3065//11495 3061//11496
f 3061//11497 3065//11498 3066//11499
f 3061//11500 3066//11501 3060//11502
f 3060//11503 3066//11504 3067//11505
f 3068//11506 3069//11507 3070//11508
f 3069//11509 3071//11510 3070//11511
f 3070//11512 3071//11513 3072//11514
f 3070//11515 3072//11516 3073//11517
f 2987//11518 3074//11519 3075//11520
f 3076//11521 3077//11522 3078//11523
f 3073//11524 3079//11525 3070//11526
f 3070//11527 3079//11528 3080//11529
f 3070//11530 3080//11531 3081//11532
f 1660//11533 1661//11534 1663//11535
f 1663//11536 1661//11537 2607//11538
f 1663//11539 2607//11540 2555//11541
f 2555//11542 2607//11543 2609//11544
f 2555//11545 2609//11546 2556//11547
f 2556//11548 2609//11549 2611//11550
f 2556//11551 2611//11552 2557//11553
f 2557//11554 2611//11555 2613//11556
f 2557//11557 2613//11558 2558//11559
f 2558//11560 2613//11561 2615//11562
f 2558//11563 2615//11564 2560//11565
f 2560//11566 2615//11567 2582//11568
f 2560//11569 2582//11570 2537//11571
f 2537//11572 2582//11573 2576//11574
f 2537//11575 2576//11576 2532//11577
f 2532//11578 2576//11579 2722//11580
f 2532//11581 2722//11582 2766//11583
f 2766//11584 2722//11585 2724//11586
f 2766//11587 2724//11588 2768//11589
f 2768//11590 2724//11591 2726//11592
f 2768//11593 2726//11594 2744//11595
f 2744//11596 2726//11597 2780//11598
f 2744//11599 2780//11600 2750//11601
f 2750//11602 2780//11603 3082//11604
f 2750//11605 3082//11606 2993//11607
f 2993//11608 3082//11609 3083//11610
f 2993//11611 3083//11612 2992//11613
f 2992//11614 3083//11615 3084//11616
f 2992//11617 3084//11618 2991//11619
f 2991//11620 3084//11621 3085//11622
f 2991//11623 3085//11624 2990//11625
f 2990//11626 3085//11627 3086//11628
f 2990//11629 3086//11630 2989//11631
f 2989//11632 3086//11633 3087//11634
f 2989//11635 3087//11636 2988//11637
f 2988//11638 3087//11639 3070//11640
f 2988//11641 3070//11642 2987//11643
f 2987//11644 3070//11645 3081//11646
f 2987//11647 3081//11648 3074//11649
f 3075//11650 3088//11651 2987//11652
f 2987//11653 3088//11654 3089//11655
f 2987//11656 3089//11657 3090//11658
f 3076//11659 3078//11660 3091//11661
f 3092//11662 3093//11663 3078//11664
f 3078//11665 3093//11666 3094//11667
f 3078//11668 3094//11669 3070//11670
f 3070//11671 3094//11672 3095//11673
f 3070//11674 3095//11675 3068//11676
f 3090//11677 3096//11678 2987//11679
f 2987//11680 3096//11681 3097//11682
f 2987//11683 3097//11684 3098//11685
f 3067//11686 3099//11687 3100//11688
f 3100//11689 3101//11690 3067//11691
f 3067//11692 3101//11693 3102//11694
f 3067//11695 3102//11696 3103//11697
f 3077//11698 3104//11699 3078//11700
f 3078//11701 3104//11702 3105//11703
f 3078//11704 3105//11705 3092//11706
f 1789//11707 1790//11708 1785//11709
f 1785//11710 1790//11711 1640//11712
f 1785//11713 1640//11714 3064//11715
f 3064//11716 1640//11717 1637//11718
f 3064//11719 1637//11720 3065//11721
f 3065//11722 1637//11723 1639//11724
f 3065//11725 1639//11726 3066//11727
f 3066//11728 1639//11729 2987//11730
f 3066//11731 2987//11732 3067//11733
f 3067//11734 2987//11735 3098//11736
f 3067//11737 3098//11738 3099//11739
f 3103//11740 3106//11741 3067//11742
f 3067//11743 3106//11744 3107//11745
f 3067//11746 3107//11747 3108//11748
f 3108//11749 3109//11750 3067//11751
f 3067//11752 3109//11753 3110//11754
f 3067//11755 3110//11756 3078//11757
f 3078//11758 3110//11759 3111//11760
f 3078//11761 3111//11762 3091//11763
f 2811//11764 2793//11765 2780//11766
f 2780//11767 2793//11768 1904//11769
f 2780//11770 1904//11771 3082//11772
f 3082//11773 1904//11774 1874//11775
f 3082//11776 1874//11777 3083//11778
f 3083//11779 1874//11780 1875//11781
f 3083//11782 1875//11783 3084//11784
f 3084//11785 1875//11786 2996//11787
f 3084//11788 2996//11789 3085//11790
f 3085//11791 2996//11792 2994//11793
f 3085//11794 2994//11795 3086//11796
f 3086//11797 2994//11798 2009//11799
f 3086//11800 2009//11801 3087//11802
f 3087//11803 2009//11804 2008//11805
f 3087//11806 2008//11807 3070//11808
f 3070//11809 2008//11810 3112//11811
f 3070//11812 3112//11813 3078//11814
f 1669//11815 1671//11816 2266//11817
f 2266//11818 1671//11819 2954//11820
f 2266//11821 2954//11822 3113//11823
f 3113//11824 2954//11825 2952//11826
f 3113//11827 2952//11828 3114//11829
f 3114//11830 2952//11831 2950//11832
f 3114//11833 2950//11834 3115//11835
f 3115//11836 2950//11837 2949//11838
f 3115//11839 2949//11840 3116//11841
f 3116//11842 2949//11843 2936//11844
f 3116//11845 2936//11846 3117//11847
f 3117//11848 2936//11849 3118//11850
f 3117//11851 3118//11852 3119//11853
f 3119//11854 3118//11855 3120//11856
f 3119//11857 3120//11858 3121//11859
f 3121//11860 3120//11861 3122//11862
f 3121//11863 3122//11864 3123//11865
f 2076//11866 2061//11867 2074//11868
f 2074//11869 2061//11870 2063//11871
f 2074//11872 2063//11873 2031//11874
f 2031//11875 2063//11876 3124//11877
f 2031//11878 3124//11879 3018//11880
f 3018//11881 3124//11882 3125//11883
f 2007//11884 3126//11885 2008//11886
f 2008//11887 3126//11888 2001//11889
f 2008//11890 2001//11891 3112//11892
f 3112//11893 2001//11894 2003//11895
f 3112//11896 2003//11897 3078//11898
f 3078//11899 2003//11900 3127//11901
f 3078//11902 3127//11903 3067//11904
f 3067//11905 3127//11906 3128//11907
f 3067//11908 3128//11909 3060//11910
f 3060//11911 3128//11912 3129//11913
f 3060//11914 3129//11915 3059//11916
f 3059//11917 3129//11918 3130//11919
f 3059//11920 3130//11921 3026//11922
f 3026//11923 3130//11924 3131//11925
f 3026//11926 3131//11927 3039//11928
f 3039//11929 3131//11930 3132//11931
f 3039//11932 3132//11933 3058//11934
f 3058//11935 3132//11936 3133//11937
f 3058//11938 3133//11939 3057//11940
f 3057//11941 3133//11942 3134//11943
f 3057//11944 3134//11945 2047//11946
f 2047//11947 3134//11948 3135//11949
f 2047//11950 3135//11951 1685//11952
f 1685//11953 3135//11954 2068//11955
f 1685//11956 2068//11957 1683//11958
f 1683//11959 2068//11960 2071//11961
f 3136//11962 3137//11963 3122//11964
f 3122//11965 3137//11966 3138//11967
f 3139//11968 3140//11969 3141//11970
f 3141//11971 3140//11972 3142//11973
f 3138//11974 3143//11975 3122//11976
f 3122//11977 3143//11978 3144//11979
f 3122//11980 3144//11981 3145//11982
f 3146//11983 3147//11984 3148//11985
f 3148//11986 3147//11987 3149//11988
f 3148//11989 3149//11990 3150//11991
f 3145//11992 3151//11993 3122//11994
f 3122//11995 3151//11996 3152//11997
f 3122//11998 3152//11999 3153//12000
f 3153//12001 3154//12002 3122//12003
f 3122//12004 3154//12005 3155//12006
f 3122//12007 3155//12008 3123//12009
f 3123//12010 3155//12011 3156//12012
f 3123//12013 3156//12014 3157//12015
f 3158//12016 3159//12017 3140//12018
f 3140//12019 3159//12020 3160//12021
f 3140//12022 3160//12023 3142//12024
f 3139//12025 3161//12026 3140//12027
f 3140//12028 3161//12029 3162//12030
f 3140//12031 3162//12032 3148//12033
f 3148//12034 3162//12035 3163//12036
f 3148//12037 3163//12038 3146//12039
f 3150//12040 3164//12041 3148//12042
f 3148//12043 3164//12044 3165//12045
f 3148//12046 3165//12047 3166//12048
f 3157//12049 3167//12050 3123//12051
f 3123//12052 3167//12053 3168//12054
f 3123//12055 3168//12056 3169//12057
f 3158//12058 3140//12059 3170//12060
f 3170//12061 3140//12062 3123//12063
f 3170//12064 3123//12065 3171//12066
f 3169//12067 3172//12068 3123//12069
f 3123//12070 3172//12071 3173//12072
f 3123//12073 3173//12074 3171//12075
f 3174//12076 3175//12077 3125//12078
f 3125//12079 3175//12080 3176//12081
f 3125//12082 3176//12083 3177//12084
f 3177//12085 3122//12086 3125//12087
f 3125//12088 3122//12089 3120//12090
f 3125//12091 3120//12092 3018//12093
f 3018//12094 3120//12095 3118//12096
f 3018//12097 3118//12098 3017//12099
f 3017//12100 3118//12101 2936//12102
f 3017//12103 2936//12104 2941//12105
f 2941//12106 2936//12107 2980//12108
f 2941//12109 2980//12110 2939//12111
f 3178//12112 3122//12113 3179//12114
f 3179//12115 3122//12116 3180//12117
f 3178//12118 3181//12119 3122//12120
f 3122//12121 3181//12122 3148//12123
f 3122//12124 3148//12125 3136//12126
f 3136//12127 3148//12128 3166//12129
f 3182//12130 3183//12131 3184//12132
f 3184//12133 3183//12134 3185//12135
f 3184//12136 3185//12137 3186//12138
f 3148//12139 3187//12140 3184//12141
f 3184//12142 3187//12143 3188//12144
f 3184//12145 3188//12146 3182//12147
f 3189//12148 3190//12149 3125//12150
f 3125//12151 3190//12152 3191//12153
f 3125//12154 3191//12155 3192//12156
f 3192//12157 3193//12158 3125//12159
f 3125//12160 3193//12161 3194//12162
f 3125//12163 3194//12164 3195//12165
f 3177//12166 3196//12167 3122//12168
f 3122//12169 3196//12170 3197//12171
f 3122//12172 3197//12173 3198//12174
f 3181//12175 3199//12176 3148//12177
f 3148//12178 3199//12179 3200//12180
f 3148//12181 3200//12182 3201//12183
f 3195//12184 3202//12185 3125//12186
f 3125//12187 3202//12188 3203//12189
f 3125//12190 3203//12191 3174//12192
f 3198//12193 3204//12194 3122//12195
f 3122//12196 3204//12197 3205//12198
f 3122//12199 3205//12200 3180//12201
f 3201//12202 3206//12203 3148//12204
f 3148//12205 3206//12206 3207//12207
f 3148//12208 3207//12209 3187//12210
f 3186//12211 3208//12212 3184//12213
f 3184//12214 3208//12215 3209//12216
f 3184//12217 3209//12218 3210//12219
f 3211//12220 3212//12221 3213//12222
f 3214//12223 2021//12224 3211//12225
f 3211//12226 2021//12227 2018//12228
f 3211//12229 2018//12230 3215//12231
f 3215//12232 2018//12233 2017//12234
f 3215//12235 2017//12236 3216//12237
f 3216//12238 2017//12239 2016//12240
f 3216//12241 2016//12242 3217//12243
f 3217//12244 2016//12245 3006//12246
f 3217//12247 3006//12248 3218//12249
f 3218//12250 3006//12251 3007//12252
f 3218//12253 3007//12254 3219//12255
f 3219//12256 3007//12257 1938//12258
f 3219//12259 1938//12260 3220//12261
f 3220//12262 1938//12263 1925//12264
f 3220//12265 1925//12266 3221//12267
f 3221//12268 1925//12269 1951//12270
f 3221//12271 1951//12272 3222//12273
f 3222//12274 1951//12275 2823//12276
f 3222//12277 2823//12278 3223//12279
f 3223//12280 2823//12281 2825//12282
f 3223//12283 2825//12284 3224//12285
f 3224//12286 2825//12287 2827//12288
f 3224//12289 2827//12290 3225//12291
f 3225//12292 2827//12293 2829//12294
f 3225//12295 2829//12296 3226//12297
f 3226//12298 2829//12299 2831//12300
f 3226//12301 2831//12302 3227//12303
f 3227//12304 2831//12305 2833//12306
f 3227//12307 2833//12308 3228//12309
f 3228//12310 2833//12311 2834//12312
f 3228//12313 2834//12314 3229//12315
f 3229//12316 2834//12317 2835//12318
f 3229//12319 2835//12320 3230//12321
f 3230//12322 2835//12323 2836//12324
f 3230//12325 2836//12326 3231//12327
f 3231//12328 2836//12329 2837//12330
f 3231//12331 2837//12332 3232//12333
f 3232//12334 2837//12335 2334//12336
f 3232//12337 2334//12338 2343//12339
f 2343//12340 2334//12341 2351//12342
f 2343//12343 2351//12344 2352//12345
f 3233//12346 3234//12347 3235//12348
f 3235//12349 3234//12350 3236//12351
f 3235//12352 3236//12353 3237//12354
f 3238//12355 3239//12356 3211//12357
f 3211//12358 3239//12359 3240//12360
f 3211//12361 3240//12362 3212//12363
f 3213//12364 3241//12365 3211//12366
f 3211//12367 3241//12368 3242//12369
f 3211//12370 3242//12371 3243//12372
f 3244//12373 3245//12374 3235//12375
f 3246//12376 3247//12377 3238//12378
f 3238//12379 3247//12380 3248//12381
f 3238//12382 3248//12383 3249//12384
f 3243//12385 3250//12386 3211//12387
f 3211//12388 3250//12389 3251//12390
f 3211//12391 3251//12392 3214//12393
f 3214//12394 3252//12395 2021//12396
f 2021//12397 3252//12398 3253//12399
f 2021//12400 3253//12401 3254//12402
f 3245//12403 3255//12404 3235//12405
f 3235//12406 3255//12407 3256//12408
f 3235//12409 3256//12410 3233//12411
f 3237//12412 3257//12413 3235//12414
f 3235//12415 3257//12416 3258//12417
f 3235//12418 3258//12419 3238//12420
f 3238//12421 3258//12422 3259//12423
f 3238//12424 3259//12425 3246//12426
f 3249//12427 3260//12428 3238//12429
f 3238//12430 3260//12431 3261//12432
f 3238//12433 3261//12434 3239//12435
f 3254//12436 3262//12437 2021//12438
f 2021//12439 3262//12440 3263//12441
f 2021//12442 3263//12443 3264//12444
f 3265//12445 3244//12446 2021//12447
f 2021//12448 3244//12449 3235//12450
f 2021//12451 3235//12452 2026//12453
f 2026//12454 3235//12455 3266//12456
f 2026//12457 3266//12458 2025//12459
f 2025//12460 3266//12461 3267//12462
f 2025//12463 3267//12464 2004//12465
f 2004//12466 3267//12467 3268//12468
f 2004//12469 3268//12470 2003//12471
f 2003//12472 3268//12473 3269//12474
f 2003//12475 3269//12476 3127//12477
f 3127//12478 3269//12479 3270//12480
f 3127//12481 3270//12482 3128//12483
f 3128//12484 3270//12485 3271//12486
f 3128//12487 3271//12488 3129//12489
f 3129//12490 3271//12491 3272//12492
f 3129//12493 3272//12494 3130//12495
f 3130//12496 3272//12497 3273//12498
f 3130//12499 3273//12500 3131//12501
f 3131//12502 3273//12503 3274//12504
f 3131//12505 3274//12506 3132//12507
f 3132//12508 3274//12509 3275//12510
f 3132//12511 3275//12512 3133//12513
f 3133//12514 3275//12515 3276//12516
f 3133//12517 3276//12518 3134//12519
f 3134//12520 3276//12521 3277//12522
f 3134//12523 3277//12524 3135//12525
f 3135//12526 3277//12527 3278//12528
f 3135//12529 3278//12530 2068//12531
f 2068//12532 3278//12533 3279//12534
f 2068//12535 3279//12536 2063//12537
f 2063//12538 3279//12539 3280//12540
f 2063//12541 3280//12542 3124//12543
f 3124//12544 3280//12545 3281//12546
f 3124//12547 3281//12548 3125//12549
f 3125//12550 3281//12551 3184//12552
f 3125//12553 3184//12554 3189//12555
f 3189//12556 3184//12557 3210//12558
f 3264//12559 3282//12560 2021//12561
f 2021//12562 3282//12563 3283//12564
f 2021//12565 3283//12566 3265//12567
f 1654//12568 1656//12569 2337//12570
f 2337//12571 1656//12572 3284//12573
f 2337//12574 3284//12575 2343//12576
f 2343//12577 3284//12578 3285//12579
f 2343//12580 3285//12581 3232//12582
f 3232//12583 3285//12584 3286//12585
f 3232//12586 3286//12587 3231//12588
f 3231//12589 3286//12590 3287//12591
f 3231//12592 3287//12593 3230//12594
f 3230//12595 3287//12596 3288//12597
f 3230//12598 3288//12599 3229//12600
f 3229//12601 3288//12602 3289//12603
f 3229//12604 3289//12605 3228//12606
f 3228//12607 3289//12608 3290//12609
f 3228//12610 3290//12611 3227//12612
f 3227//12613 3290//12614 3291//12615
f 3227//12616 3291//12617 3226//12618
f 3226//12619 3291//12620 3292//12621
f 3226//12622 3292//12623 3225//12624
f 3225//12625 3292//12626 3293//12627
f 3225//12628 3293//12629 3224//12630
f 3224//12631 3293//12632 3294//12633
f 3224//12634 3294//12635 3223//12636
f 3223//12637 3294//12638 3295//12639
f 3223//12640 3295//12641 3222//12642
f 3222//12643 3295//12644 3296//12645
f 3222//12646 3296//12647 3221//12648
f 3221//12649 3296//12650 3297//12651
f 3221//12652 3297//12653 3220//12654
f 3220//12655 3297//12656 3298//12657
f 3220//12658 3298//12659 3219//12660
f 3219//12661 3298//12662 3299//12663
f 3219//12664 3299//12665 3218//12666
f 3218//12667 3299//12668 3300//12669
f 3218//12670 3300//12671 3217//12672
f 3217//12673 3300//12674 3301//12675
f 3217//12676 3301//12677 3216//12678
f 3216//12679 3301//12680 3302//12681
f 3216//12682 3302//12683 3215//12684
f 3215//12685 3302//12686 3303//12687
f 3215//12688 3303//12689 3211//12690
f 3211//12691 3303//12692 3304//12693
f 3211//12694 3304//12695 3238//12696
f 1490//12697 2283//12698 1487//12699
f 1487//12700 2283//12701 2282//12702
f 1487//12703 2282//12704 1495//12705
f 1495//12706 2282//12707 2289//12708
f 1495//12709 2289//12710 1507//12711
f 1507//12712 2289//12713 2516//12714
f 1507//12715 2516//12716 1508//12717
f 1508//12718 2516//12719 2515//12720
f 1508//12721 2515//12722 1509//12723
f 1509//12724 2515//12725 2514//12726
f 1509//12727 2514//12728 1510//12729
f 1510//12730 2514//12731 2512//12732
f 1510//12733 2512//12734 1511//12735
f 1511//12736 2512//12737 2278//12738
f 1511//12739 2278//12740 1512//12741
f 1512//12742 2278//12743 2275//12744
f 1512//12745 2275//12746 1513//12747
f 1513//12748 2275//12749 2273//12750
f 1513//12751 2273//12752 1514//12753
f 1514//12754 2273//12755 2271//12756
f 1514//12757 2271//12758 1515//12759
f 2271//12760 2269//12761 1515//12762
f 1515//12763 2269//12764 2267//12765
f 1515//12766 2267//12767 1516//12768
f 1516//12769 2267//12770 1517//12771
f 3140//12772 578//12773 3123//12774
f 3123//12775 578//12776 588//12777
f 3123//12778 588//12779 3121//12780
f 3121//12781 588//12782 1523//12783
f 3121//12784 1523//12785 3119//12786
f 3119//12787 1523//12788 1522//12789
f 3119//12790 1522//12791 3117//12792
f 3117//12793 1522//12794 1521//12795
f 3117//12796 1521//12797 3116//12798
f 3116//12799 1521//12800 1520//12801
f 3116//12802 1520//12803 3115//12804
f 3115//12805 1520//12806 1519//12807
f 3115//12808 1519//12809 3114//12810
f 3114//12811 1519//12812 1518//12813
f 3114//12814 1518//12815 3113//12816
f 3113//12817 1518//12818 1517//12819
f 3113//12820 1517//12821 2266//12822
f 2266//12823 1517//12824 2267//12825
f 3304//12826 1615//12827 3238//12828
f 3238//12829 1615//12830 660//12831
f 3238//12832 660//12833 3235//12834
f 3235//12835 660//12836 653//12837
f 3235//12838 653//12839 3266//12840
f 3266//12841 653//12842 654//12843
f 3266//12844 654//12845 3267//12846
f 3267//12847 654//12848 655//12849
f 3267//12850 655//12851 3268//12852
f 3268//12853 655//12854 656//12855
f 3268//12856 656//12857 3269//12858
f 3269//12859 656//12860 657//12861
f 3269//12862 657//12863 3270//12864
f 3270//12865 657//12866 785//12867
f 3270//12868 785//12869 3271//12870
f 3271//12871 785//12872 784//12873
f 3271//12874 784//12875 3272//12876
f 3272//12877 784//12878 852//12879
f 3272//12880 852//12881 3273//12882
f 3273//12883 852//12884 844//12885
f 3273//12886 844//12887 3274//12888
f 3274//12889 844//12890 701//12891
f 3274//12892 701//12893 3275//12894
f 3275//12895 701//12896 700//12897
f 3275//12898 700//12899 3276//12900
f 3276//12901 700//12902 833//12903
f 3276//12904 833//12905 3277//12906
f 3277//12907 833//12908 832//12909
f 3277//12910 832//12911 3278//12912
f 3278//12913 832//12914 698//12915
f 3278//12916 698//12917 3279//12918
f 3279//12919 698//12920 652//12921
f 3279//12922 652//12923 3280//12924
f 3280//12925 652//12926 651//12927
f 3280//12928 651//12929 3281//12930
f 3281//12931 651//12932 696//12933
f 3281//12934 696//12935 3184//12936
f 3184//12937 696//12938 627//12939
f 3184//12940 627//12941 3148//12942
f 3148//12943 627//12944 581//12945
f 3148//12946 581//12947 3140//12948
f 3140//12949 581//12950 578//12951
f 1615//12952 3304//12953 1616//12954
f 1616//12955 3304//12956 3303//12957
f 1616//12958 3303//12959 1617//12960
f 1617//12961 3303//12962 3302//12963
f 1617//12964 3302//12965 1618//12966
f 1618//12967 3302//12968 3301//12969
f 1618//12970 3301//12971 1619//12972
f 1619//12973 3301//12974 3300//12975
f 1619//12976 3300//12977 1620//12978
f 1620//12979 3300//12980 3299//12981
f 1620//12982 3299//12983 1621//12984
f 1621//12985 3299//12986 3298//12987
f 1621//12988 3298//12989 1622//12990
f 1622//12991 3298//12992 3297//12993
f 1622//12994 3297//12995 1623//12996
f 1655//12997 1636//12998 1656//12999
f 1656//13000 1636//13001 1635//13002
f 1656//13003 1635//13004 3284//13005
f 3284//13006 1635//13007 1634//13008
f 3284//13009 1634//13010 3285//13011
f 3285//13012 1634//13013 1633//13014
f 3285//13015 1633//13016 3286//13017
f 3286//13018 1633//13019 1632//13020
f 3286//13021 1632//13022 3287//13023
f 3287//13024 1632//13025 1631//13026
f 3287//13027 1631//13028 3288//13029
f 3288//13030 1631//13031 1630//13032
f 3288//13033 1630//13034 3289//13035
f 3289//13036 1630//13037 1629//13038
f 3289//13039 1629//13040 3290//13041
f 3290//13042 1629//13043 1628//13044
f 3290//13045 1628//13046 3291//13047
f 3291//13048 1628//13049 1627//13050
f 3291//13051 1627//13052 3292//13053
f 3292//13054 1627//13055 1626//13056
f 3292//13057 1626//13058 3293//13059
f 3293//13060 1626//13061 1625//13062
f 3293//13063 1625//13064 3294//13065
f 3294//13066 1625//13067 1624//13068
f 3294//13069 1624//13070 3295//13071
f 3295//13072 1624//13073 1623//13074
f 3295//13075 1623//13076 3296//13077
f 3296//13078 1623//13079 3297//13080
f 1636//13081 1655//13082 1614//13083
f 1614//13084 1655//13085 1654//13086
f 1614//13087 1654//13088 1613//13089
f 1613//13090 1654//13091 2342//13092
f 1613//13093 2342//13094 1612//13095
f 1612//13096 2342//13097 2471//13098
f 1612//13099 2471//13100 1611//13101
f 1611//13102 2471//13103 2332//13104
f 1611//13105 2332//13106 1610//13107
f 1610//13108 2332//13109 2331//13110
f 1610//13111 2331//13112 1609//13113
f 1609//13114 2331//13115 1658//13116
f 1609//13117 1658//13118 1608//13119
f 1608//13120 1658//13121 1657//13122
f 1608//13123 1657//13124 1607//13125
f 1607//13126 1657//13127 1660//13128
f 1607//13129 1660//13130 1606//13131
f 1606//13132 1660//13133 1662//13134
f 1606//13135 1662//13136 1605//13137
f 1605//13138 1662//13139 1664//13140
f 1605//13141 1664//13142 1604//13143
f 1604//13144 1664//13145 2384//13146
f 1604//13147 2384//13148 1603//13149
f 1603//13150 2384//13151 2381//13152
f 1603//13153 2381//13154 1602//13155
f 1602//13156 2381//13157 2380//13158
f 1602//13159 2380//13160 1601//13161
f 1601//13162 2380//13163 1667//13164
f 1601//13165 1667//13166 1600//13167
f 1600//13168 1667//13169 1666//13170
f 1600//13171 1666//13172 1599//13173
f 1599//13174 1666//13175 2284//13176
f 1599//13177 2284//13178 1598//13179
f 1598//13180 2284//13181 2285//13182
f 1598//13183 2285//13184 2286//13185
f 2283//13186 1490//13187 2324//13188
f 2324//13189 1490//13190 1595//13191
f 2324//13192 1595//13193 2424//13194
f 2424//13195 1595//13196 1596//13197
f 2424//13198 1596//13199 2286//13200
f 2286//13201 1596//13202 1597//13203
f 2286//13204 1597//13205 1598//13206
f 1011//13207 2797//13208 1010//13209
f 1010//13210 2797//13211 2796//13212
f 1010//13213 2796//13214 1009//13215
f 1009//13216 2796//13217 2795//13218
f 1009//13219 2795//13220 1012//13221
f 1012//13222 2795//13223 2794//13224
f 1012//13225 2794//13226 1013//13227
f 1013//13228 2794//13229 2792//13230
f 1013//13231 2792//13232 1014//13233
f 1014//13234 2792//13235 2791//13236
f 1014//13237 2791//13238 1031//13239
f 1031//13240 2791//13241 2813//13242
f 1031//13243 2813//13244 1032//13245
f 1032//13246 2813//13247 2812//13248
f 1032//13249 2812//13250 1033//13251
f 1033//13252 2812//13253 2811//13254
f 1033//13255 2811//13256 1026//13257
f 1026//13258 2811//13259 2815//13260
f 1026//13261 2815//13262 1027//13263
f 1027//13264 2815//13265 2814//13266
f 1027//13267 2814//13268 1034//13269
f 1034//13270 2814//13271 2807//13272
f 1034//13273 2807//13274 1035//13275
f 1035//13276 2807//13277 2806//13278
f 1035//13279 2806//13280 1015//13281
f 1015//13282 2806//13283 2805//13284
f 1015//13285 2805//13286 1016//13287
f 1016//13288 2805//13289 2782//13290
f 1016//13291 2782//13292 1017//13293
f 1017//13294 2782//13295 2781//13296
f 1017//13297 2781//13298 1021//13299
f 1021//13300 2781//13301 2779//13302
f 1021//13303 2779//13304 1022//13305
f 1022//13306 2779//13307 2778//13308
f 1022//13309 2778//13310 1023//13311
f 1023//13312 2778//13313 2801//13314
f 1023//13315 2801//13316 998//13317
f 998//13318 2801//13319 2800//13320
f 998//13321 2800//13322 999//13323
f 999//13324 2800//13325 2799//13326
f 999//13327 2799//13328 1001//13329
f 1001//13330 2799//13331 2790//13332
f 1001//13333 2790//13334 1018//13335
f 1018//13336 2790//13337 2789//13338
f 1018//13339 2789//13340 1019//13341
f 1019//13342 2789//13343 2804//13344
f 1019//13345 2804//13346 1020//13347
f 1020//13348 2804//13349 2803//13350
f 1020//13351 2803//13352 1028//13353
f 1028//13354 2803//13355 2788//13356
f 1028//13357 2788//13358 1029//13359
f 1029//13360 2788//13361 2787//13362
f 1029//13363 2787//13364 1030//13365
f 1030//13366 2787//13367 2802//13368
f 1030//13369 2802//13370 1002//13371
f 1002//13372 2802//13373 2810//13374
f 1002//13375 2810//13376 1003//13377
f 1003//13378 2810//13379 2809//13380
f 1003//13381 2809//13382 1024//13383
f 1024//13384 2809//13385 2808//13386
f 1024//13387 2808//13388 1025//13389
f 1025//13390 2808//13391 2786//13392
f 1025//13393 2786//13394 1005//13395
f 1005//13396 2786//13397 2785//13398
f 1005//13399 2785//13400 1006//13401
f 1006//13402 2785//13403 2784//13404
f 1006//13405 2784//13406 1007//13407
f 1007//13408 2784//13409 2783//13410
f 1007//13411 2783//13412 1008//13413
f 1008//13414 2783//13415 2798//13416
f 1008//13417 2798//13418 1011//13419
f 1011//13420 2798//13421 2797//13422
f 1192//13423 2588//13424 1193//13425
f 1193//13426 2588//13427 2587//13428
f 1193//13429 2587//13430 1195//13431
f 1195//13432 2587//13433 2594//13434
f 1195//13435 2594//13436 1196//13437
f 1196//13438 2594//13439 2593//13440
f 1196//13441 2593//13442 1214//13443
f 1214//13444 2593//13445 2592//13446
f 1214//13447 2592//13448 1215//13449
f 1215//13450 2592//13451 2623//13452
f 1215//13453 2623//13454 1216//13455
f 1216//13456 2623//13457 2622//13458
f 1216//13459 2622//13460 1202//13461
f 1202//13462 2622//13463 2621//13464
f 1202//13465 2621//13466 1203//13467
f 1203//13468 2621//13469 2616//13470
f 1203//13471 2616//13472 1221//13473
f 1221//13474 2616//13475 2617//13476
f 1221//13477 2617//13478 1222//13479
f 1222//13480 2617//13481 2618//13482
f 1222//13483 2618//13484 1223//13485
f 1223//13486 2618//13487 2620//13488
f 1223//13489 2620//13490 1224//13491
f 1224//13492 2620//13493 2619//13494
f 1224//13495 2619//13496 1225//13497
f 1225//13498 2619//13499 2602//13500
f 1225//13501 2602//13502 1204//13503
f 1204//13504 2602//13505 2601//13506
f 1204//13507 2601//13508 1205//13509
f 1205//13510 2601//13511 2600//13512
f 1205//13513 2600//13514 1206//13515
f 1206//13516 2600//13517 2575//13518
f 1206//13519 2575//13520 1182//13521
f 1182//13522 2575//13523 2574//13524
f 1182//13525 2574//13526 1183//13527
f 1183//13528 2574//13529 2586//13530
f 1183//13531 2586//13532 1185//13533
f 1185//13534 2586//13535 2585//13536
f 1185//13537 2585//13538 1187//13539
f 1187//13540 2585//13541 2584//13542
f 1187//13543 2584//13544 1188//13545
f 1188//13546 2584//13547 2583//13548
f 1188//13549 2583//13550 1189//13551
f 1189//13552 2583//13553 2581//13554
f 1189//13555 2581//13556 1190//13557
f 1190//13558 2581//13559 2580//13560
f 1190//13561 2580//13562 1191//13563
f 1191//13564 2580//13565 2599//13566
f 1191//13567 2599//13568 1207//13569
f 1207//13570 2599//13571 2598//13572
f 1207//13573 2598//13574 1208//13575
f 1208//13576 2598//13577 2595//13578
f 1208//13579 2595//13580 1209//13581
f 1209//13582 2595//13583 2596//13584
f 1209//13585 2596//13586 1210//13587
f 1210//13588 2596//13589 2597//13590
f 1210//13591 2597//13592 1211//13593
f 1211//13594 2597//13595 2605//13596
f 1211//13597 2605//13598 1212//13599
f 1212//13600 2605//13601 2604//13602
f 1212//13603 2604//13604 1213//13605
f 1213//13606 2604//13607 2603//13608
f 1213//13609 2603//13610 1197//13611
f 1197//13612 2603//13613 2578//13614
f 1197//13615 2578//13616 1198//13617
f 1198//13618 2578//13619 2577//13620
f 1198//13621 2577//13622 1200//13623
f 1200//13624 2577//13625 2591//13626
f 1200//13627 2591//13628 1201//13629
f 1201//13630 2591//13631 2590//13632
f 1201//13633 2590//13634 1192//13635
f 1192//13636 2590//13637 2588//13638
f 972//13639 2754//13640 973//13641
f 973//13642 2754//13643 2753//13644
f 973//13645 2753//13646 974//13647
f 974//13648 2753//13649 2749//13650
f 974//13651 2749//13652 960//13653
f 960//13654 2749//13655 2751//13656
f 960//13657 2751//13658 961//13659
f 961//13660 2751//13661 2752//13662
f 961//13663 2752//13664 983//13665
f 983//13666 2752//13667 2777//13668
f 983//13669 2777//13670 984//13671
f 984//13672 2777//13673 2776//13674
f 984//13675 2776//13676 985//13677
f 985//13678 2776//13679 2765//13680
f 985//13681 2765//13682 963//13683
f 963//13684 2765//13685 2764//13686
f 963//13687 2764//13688 964//13689
f 964//13690 2764//13691 2775//13692
f 964//13693 2775//13694 986//13695
f 986//13696 2775//13697 2774//13698
f 986//13699 2774//13700 987//13701
f 987//13702 2774//13703 2773//13704
f 987//13705 2773//13706 975//13707
f 975//13708 2773//13709 2772//13710
f 975//13711 2772//13712 976//13713
f 976//13714 2772//13715 2771//13716
f 976//13717 2771//13718 988//13719
f 988//13720 2771//13721 2770//13722
f 988//13723 2770//13724 989//13725
f 989//13726 2770//13727 2741//13728
f 989//13729 2741//13730 953//13731
f 953//13732 2741//13733 2740//13734
f 953//13735 2740//13736 954//13737
f 954//13738 2740//13739 2739//13740
f 954//13741 2739//13742 957//13743
f 957//13744 2739//13745 2734//13746
f 957//13747 2734//13748 958//13749
f 958//13750 2734//13751 2736//13752
f 958//13753 2736//13754 959//13755
f 959//13756 2736//13757 2738//13758
f 959//13759 2738//13760 977//13761
f 977//13762 2738//13763 2763//13764
f 977//13765 2763//13766 978//13767
f 978//13768 2763//13769 2762//13770
f 978//13771 2762//13772 979//13773
f 979//13774 2762//13775 2748//13776
f 979//13777 2748//13778 980//13779
f 980//13780 2748//13781 2747//13782
f 980//13783 2747//13784 981//13785
f 981//13786 2747//13787 2761//13788
f 981//13789 2761//13790 982//13791
f 982//13792 2761//13793 2760//13794
f 982//13795 2760//13796 990//13797
f 990//13798 2760//13799 2759//13800
f 990//13801 2759//13802 991//13803
f 991//13804 2759//13805 2758//13806
f 991//13807 2758//13808 992//13809
f 992//13810 2758//13811 2757//13812
f 992//13813 2757//13814 969//13815
f 969//13816 2757//13817 2756//13818
f 969//13819 2756//13820 970//13821
f 970//13822 2756//13823 2746//13824
f 970//13825 2746//13826 971//13827
f 971//13828 2746//13829 2745//13830
f 971//13831 2745//13832 965//13833
f 965//13834 2745//13835 2743//13836
f 965//13837 2743//13838 966//13839
f 966//13840 2743//13841 2742//13842
f 966//13843 2742//13844 968//13845
f 968//13846 2742//13847 2755//13848
f 968//13849 2755//13850 972//13851
f 972//13852 2755//13853 2754//13854
f 1157//13855 2552//13856 1169//13857
f 1169//13858 2552//13859 2534//13860
f 1169//13861 2534//13862 1170//13863
f 1170//13864 2534//13865 2533//13866
f 1170//13867 2533//13868 1171//13869
f 1171//13870 2533//13871 2573//13872
f 1171//13873 2573//13874 1176//13875
f 1176//13876 2573//13877 2572//13878
f 1176//13879 2572//13880 1177//13881
f 1177//13882 2572//13883 2563//13884
f 1177//13885 2563//13886 1160//13887
f 1160//13888 2563//13889 2562//13890
f 1160//13891 2562//13892 1161//13893
f 1161//13894 2562//13895 2571//13896
f 1161//13897 2571//13898 1145//13899
f 1145//13900 2571//13901 2570//13902
f 1145//13903 2570//13904 1146//13905
f 1146//13906 2570//13907 2569//13908
f 1146//13909 2569//13910 1172//13911
f 1172//13912 2569//13913 2568//13914
f 1172//13915 2568//13916 1173//13917
f 1173//13918 2568//13919 2567//13920
f 1173//13921 2567//13922 1162//13923
f 1162//13924 2567//13925 2566//13926
f 1162//13927 2566//13928 1163//13929
f 1163//13930 2566//13931 2565//13932
f 1163//13933 2565//13934 1174//13935
f 1174//13936 2565//13937 2564//13938
f 1174//13939 2564//13940 1175//13941
f 1175//13942 2564//13943 2542//13944
f 1175//13945 2542//13946 1138//13947
f 1138//13948 2542//13949 2541//13950
f 1138//13951 2541//13952 1139//13953
f 1139//13954 2541//13955 2540//13956
f 1139//13957 2540//13958 1141//13959
f 1141//13960 2540//13961 2527//13962
f 1141//13963 2527//13964 1142//13965
f 1142//13966 2527//13967 2529//13968
f 1142//13969 2529//13970 1144//13971
f 1144//13972 2529//13973 2531//13974
f 1144//13975 2531//13976 1147//13977
f 1147//13978 2531//13979 2551//13980
f 1147//13981 2551//13982 1148//13983
f 1148//13984 2551//13985 2550//13986
f 1148//13987 2550//13988 1149//13989
f 1149//13990 2550//13991 2539//13992
f 1149//13993 2539//13994 1150//13995
f 1150//13996 2539//13997 2538//13998
f 1150//13999 2538//14000 1151//14001
f 1151//14002 2538//14003 2549//14004
f 1151//14005 2549//14006 1152//14007
f 1152//14008 2549//14009 2548//14010
f 1152//14011 2548//14012 1164//14013
f 1164//14014 2548//14015 2547//14016
f 1164//14017 2547//14018 1165//14019
f 1165//14020 2547//14021 2546//14022
f 1165//14023 2546//14024 1166//14025
f 1166//14026 2546//14027 2545//14028
f 1166//14029 2545//14030 1153//14031
f 1153//14032 2545//14033 2544//14034
f 1153//14035 2544//14036 1154//14037
f 1154//14038 2544//14039 2536//14040
f 1154//14041 2536//14042 1156//14043
f 1156//14044 2536//14045 2535//14046
f 1156//14047 2535//14048 1167//14049
f 1167//14050 2535//14051 2543//14052
f 1167//14053 2543//14054 1168//14055
f 1168//14056 2543//14057 2554//14058
f 1168//14059 2554//14060 1159//14061
f 1159//14062 2554//14063 2553//14064
f 1159//14065 2553//14066 1157//14067
f 1157//14068 2553//14069 2552//14070
f 898//14071 2890//14072 899//14073
f 899//14074 2890//14075 2889//14076
f 899//14077 2889//14078 885//14079
f 885//14080 2889//14081 2888//14082
f 885//14083 2888//14084 884//14085
f 884//14086 2888//14087 2887//14088
f 884//14089 2887//14090 883//14091
f 883//14092 2887//14093 2886//14094
f 883//14095 2886//14096 886//14097
f 886//14098 2886//14099 2885//14100
f 886//14101 2885//14102 887//14103
f 887//14104 2885//14105 2884//14106
f 887//14107 2884//14108 873//14109
f 873//14110 2884//14111 2883//14112
f 873//14113 2883//14114 874//14115
f 874//14116 2883//14117 2881//14118
f 874//14119 2881//14120 888//14121
f 888//14122 2881//14123 2880//14124
f 888//14125 2880//14126 889//14127
f 889//14128 2880//14129 2896//14130
f 889//14131 2896//14132 890//14133
f 890//14134 2896//14135 2895//14136
f 890//14137 2895//14138 875//14139
f 875//14140 2895//14141 2894//14142
f 875//14143 2894//14144 876//14145
f 876//14146 2894//14147 2879//14148
f 876//14149 2879//14150 891//14151
f 891//14152 2879//14153 2878//14154
f 891//14155 2878//14156 892//14157
f 892//14158 2878//14159 2877//14160
f 892//14161 2877//14162 893//14163
f 893//14164 2877//14165 2897//14166
f 893//14167 2897//14168 864//14169
f 864//14170 2897//14171 2899//14172
f 864//14173 2899//14174 865//14175
f 865//14176 2899//14177 2898//14178
f 865//14179 2898//14180 866//14181
f 866//14182 2898//14183 2893//14184
f 866//14185 2893//14186 867//14187
f 867//14188 2893//14189 2892//14190
f 867//14191 2892//14192 868//14193
f 868//14194 2892//14195 2891//14196
f 868//14197 2891//14198 869//14199
f 869//14200 2891//14201 2866//14202
f 869//14203 2866//14204 870//14205
f 870//14206 2866//14207 2865//14208
f 870//14209 2865//14210 877//14211
f 877//14212 2865//14213 2864//14214
f 877//14215 2864//14216 878//14217
f 878//14218 2864//14219 2863//14220
f 878//14221 2863//14222 879//14223
f 879//14224 2863//14225 2876//14226
f 879//14227 2876//14228 871//14229
f 871//14230 2876//14231 2875//14232
f 871//14233 2875//14234 872//14235
f 872//14236 2875//14237 2874//14238
f 872//14239 2874//14240 880//14241
f 880//14242 2874//14243 2873//14244
f 880//14245 2873//14246 881//14247
f 881//14248 2873//14249 2872//14250
f 881//14251 2872//14252 882//14253
f 882//14254 2872//14255 2871//14256
f 882//14257 2871//14258 894//14259
f 894//14260 2871//14261 2870//14262
f 894//14263 2870//14264 895//14265
f 895//14266 2870//14267 2869//14268
f 895//14269 2869//14270 896//14271
f 896//14272 2869//14273 2868//14274
f 896//14275 2868//14276 897//14277
f 897//14278 2868//14279 2867//14280
f 897//14281 2867//14282 898//14283
f 898//14284 2867//14285 2890//14286
f 262//14287 2203//14288 263//14289
f 263//14290 2203//14291 2201//14292
f 263//14293 2201//14294 269//14295
f 269//14296 2201//14297 2200//14298
f 269//14299 2200//14300 270//14301
f 270//14302 2200//14303 2208//14304
f 270//14305 2208//14306 271//14307
f 271//14308 2208//14309 2207//14310
f 271//14311 2207//14312 1291//14313
f 1291//14314 2207//14315 2206//14316
f 1291//14317 2206//14318 19//14319
f 19//14320 2206//14321 2205//14322
f 19//14323 2205//14324 20//14325
f 20//14326 2205//14327 2222//14328
f 20//14329 2222//14330 251//14331
f 251//14332 2222//14333 2221//14334
f 251//14335 2221//14336 252//14337
f 252//14338 2221//14339 2220//14340
f 252//14341 2220//14342 253//14343
f 253//14344 2220//14345 2210//14346
f 253//14347 2210//14348 254//14349
f 254//14350 2210//14351 2209//14352
f 254//14353 2209//14354 255//14355
f 255//14356 2209//14357 2216//14358
f 255//14359 2216//14360 257//14361
f 257//14362 2216//14363 2215//14364
f 257//14365 2215//14366 258//14367
f 258//14368 2215//14369 2213//14370
f 258//14371 2213//14372 259//14373
f 259//14374 2213//14375 2212//14376
f 259//14377 2212//14378 260//14379
f 260//14380 2212//14381 2219//14382
f 260//14383 2219//14384 261//14385
f 261//14386 2219//14387 2218//14388
f 261//14389 2218//14390 245//14391
f 245//14392 2218//14393 2217//14394
f 245//14395 2217//14396 246//14397
f 246//14398 2217//14399 2181//14400
f 246//14401 2181//14402 250//14403
f 250//14404 2181//14405 2180//14406
f 250//14407 2180//14408 249//14409
f 249//14410 2180//14411 2178//14412
f 249//14413 2178//14414 247//14415
f 247//14416 2178//14417 2176//14418
f 247//14419 2176//14420 278//14421
f 278//14422 2176//14423 2175//14424
f 278//14425 2175//14426 279//14427
f 279//14428 2175//14429 2196//14430
f 279//14431 2196//14432 283//14433
f 283//14434 2196//14435 2195//14436
f 283//14437 2195//14438 284//14439
f 284//14440 2195//14441 2194//14442
f 284//14443 2194//14444 285//14445
f 285//14446 2194//14447 2193//14448
f 285//14449 2193//14450 286//14451
f 286//14452 2193//14453 2192//14454
f 286//14455 2192//14456 287//14457
f 287//14458 2192//14459 2190//14460
f 287//14461 2190//14462 288//14463
f 288//14464 2190//14465 2189//14466
f 288//14467 2189//14468 281//14469
f 281//14470 2189//14471 2188//14472
f 281//14473 2188//14474 282//14475
f 282//14476 2188//14477 2187//14478
f 282//14479 2187//14480 289//14481
f 289//14482 2187//14483 2186//14484
f 289//14485 2186//14486 290//14487
f 290//14488 2186//14489 2185//14490
f 290//14491 2185//14492 276//14493
f 276//14494 2185//14495 2183//14496
f 276//14497 2183//14498 277//14499
f 277//14500 2183//14501 2182//14502
f 277//14503 2182//14504 272//14505
f 272//14506 2182//14507 2199//14508
f 272//14509 2199//14510 273//14511
f 273//14512 2199//14513 2198//14514
f 273//14515 2198//14516 265//14517
f 265//14518 2198//14519 1676//14520
f 265//14521 1676//14522 266//14523
f 266//14524 1676//14525 1675//14526
f 266//14527 1675//14528 268//14529
f 268//14530 1675//14531 2204//14532
f 268//14533 2204//14534 262//14535
f 262//14536 2204//14537 2203//14538
f 2224//14539 240//14540 2229//14541
f 2229//14542 240//14543 238//14544
f 2229//14545 238//14546 2226//14547
f 2226//14548 238//14549 235//14550
f 235//14551 234//14552 2226//14553
f 2226//14554 234//14555 2233//14556
f 2233//14557 234//14558 2231//14559
f 2231//14560 234//14561 1044//14562
f 2231//14563 1044//14564 2223//14565
f 2223//14566 1044//14567 241//14568
f 241//14569 240//14570 2223//14571
f 2223//14572 240//14573 2224//14574
f 781//14575 3094//14576 752//14577
f 752//14578 3094//14579 3093//14580
f 752//14581 3093//14582 753//14583
f 753//14584 3093//14585 3092//14586
f 753//14587 3092//14588 760//14589
f 760//14590 3092//14591 3105//14592
f 760//14593 3105//14594 761//14595
f 761//14596 3105//14597 3104//14598
f 761//14599 3104//14600 762//14601
f 762//14602 3104//14603 3077//14604
f 762//14605 3077//14606 771//14607
f 771//14608 3077//14609 3076//14610
f 771//14611 3076//14612 772//14613
f 772//14614 3076//14615 3091//14616
f 772//14617 3091//14618 773//14619
f 773//14620 3091//14621 3111//14622
f 773//14623 3111//14624 774//14625
f 774//14626 3111//14627 3110//14628
f 774//14629 3110//14630 775//14631
f 775//14632 3110//14633 3109//14634
f 775//14635 3109//14636 782//14637
f 782//14638 3109//14639 3108//14640
f 782//14641 3108//14642 783//14643
f 783//14644 3108//14645 3107//14646
f 783//14647 3107//14648 776//14649
f 776//14650 3107//14651 3106//14652
f 776//14653 3106//14654 777//14655
f 777//14656 3106//14657 3103//14658
f 777//14659 3103//14660 778//14661
f 778//14662 3103//14663 3102//14664
f 778//14665 3102//14666 763//14667
f 763//14668 3102//14669 3101//14670
f 763//14671 3101//14672 764//14673
f 764//14674 3101//14675 3100//14676
f 764//14677 3100//14678 766//14679
f 766//14680 3100//14681 3099//14682
f 766//14683 3099//14684 767//14685
f 767//14686 3099//14687 3098//14688
f 767//14689 3098//14690 744//14691
f 744//14692 3098//14693 3097//14694
f 744//14695 3097//14696 745//14697
f 745//14698 3097//14699 3096//14700
f 745//14701 3096//14702 747//14703
f 747//14704 3096//14705 3090//14706
f 747//14707 3090//14708 748//14709
f 748//14710 3090//14711 3089//14712
f 748//14713 3089//14714 749//14715
f 749//14716 3089//14717 3088//14718
f 749//14719 3088//14720 750//14721
f 750//14722 3088//14723 3075//14724
f 750//14725 3075//14726 751//14727
f 751//14728 3075//14729 3074//14730
f 751//14731 3074//14732 755//14733
f 755//14734 3074//14735 3081//14736
f 755//14737 3081//14738 756//14739
f 756//14740 3081//14741 3080//14742
f 756//14743 3080//14744 758//14745
f 758//14746 3080//14747 3079//14748
f 758//14749 3079//14750 759//14751
f 759//14752 3079//14753 3073//14754
f 759//14755 3073//14756 768//14757
f 768//14758 3073//14759 3072//14760
f 768//14761 3072//14762 769//14763
f 769//14764 3072//14765 3071//14766
f 769//14767 3071//14768 770//14769
f 770//14770 3071//14771 3069//14772
f 770//14773 3069//14774 779//14775
f 779//14776 3069//14777 3068//14778
f 779//14779 3068//14780 780//14781
f 780//14782 3068//14783 3095//14784
f 780//14785 3095//14786 781//14787
f 781//14788 3095//14789 3094//14790
f 1090//14791 2//14792 2714//14793
f 2714//14794 2//14795 2715//14796
f 2//14797 1//14798 2715//14799
f 2715//14800 1//14801 2717//14802
f 1//14803 1091//14804 2717//14805
f 2717//14806 1091//14807 2716//14808
f 1091//14809 1090//14810 2716//14811
f 2716//14812 1090//14813 2714//14814
f 214//14815 2154//14816 215//14817
f 215//14818 2154//14819 2156//14820
f 215//14821 2156//14822 207//14823
f 207//14824 2156//14825 2157//14826
f 207//14827 2157//14828 208//14829
f 208//14830 2157//14831 1679//14832
f 208//14833 1679//14834 210//14835
f 210//14836 1679//14837 1678//14838
f 210//14839 1678//14840 28//14841
f 28//14842 1678//14843 2162//14844
f 28//14845 2162//14846 29//14847
f 29//14848 2162//14849 2161//14850
f 29//14851 2161//14852 205//14853
f 205//14854 2161//14855 2160//14856
f 205//14857 2160//14858 206//14859
f 206//14860 2160//14861 2159//14862
f 206//14863 2159//14864 196//14865
f 196//14866 2159//14867 2158//14868
f 196//14869 2158//14870 198//14871
f 198//14872 2158//14873 2167//14874
f 198//14875 2167//14876 199//14877
f 199//14878 2167//14879 2166//14880
f 199//14881 2166//14882 200//14883
f 200//14884 2166//14885 2164//14886
f 200//14887 2164//14888 201//14889
f 201//14890 2164//14891 2163//14892
f 201//14893 2163//14894 203//14895
f 203//14896 2163//14897 2171//14898
f 203//14899 2171//14900 204//14901
f 204//14902 2171//14903 2173//14904
f 204//14905 2173//14906 193//14907
f 193//14908 2173//14909 2174//14910
f 193//14911 2174//14912 194//14913
f 194//14914 2174//14915 2170//14916
f 194//14917 2170//14918 183//14919
f 183//14920 2170//14921 2169//14922
f 183//14923 2169//14924 184//14925
f 184//14926 2169//14927 2130//14928
f 184//14929 2130//14930 186//14931
f 186//14932 2130//14933 2129//14934
f 186//14935 2129//14936 187//14937
f 187//14938 2129//14939 2127//14940
f 187//14941 2127//14942 188//14943
f 188//14944 2127//14945 2126//14946
f 188//14947 2126//14948 189//14949
f 189//14950 2126//14951 2133//14952
f 189//14953 2133//14954 191//14955
f 191//14956 2133//14957 2132//14958
f 191//14959 2132//14960 192//14961
f 192//14962 2132//14963 2131//14964
f 192//14965 2131//14966 231//14967
f 231//14968 2131//14969 2124//14970
f 231//14971 2124//14972 232//14973
f 232//14974 2124//14975 2123//14976
f 232//14977 2123//14978 233//14979
f 233//14980 2123//14981 2138//14982
f 233//14983 2138//14984 230//14985
f 230//14986 2138//14987 2137//14988
f 230//14989 2137//14990 22//14991
f 22//14992 2137//14993 2135//14994
f 22//14995 2135//14996 23//14997
f 23//14998 2135//14999 2134//15000
f 23//15001 2134//15002 226//15003
f 226//15004 2134//15005 2143//15006
f 226//15007 2143//15008 228//15009
f 228//15010 2143//15011 2145//15012
f 228//15013 2145//15014 229//15015
f 229//15016 2145//15017 2142//15018
f 229//15019 2142//15020 225//15021
f 225//15022 2142//15023 2140//15024
f 225//15025 2140//15026 25//15027
f 25//15028 2140//15029 2139//15030
f 25//15031 2139//15032 26//15033
f 26//15034 2139//15035 2148//15036
f 26//15037 2148//15038 222//15039
f 222//15040 2148//15041 2147//15042
f 222//15043 2147//15044 223//15045
f 223//15046 2147//15047 2146//15048
f 223//15049 2146//15050 216//15051
f 216//15052 2146//15053 1681//15054
f 216//15055 1681//15056 218//15057
f 218//15058 1681//15059 1680//15060
f 218//15061 1680//15062 219//15063
f 219//15064 1680//15065 2152//15066
f 219//15067 2152//15068 220//15069
f 220//15070 2152//15071 2150//15072
f 220//15073 2150//15074 221//15075
f 221//15076 2150//15077 2149//15078
f 221//15079 2149//15080 212//15081
f 212//15082 2149//15083 2153//15084
f 212//15085 2153//15086 214//15087
f 214//15088 2153//15089 2154//15090
f 324//15091 2112//15092 323//15093
f 323//15094 2112//15095 2111//15096
f 323//15097 2111//15098 326//15099
f 326//15100 2111//15101 2110//15102
f 326//15103 2110//15104 327//15105
f 327//15106 2110//15107 2109//15108
f 327//15109 2109//15110 328//15111
f 328//15112 2109//15113 2108//15114
f 328//15115 2108//15116 329//15117
f 329//15118 2108//15119 2101//15120
f 329//15121 2101//15122 330//15123
f 330//15124 2101//15125 2103//15126
f 330//15127 2103//15128 308//15129
f 308//15130 2103//15131 2104//15132
f 308//15133 2104//15134 310//15135
f 310//15136 2104//15137 2118//15138
f 310//15139 2118//15140 314//15141
f 314//15142 2118//15143 2119//15144
f 314//15145 2119//15146 315//15147
f 315//15148 2119//15149 2122//15150
f 315//15151 2122//15152 316//15153
f 316//15154 2122//15155 2121//15156
f 316//15157 2121//15158 312//15159
f 312//15160 2121//15161 2120//15162
f 312//15163 2120//15164 313//15165
f 313//15166 2120//15167 2117//15168
f 313//15169 2117//15170 291//15171
f 291//15172 2117//15173 2116//15174
f 291//15175 2116//15176 292//15177
f 292//15178 2116//15179 2082//15180
f 292//15181 2082//15182 294//15183
f 294//15184 2082//15185 2081//15186
f 294//15187 2081//15188 295//15189
f 295//15190 2081//15191 2080//15192
f 295//15193 2080//15194 296//15195
f 296//15196 2080//15197 2078//15198
f 296//15199 2078//15200 297//15201
f 297//15202 2078//15203 2077//15204
f 297//15205 2077//15206 298//15207
f 298//15208 2077//15209 2090//15210
f 298//15211 2090//15212 300//15213
f 300//15214 2090//15215 2089//15216
f 300//15217 2089//15218 301//15219
f 301//15220 2089//15221 2088//15222
f 301//15223 2088//15224 302//15225
f 302//15226 2088//15227 2087//15228
f 302//15229 2087//15230 303//15231
f 303//15232 2087//15233 2086//15234
f 303//15235 2086//15236 304//15237
f 304//15238 2086//15239 2084//15240
f 304//15241 2084//15242 305//15243
f 305//15244 2084//15245 2083//15246
f 305//15247 2083//15248 306//15249
f 306//15250 2083//15251 2097//15252
f 306//15253 2097//15254 335//15255
f 335//15256 2097//15257 2096//15258
f 335//15259 2096//15260 333//15261
f 333//15262 2096//15263 2094//15264
f 333//15265 2094//15266 331//15267
f 331//15268 2094//15269 2092//15270
f 331//15271 2092//15272 336//15273
f 336//15274 2092//15275 2091//15276
f 336//15277 2091//15278 337//15279
f 337//15280 2091//15281 2100//15282
f 337//15283 2100//15284 338//15285
f 338//15286 2100//15287 2099//15288
f 338//15289 2099//15290 317//15291
f 317//15292 2099//15293 2115//15294
f 317//15295 2115//15296 318//15297
f 318//15298 2115//15299 2114//15300
f 318//15301 2114//15302 320//15303
f 320//15304 2114//15305 2107//15306
f 320//15307 2107//15308 321//15309
f 321//15310 2107//15311 2106//15312
f 321//15313 2106//15314 322//15315
f 322//15316 2106//15317 2105//15318
f 322//15319 2105//15320 325//15321
f 325//15322 2105//15323 2113//15324
f 325//15325 2113//15326 324//15327
f 324//15328 2113//15329 2112//15330
f 163//15331 2050//15332 165//15333
f 165//15334 2050//15335 2049//15336
f 165//15337 2049//15338 166//15339
f 166//15340 2049//15341 2048//15342
f 166//15343 2048//15344 31//15345
f 31//15346 2048//15347 2060//15348
f 31//15349 2060//15350 32//15351
f 32//15352 2060//15353 2059//15354
f 32//15355 2059//15356 155//15357
f 155//15358 2059//15359 2058//15360
f 155//15361 2058//15362 156//15363
f 156//15364 2058//15365 1684//15366
f 156//15367 1684//15368 157//15369
f 157//15370 1684//15371 1683//15372
f 157//15373 1683//15374 142//15375
f 142//15376 1683//15377 2071//15378
f 142//15379 2071//15380 143//15381
f 143//15382 2071//15383 2070//15384
f 143//15385 2070//15386 145//15387
f 145//15388 2070//15389 2069//15390
f 145//15391 2069//15392 146//15393
f 146//15394 2069//15395 2067//15396
f 146//15397 2067//15398 148//15399
f 148//15400 2067//15401 2066//15402
f 148//15403 2066//15404 149//15405
f 149//15406 2066//15407 2065//15408
f 149//15409 2065//15410 150//15411
f 150//15412 2065//15413 2064//15414
f 150//15415 2064//15416 151//15417
f 151//15418 2064//15419 2062//15420
f 151//15421 2062//15422 153//15423
f 153//15424 2062//15425 2061//15426
f 153//15427 2061//15428 154//15429
f 154//15430 2061//15431 2076//15432
f 154//15433 2076//15434 133//15435
f 133//15436 2076//15437 2075//15438
f 133//15439 2075//15440 134//15441
f 134//15442 2075//15443 2073//15444
f 134//15445 2073//15446 136//15447
f 136//15448 2073//15449 2072//15450
f 136//15451 2072//15452 137//15453
f 137//15454 2072//15455 2033//15456
f 137//15457 2033//15458 138//15459
f 138//15460 2033//15461 2032//15462
f 138//15463 2032//15464 140//15465
f 140//15466 2032//15467 2030//15468
f 140//15469 2030//15470 141//15471
f 141//15472 2030//15473 2029//15474
f 141//15475 2029//15476 34//15477
f 34//15478 2029//15479 2027//15480
f 34//15481 2027//15482 35//15483
f 35//15484 2027//15485 1687//15486
f 35//15487 1687//15488 180//15489
f 180//15490 1687//15491 1686//15492
f 180//15493 1686//15494 181//15495
f 181//15496 1686//15497 2039//15498
f 181//15499 2039//15500 182//15501
f 182//15502 2039//15503 2038//15504
f 182//15505 2038//15506 171//15507
f 171//15508 2038//15509 2037//15510
f 171//15511 2037//15512 172//15513
f 172//15514 2037//15515 2035//15516
f 172//15517 2035//15518 174//15519
f 174//15520 2035//15521 2034//15522
f 174//15523 2034//15524 170//15525
f 170//15526 2034//15527 2046//15528
f 170//15529 2046//15530 167//15531
f 167//15532 2046//15533 2045//15534
f 167//15535 2045//15536 168//15537
f 168//15538 2045//15539 2044//15540
f 168//15541 2044//15542 175//15543
f 175//15544 2044//15545 2043//15546
f 175//15547 2043//15548 176//15549
f 176//15550 2043//15551 2041//15552
f 176//15553 2041//15554 178//15555
f 178//15556 2041//15557 2040//15558
f 178//15559 2040//15560 179//15561
f 179//15562 2040//15563 2057//15564
f 179//15565 2057//15566 161//15567
f 161//15568 2057//15569 2056//15570
f 161//15571 2056//15572 158//15573
f 158//15574 2056//15575 2054//15576
f 158//15577 2054//15578 159//15579
f 159//15580 2054//15581 2053//15582
f 159//15583 2053//15584 162//15585
f 162//15586 2053//15587 2051//15588
f 162//15589 2051//15590 163//15591
f 163//15592 2051//15593 2050//15594
f 130//15595 129//15596 2237//15597
f 2237//15598 129//15599 2249//15600
f 2249//15601 129//15602 2250//15603
f 2250//15604 129//15605 862//15606
f 2250//15607 862//15608 2248//15609
f 2248//15610 862//15611 863//15612
f 2248//15613 863//15614 2245//15615
f 2245//15616 863//15617 126//15618
f 2245//15619 126//15620 2246//15621
f 126//15622 125//15623 2246//15624
f 2246//15625 125//15626 2838//15627
f 2838//15628 125//15629 2243//15630
f 2243//15631 125//15632 1072//15633
f 130//15634 2237//15635 1071//15636
f 1071//15637 2237//15638 2239//15639
f 1071//15640 2239//15641 1072//15642
f 1072//15643 2239//15644 2241//15645
f 1072//15646 2241//15647 2243//15648
f 742//15649 3027//15650 743//15651
f 743//15652 3027//15653 3044//15654
f 743//15655 3044//15656 733//15657
f 733//15658 3044//15659 3043//15660
f 733//15661 3043//15662 734//15663
f 734//15664 3043//15665 3042//15666
f 734//15667 3042//15668 735//15669
f 735//15670 3042//15671 3036//15672
f 735//15673 3036//15674 722//15675
f 722//15676 3036//15677 3035//15678
f 722//15679 3035//15680 721//15681
f 721//15682 3035//15683 3034//15684
f 721//15685 3034//15686 720//15687
f 720//15688 3034//15689 3025//15690
f 720//15691 3025//15692 726//15693
f 726//15694 3025//15695 3024//15696
f 726//15697 3024//15698 727//15699
f 727//15700 3024//15701 3041//15702
f 727//15703 3041//15704 728//15705
f 728//15706 3041//15707 3040//15708
f 728//15709 3040//15710 729//15711
f 729//15712 3040//15713 3038//15714
f 729//15715 3038//15716 730//15717
f 730//15718 3038//15719 3037//15720
f 730//15721 3037//15722 731//15723
f 731//15724 3037//15725 3047//15726
f 731//15727 3047//15728 732//15729
f 732//15730 3047//15731 3046//15732
f 732//15733 3046//15734 736//15735
f 736//15736 3046//15737 3045//15738
f 736//15739 3045//15740 737//15741
f 737//15742 3045//15743 3056//15744
f 737//15745 3056//15746 717//15747
f 717//15748 3056//15749 3055//15750
f 717//15751 3055//15752 716//15753
f 716//15754 3055//15755 3054//15756
f 716//15757 3054//15758 706//15759
f 706//15760 3054//15761 3053//15762
f 706//15763 3053//15764 707//15765
f 707//15766 3053//15767 3052//15768
f 707//15769 3052//15770 718//15771
f 718//15772 3052//15773 3051//15774
f 718//15775 3051//15776 719//15777
f 719//15778 3051//15779 3050//15780
f 719//15781 3050//15782 711//15783
f 711//15784 3050//15785 3049//15786
f 711//15787 3049//15788 710//15789
f 710//15790 3049//15791 3048//15792
f 710//15793 3048//15794 709//15795
f 709//15796 3048//15797 3033//15798
f 709//15799 3033//15800 712//15801
f 712//15802 3033//15803 3032//15804
f 712//15805 3032//15806 713//15807
f 713//15808 3032//15809 3031//15810
f 713//15811 3031//15812 715//15813
f 715//15814 3031//15815 3030//15816
f 715//15817 3030//15818 723//15819
f 723//15820 3030//15821 3021//15822
f 723//15823 3021//15824 724//15825
f 724//15826 3021//15827 3022//15828
f 724//15829 3022//15830 725//15831
f 725//15832 3022//15833 3023//15834
f 725//15835 3023//15836 738//15837
f 738//15838 3023//15839 3029//15840
f 738//15841 3029//15842 739//15843
f 739//15844 3029//15845 3028//15846
f 739//15847 3028//15848 740//15849
f 740//15850 3028//15851 3020//15852
f 740//15853 3020//15854 741//15855
f 741//15856 3020//15857 3019//15858
f 741//15859 3019//15860 742//15861
f 742//15862 3019//15863 3027//15864
f 357//15865 2020//15866 355//15867
f 355//15868 2020//15869 2022//15870
f 355//15871 2022//15872 353//15873
f 353//15874 2022//15875 2024//15876
f 353//15877 2024//15878 351//15879
f 351//15880 2024//15881 2023//15882
f 351//15883 2023//15884 343//15885
f 343//15886 2023//15887 2002//15888
f 340//15889 2012//15890 359//15891
f 359//15892 2012//15893 2015//15894
f 359//15895 2015//15896 356//15897
f 356//15898 2015//15899 2019//15900
f 356//15901 2019//15902 357//15903
f 357//15904 2019//15905 2020//15906
f 16//15907 2007//15908 17//15909
f 17//15910 2007//15911 2006//15912
f 17//15913 2006//15914 1036//15915
f 1036//15916 2006//15917 2011//15918
f 1036//15919 2011//15920 339//15921
f 339//15922 2011//15923 2013//15924
f 339//15925 2013//15926 340//15927
f 340//15928 2013//15929 2012//15930
f 343//15931 2002//15932 344//15933
f 344//15934 2002//15935 2001//15936
f 344//15937 2001//15938 346//15939
f 346//15940 2001//15941 3126//15942
f 346//15943 3126//15944 16//15945
f 16//15946 3126//15947 2007//15948
f 1328//15949 2504//15950 1329//15951
f 1329//15952 2504//15953 2503//15954
f 1329//15955 2503//15956 1318//15957
f 1318//15958 2503//15959 2498//15960
f 1318//15961 2498//15962 1319//15963
f 1319//15964 2498//15965 2497//15966
f 1319//15967 2497//15968 1322//15969
f 1322//15970 2497//15971 2496//15972
f 1322//15973 2496//15974 1323//15975
f 1323//15976 2496//15977 2492//15978
f 1323//15979 2492//15980 1299//15981
f 1299//15982 2492//15983 2491//15984
f 1299//15985 2491//15986 1300//15987
f 1300//15988 2491//15989 2490//15990
f 1300//15991 2490//15992 1303//15993
f 1303//15994 2490//15995 2482//15996
f 1303//15997 2482//15998 1304//15999
f 1304//16000 2482//16001 2480//16002
f 1304//16003 2480//16004 1305//16005
f 1305//16006 2480//16007 2479//16008
f 1305//16009 2479//16010 1306//16011
f 1306//16012 2479//16013 2488//16014
f 1306//16015 2488//16016 1307//16017
f 1307//16018 2488//16019 2487//16020
f 1307//16021 2487//16022 1315//16023
f 1315//16024 2487//16025 2502//16026
f 1315//16027 2502//16028 1316//16029
f 1316//16030 2502//16031 2501//16032
f 1316//16033 2501//16034 1317//16035
f 1317//16036 2501//16037 2500//16038
f 1317//16039 2500//16040 1320//16041
f 1320//16042 2500//16043 2499//16044
f 1320//16045 2499//16046 1321//16047
f 1321//16048 2499//16049 2511//16050
f 1321//16051 2511//16052 1308//16053
f 1308//16054 2511//16055 2510//16056
f 1308//16057 2510//16058 1309//16059
f 1309//16060 2510//16061 2509//16062
f 1309//16063 2509//16064 1301//16065
f 1301//16066 2509//16067 2508//16068
f 1301//16069 2508//16070 1302//16071
f 1302//16072 2508//16073 2507//16074
f 1302//16075 2507//16076 1310//16077
f 1310//16078 2507//16079 2506//16080
f 1310//16081 2506//16082 1311//16083
f 1311//16084 2506//16085 2495//16086
f 1311//16087 2495//16088 1292//16089
f 1292//16090 2495//16091 2494//16092
f 1292//16093 2494//16094 1293//16095
f 1293//16096 2494//16097 2493//16098
f 1293//16099 2493//16100 1295//16101
f 1295//16102 2493//16103 2486//16104
f 1295//16105 2486//16106 1296//16107
f 1296//16108 2486//16109 2476//16110
f 1296//16111 2476//16112 1298//16113
f 1298//16114 2476//16115 2475//16116
f 1298//16117 2475//16118 1312//16119
f 1312//16120 2475//16121 2473//16122
f 1312//16123 2473//16124 1313//16125
f 1313//16126 2473//16127 2472//16128
f 1313//16129 2472//16130 1314//16131
f 1314//16132 2472//16133 2484//16134
f 1314//16135 2484//16136 1324//16137
f 1324//16138 2484//16139 2483//16140
f 1324//16141 2483//16142 1325//16143
f 1325//16144 2483//16145 2478//16146
f 1325//16147 2478//16148 1326//16149
f 1326//16150 2478//16151 2477//16152
f 1326//16153 2477//16154 1327//16155
f 1327//16156 2477//16157 2505//16158
f 1327//16159 2505//16160 1328//16161
f 1328//16162 2505//16163 2504//16164
f 398//16165 1998//16166 396//16167
f 396//16168 1998//16169 1996//16170
f 396//16171 1996//16172 13//16173
f 13//16174 1996//16175 1995//16176
f 13//16177 1995//16178 14//16179
f 14//16180 1995//16181 1690//16182
f 14//16183 1690//16184 364//16185
f 364//16186 1690//16187 1689//16188
f 364//16189 1689//16190 365//16191
f 365//16192 1689//16193 1991//16194
f 365//16195 1991//16196 366//16197
f 366//16198 1991//16199 1990//16200
f 366//16201 1990//16202 367//16203
f 367//16204 1990//16205 1987//16206
f 367//16207 1987//16208 368//16209
f 368//16210 1987//16211 1988//16212
f 368//16213 1988//16214 369//16215
f 369//16216 1988//16217 1989//16218
f 369//16219 1989//16220 361//16221
f 361//16222 1989//16223 1980//16224
f 361//16225 1980//16226 362//16227
f 362//16228 1980//16229 1979//16230
f 362//16231 1979//16232 376//16233
f 376//16234 1979//16235 1978//16236
f 376//16237 1978//16238 377//16239
f 377//16240 1978//16241 1977//16242
f 377//16243 1977//16244 378//16245
f 378//16246 1977//16247 1976//16248
f 378//16249 1976//16250 379//16251
f 379//16252 1976//16253 1975//16254
f 379//16255 1975//16256 380//16257
f 380//16258 1975//16259 1972//16260
f 380//16261 1972//16262 381//16263
f 381//16264 1972//16265 1971//16266
f 381//16267 1971//16268 390//16269
f 390//16270 1971//16271 1994//16272
f 390//16273 1994//16274 391//16275
f 391//16276 1994//16277 1993//16278
f 391//16279 1993//16280 392//16281
f 392//16282 1993//16283 1992//16284
f 392//16285 1992//16286 370//16287
f 370//16288 1992//16289 1986//16290
f 370//16291 1986//16292 371//16293
f 371//16294 1986//16295 1985//16296
f 371//16297 1985//16298 372//16299
f 372//16300 1985//16301 1984//16302
f 372//16303 1984//16304 373//16305
f 373//16306 1984//16307 1969//16308
f 373//16309 1969//16310 374//16311
f 374//16312 1969//16313 1968//16314
f 374//16315 1968//16316 375//16317
f 375//16318 1968//16319 1974//16320
f 375//16321 1974//16322 384//16323
f 384//16324 1974//16325 1983//16326
f 384//16327 1983//16328 385//16329
f 385//16330 1983//16331 1982//16332
f 385//16333 1982//16334 386//16335
f 386//16336 1982//16337 1981//16338
f 386//16339 1981//16340 382//16341
f 382//16342 1981//16343 1967//16344
f 382//16345 1967//16346 383//16347
f 383//16348 1967//16349 1966//16350
f 383//16351 1966//16352 387//16353
f 387//16354 1966//16355 1965//16356
f 387//16357 1965//16358 388//16359
f 388//16360 1965//16361 1964//16362
f 388//16363 1964//16364 389//16365
f 389//16366 1964//16367 1963//16368
f 389//16369 1963//16370 393//16371
f 393//16372 1963//16373 1961//16374
f 393//16375 1961//16376 394//16377
f 394//16378 1961//16379 1960//16380
f 394//16381 1960//16382 399//16383
f 399//16384 1960//16385 2000//16386
f 399//16387 2000//16388 398//16389
f 398//16390 2000//16391 1998//16392
f 101//16393 1945//16394 102//16395
f 102//16396 1945//16397 1944//16398
f 102//16399 1944//16400 90//16401
f 90//16402 1944//16403 1943//16404
f 90//16405 1943//16406 91//16407
f 91//16408 1943//16409 1942//16410
f 91//16411 1942//16412 103//16413
f 103//16414 1942//16415 1941//16416
f 103//16417 1941//16418 104//16419
f 104//16420 1941//16421 1940//16422
f 104//16423 1940//16424 92//16425
f 92//16426 1940//16427 1939//16428
f 92//16429 1939//16430 93//16431
f 93//16432 1939//16433 1937//16434
f 93//16435 1937//16436 94//16437
f 94//16438 1937//16439 1936//16440
f 94//16441 1936//16442 95//16443
f 95//16444 1936//16445 1935//16446
f 95//16447 1935//16448 96//16449
f 96//16450 1935//16451 1934//16452
f 96//16453 1934//16454 98//16455
f 98//16456 1934//16457 1933//16458
f 98//16459 1933//16460 99//16461
f 99//16462 1933//16463 1932//16464
f 99//16465 1932//16466 105//16467
f 105//16468 1932//16469 1931//16470
f 105//16471 1931//16472 106//16473
f 106//16474 1931//16475 1930//16476
f 106//16477 1930//16478 107//16479
f 107//16480 1930//16481 1922//16482
f 107//16483 1922//16484 108//16485
f 108//16486 1922//16487 1921//16488
f 108//16489 1921//16490 109//16491
f 109//16492 1921//16493 1929//16494
f 109//16495 1929//16496 110//16497
f 110//16498 1929//16499 1928//16500
f 110//16501 1928//16502 84//16503
f 84//16504 1928//16505 1927//16506
f 84//16507 1927//16508 85//16509
f 85//16510 1927//16511 1917//16512
f 85//16513 1917//16514 87//16515
f 87//16516 1917//16517 1916//16518
f 87//16519 1916//16520 114//16521
f 114//16522 1916//16523 1919//16524
f 114//16525 1919//16526 115//16527
f 115//16528 1919//16529 1959//16530
f 115//16531 1959//16532 116//16533
f 116//16534 1959//16535 1958//16536
f 116//16537 1958//16538 111//16539
f 111//16540 1958//16541 1957//16542
f 111//16543 1957//16544 112//16545
f 112//16546 1957//16547 1947//16548
f 112//16549 1947//16550 117//16551
f 117//16552 1947//16553 1946//16554
f 117//16555 1946//16556 118//16557
f 118//16558 1946//16559 1956//16560
f 118//16561 1956//16562 120//16563
f 120//16564 1956//16565 1955//16566
f 120//16567 1955//16568 121//16569
f 121//16570 1955//16571 1954//16572
f 121//16573 1954//16574 122//16575
f 122//16576 1954//16577 1953//16578
f 122//16579 1953//16580 123//16581
f 123//16582 1953//16583 1952//16584
f 123//16585 1952//16586 124//16587
f 124//16588 1952//16589 1950//16590
f 124//16591 1950//16592 88//16593
f 88//16594 1950//16595 1949//16596
f 88//16597 1949//16598 81//16599
f 81//16600 1949//16601 1926//16602
f 81//16603 1926//16604 82//16605
f 82//16606 1926//16607 1924//16608
f 82//16609 1924//16610 100//16611
f 100//16612 1924//16613 1923//16614
f 100//16615 1923//16616 101//16617
f 101//16618 1923//16619 1945//16620
f 405//16621 1885//16622 407//16623
f 407//16624 1885//16625 1887//16626
f 407//16627 1887//16628 408//16629
f 408//16630 1887//16631 1888//16632
f 408//16633 1888//16634 417//16635
f 417//16636 1888//16637 1889//16638
f 417//16639 1889//16640 418//16641
f 418//16642 1889//16643 1895//16644
f 418//16645 1895//16646 419//16647
f 419//16648 1895//16649 1894//16650
f 419//16651 1894//16652 422//16653
f 422//16654 1894//16655 1883//16656
f 422//16657 1883//16658 423//16659
f 423//16660 1883//16661 1882//16662
f 423//16663 1882//16664 424//16665
f 424//16666 1882//16667 1893//16668
f 424//16669 1893//16670 425//16671
f 425//16672 1893//16673 1901//16674
f 425//16675 1901//16676 426//16677
f 426//16678 1901//16679 1900//16680
f 426//16681 1900//16682 427//16683
f 427//16684 1900//16685 1899//16686
f 427//16687 1899//16688 420//16689
f 420//16690 1899//16691 1898//16692
f 420//16693 1898//16694 421//16695
f 421//16696 1898//16697 1897//16698
f 421//16699 1897//16700 428//16701
f 428//16702 1897//16703 1896//16704
f 428//16705 1896//16706 429//16707
f 429//16708 1896//16709 1881//16710
f 429//16711 1881//16712 413//16713
f 413//16714 1881//16715 1880//16716
f 413//16717 1880//16718 411//16719
f 411//16720 1880//16721 1879//16722
f 411//16723 1879//16724 409//16725
f 409//16726 1879//16727 1876//16728
f 409//16729 1876//16730 414//16731
f 414//16732 1876//16733 1878//16734
f 414//16735 1878//16736 415//16737
f 415//16738 1878//16739 1877//16740
f 415//16741 1877//16742 416//16743
f 416//16744 1877//16745 1873//16746
f 416//16747 1873//16748 433//16749
f 433//16750 1873//16751 1872//16752
f 433//16753 1872//16754 434//16755
f 434//16756 1872//16757 1915//16758
f 434//16759 1915//16760 436//16761
f 436//16762 1915//16763 1914//16764
f 436//16765 1914//16766 437//16767
f 437//16768 1914//16769 1913//16770
f 437//16771 1913//16772 441//16773
f 441//16774 1913//16775 1903//16776
f 441//16777 1903//16778 442//16779
f 442//16780 1903//16781 1902//16782
f 442//16783 1902//16784 443//16785
f 443//16786 1902//16787 1912//16788
f 443//16789 1912//16790 430//16791
f 430//16792 1912//16793 1911//16794
f 430//16795 1911//16796 431//16797
f 431//16798 1911//16799 1910//16800
f 431//16801 1910//16802 438//16803
f 438//16804 1910//16805 1909//16806
f 438//16807 1909//16808 439//16809
f 439//16810 1909//16811 1908//16812
f 439//16813 1908//16814 440//16815
f 440//16816 1908//16817 1906//16818
f 440//16819 1906//16820 400//16821
f 400//16822 1906//16823 1905//16824
f 400//16825 1905//16826 401//16827
f 401//16828 1905//16829 1892//16830
f 401//16831 1892//16832 403//16833
f 403//16834 1892//16835 1891//16836
f 403//16837 1891//16838 404//16839
f 404//16840 1891//16841 1890//16842
f 404//16843 1890//16844 405//16845
f 405//16846 1890//16847 1885//16848
f 625//16849 3191//16850 626//16851
f 626//16852 3191//16853 3190//16854
f 626//16855 3190//16856 641//16857
f 641//16858 3190//16859 3189//16860
f 641//16861 3189//16862 642//16863
f 642//16864 3189//16865 3210//16866
f 642//16867 3210//16868 643//16869
f 643//16870 3210//16871 3209//16872
f 643//16873 3209//16874 647//16875
f 647//16876 3209//16877 3208//16878
f 647//16879 3208//16880 648//16881
f 648//16882 3208//16883 3186//16884
f 648//16885 3186//16886 628//16887
f 628//16888 3186//16889 3185//16890
f 628//16891 3185//16892 629//16893
f 629//16894 3185//16895 3183//16896
f 629//16897 3183//16898 630//16899
f 630//16900 3183//16901 3182//16902
f 630//16903 3182//16904 631//16905
f 631//16906 3182//16907 3188//16908
f 631//16909 3188//16910 644//16911
f 644//16912 3188//16913 3187//16914
f 644//16915 3187//16916 645//16917
f 645//16918 3187//16919 3207//16920
f 645//16921 3207//16922 646//16923
f 646//16924 3207//16925 3206//16926
f 646//16927 3206//16928 649//16929
f 649//16930 3206//16931 3201//16932
f 649//16933 3201//16934 650//16935
f 650//16936 3201//16937 3200//16938
f 650//16939 3200//16940 638//16941
f 638//16942 3200//16943 3199//16944
f 638//16945 3199//16946 4//16947
f 4//16948 3199//16949 3181//16950
f 4//16951 3181//16952 5//16953
f 5//16954 3181//16955 3178//16956
f 5//16957 3178//16958 615//16959
f 615//16960 3178//16961 3179//16962
f 615//16963 3179//16964 616//16965
f 616//16966 3179//16967 3180//16968
f 616//16969 3180//16970 617//16971
f 617//16972 3180//16973 3205//16974
f 617//16975 3205//16976 632//16977
f 632//16978 3205//16979 3204//16980
f 632//16981 3204//16982 633//16983
f 633//16984 3204//16985 3198//16986
f 633//16987 3198//16988 634//16989
f 634//16990 3198//16991 3197//16992
f 634//16993 3197//16994 618//16995
f 618//16996 3197//16997 3196//16998
f 618//16999 3196//17000 619//17001
f 619//17002 3196//17003 3177//17004
f 619//17005 3177//17006 621//17007
f 621//17008 3177//17009 3176//17010
f 621//17011 3176//17012 622//17013
f 622//17014 3176//17015 3175//17016
f 622//17017 3175//17018 635//17019
f 635//17020 3175//17021 3174//17022
f 635//17023 3174//17024 636//17025
f 636//17026 3174//17027 3203//17028
f 636//17029 3203//17030 637//17031
f 637//17032 3203//17033 3202//17034
f 637//17035 3202//17036 639//17037
f 639//17038 3202//17039 3195//17040
f 639//17041 3195//17042 640//17043
f 640//17044 3195//17045 3194//17046
f 640//17047 3194//17048 623//17049
f 623//17050 3194//17051 3193//17052
f 623//17053 3193//17054 624//17055
f 624//17056 3193//17057 3192//17058
f 624//17059 3192//17060 625//17061
f 625//17062 3192//17063 3191//17064
f 799//17065 2959//17066 800//17067
f 800//17068 2959//17069 2958//17070
f 800//17071 2958//17072 822//17073
f 822//17074 2958//17075 2957//17076
f 822//17077 2957//17078 823//17079
f 823//17080 2957//17081 2982//17082
f 823//17083 2982//17084 824//17085
f 824//17086 2982//17087 2981//17088
f 824//17089 2981//17090 828//17091
f 828//17092 2981//17093 2973//17094
f 828//17095 2973//17096 829//17097
f 829//17098 2973//17099 2972//17100
f 829//17101 2972//17102 805//17103
f 805//17104 2972//17105 2971//17106
f 805//17107 2971//17108 804//17109
f 804//17110 2971//17111 2942//17112
f 804//17113 2942//17114 803//17115
f 803//17116 2942//17117 2940//17118
f 803//17119 2940//17120 806//17121
f 806//17122 2940//17123 2939//17124
f 806//17125 2939//17126 825//17127
f 825//17128 2939//17129 2980//17130
f 825//17131 2980//17132 826//17133
f 826//17134 2980//17135 2979//17136
f 826//17137 2979//17138 827//17139
f 827//17140 2979//17141 2978//17142
f 827//17143 2978//17144 830//17145
f 830//17146 2978//17147 2970//17148
f 830//17149 2970//17150 831//17151
f 831//17152 2970//17153 2969//17154
f 831//17155 2969//17156 811//17157
f 811//17158 2969//17159 2968//17160
f 811//17161 2968//17162 812//17163
f 812//17164 2968//17165 2938//17166
f 812//17167 2938//17168 813//17169
f 813//17170 2938//17171 2937//17172
f 813//17173 2937//17174 789//17175
f 789//17176 2937//17177 2961//17178
f 789//17179 2961//17180 791//17181
f 791//17182 2961//17183 2960//17184
f 791//17185 2960//17186 792//17187
f 792//17188 2960//17189 2977//17190
f 792//17191 2977//17192 814//17193
f 814//17194 2977//17195 2976//17196
f 814//17197 2976//17198 815//17199
f 815//17200 2976//17201 2967//17202
f 815//17203 2967//17204 816//17205
f 816//17206 2967//17207 2966//17208
f 816//17209 2966//17210 793//17211
f 793//17212 2966//17213 2965//17214
f 793//17215 2965//17216 794//17217
f 794//17218 2965//17219 2948//17220
f 794//17221 2948//17222 796//17223
f 796//17224 2948//17225 2947//17226
f 796//17227 2947//17228 797//17229
f 797//17230 2947//17231 2946//17232
f 797//17233 2946//17234 817//17235
f 817//17236 2946//17237 2945//17238
f 817//17239 2945//17240 818//17241
f 818//17242 2945//17243 2975//17244
f 818//17245 2975//17246 819//17247
f 819//17248 2975//17249 2974//17250
f 819//17251 2974//17252 820//17253
f 820//17254 2974//17255 2964//17256
f 820//17257 2964//17258 821//17259
f 821//17260 2964//17261 2963//17262
f 821//17263 2963//17264 801//17265
f 801//17266 2963//17267 2962//17268
f 801//17269 2962//17270 802//17271
f 802//17272 2962//17273 2944//17274
f 802//17275 2944//17276 799//17277
f 799//17278 2944//17279 2959//17280
f 1067//17281 2696//17282 1045//17283
f 1045//17284 2696//17285 2695//17286
f 1045//17287 2695//17288 1046//17289
f 1046//17290 2695//17291 2691//17292
f 1046//17293 2691//17294 1068//17295
f 1068//17296 2691//17297 2693//17298
f 1068//17299 2693//17300 1069//17301
f 1069//17302 2693//17303 2694//17304
f 1069//17305 2694//17306 1070//17307
f 1070//17308 2694//17309 2713//17310
f 1070//17311 2713//17312 1082//17313
f 1082//17314 2713//17315 2712//17316
f 1082//17317 2712//17318 1083//17319
f 1083//17320 2712//17321 2711//17322
f 1083//17323 2711//17324 1075//17325
f 1075//17326 2711//17327 2710//17328
f 1075//17329 2710//17330 1084//17331
f 1084//17332 2710//17333 2709//17334
f 1084//17335 2709//17336 1085//17337
f 1085//17338 2709//17339 2708//17340
f 1085//17341 2708//17342 1086//17343
f 1086//17344 2708//17345 2707//17346
f 1086//17347 2707//17348 1087//17349
f 1087//17350 2707//17351 2706//17352
f 1087//17353 2706//17354 1088//17355
f 1088//17356 2706//17357 2690//17358
f 1088//17359 2690//17360 1060//17361
f 1060//17362 2690//17363 2689//17364
f 1060//17365 2689//17366 1061//17367
f 1061//17368 2689//17369 2688//17370
f 1061//17371 2688//17372 1062//17373
f 1062//17374 2688//17375 2677//17376
f 1062//17377 2677//17378 1048//17379
f 1048//17380 2677//17381 2676//17382
f 1048//17383 2676//17384 1049//17385
f 1049//17386 2676//17387 2687//17388
f 1049//17389 2687//17390 1051//17391
f 1051//17392 2687//17393 2686//17394
f 1051//17395 2686//17396 1053//17397
f 1053//17398 2686//17399 2685//17400
f 1053//17401 2685//17402 1076//17403
f 1076//17404 2685//17405 2684//17406
f 1076//17407 2684//17408 1077//17409
f 1077//17410 2684//17411 2705//17412
f 1077//17413 2705//17414 1078//17415
f 1078//17416 2705//17417 2704//17418
f 1078//17419 2704//17420 1079//17421
f 1079//17422 2704//17423 2700//17424
f 1079//17425 2700//17426 1080//17427
f 1080//17428 2700//17429 2699//17430
f 1080//17431 2699//17432 1081//17433
f 1081//17434 2699//17435 2698//17436
f 1081//17437 2698//17438 1054//17439
f 1054//17440 2698//17441 2703//17442
f 1054//17443 2703//17444 1055//17445
f 1055//17446 2703//17447 2702//17448
f 1055//17449 2702//17450 1063//17451
f 1063//17452 2702//17453 2701//17454
f 1063//17455 2701//17456 1064//17457
f 1064//17458 2701//17459 2683//17460
f 1064//17461 2683//17462 1057//17463
f 1057//17464 2683//17465 2682//17466
f 1057//17467 2682//17468 1058//17469
f 1058//17470 2682//17471 2681//17472
f 1058//17473 2681//17474 1059//17475
f 1059//17476 2681//17477 2680//17478
f 1059//17479 2680//17480 1065//17481
f 1065//17482 2680//17483 2679//17484
f 1065//17485 2679//17486 1066//17487
f 1066//17488 2679//17489 2697//17490
f 1066//17491 2697//17492 1067//17493
f 1067//17494 2697//17495 2696//17496
f 1112//17497 2630//17498 1115//17499
f 1115//17500 2630//17501 2645//17502
f 1115//17503 2645//17504 1116//17505
f 1116//17506 2645//17507 2644//17508
f 1116//17509 2644//17510 1117//17511
f 1117//17512 2644//17513 2643//17514
f 1117//17515 2643//17516 1121//17517
f 1121//17518 2643//17519 2641//17520
f 1121//17521 2641//17522 1122//17523
f 1122//17524 2641//17525 2640//17526
f 1122//17527 2640//17528 1123//17529
f 1123//17530 2640//17531 2649//17532
f 1123//17533 2649//17534 1133//17535
f 1133//17536 2649//17537 2648//17538
f 1133//17539 2648//17540 1134//17541
f 1134//17542 2648//17543 2647//17544
f 1134//17545 2647//17546 1135//17547
f 1135//17548 2647//17549 2646//17550
f 1135//17551 2646//17552 1127//17553
f 1127//17554 2646//17555 2661//17556
f 1127//17557 2661//17558 1128//17559
f 1128//17560 2661//17561 2660//17562
f 1128//17563 2660//17564 1129//17565
f 1129//17566 2660//17567 2659//17568
f 1129//17569 2659//17570 1100//17571
f 1100//17572 2659//17573 2639//17574
f 1100//17575 2639//17576 1101//17577
f 1101//17578 2639//17579 2638//17580
f 1101//17581 2638//17582 1102//17583
f 1102//17584 2638//17585 2637//17586
f 1102//17587 2637//17588 1103//17589
f 1103//17590 2637//17591 2625//17592
f 1103//17593 2625//17594 1104//17595
f 1104//17596 2625//17597 2624//17598
f 1104//17599 2624//17600 1105//17601
f 1105//17602 2624//17603 2636//17604
f 1105//17605 2636//17606 1107//17607
f 1107//17608 2636//17609 2635//17610
f 1107//17611 2635//17612 1108//17613
f 1108//17614 2635//17615 2634//17616
f 1108//17617 2634//17618 1118//17619
f 1118//17620 2634//17621 2629//17622
f 1118//17623 2629//17624 1119//17625
f 1119//17626 2629//17627 2628//17628
f 1119//17629 2628//17630 1120//17631
f 1120//17632 2628//17633 2627//17634
f 1120//17635 2627//17636 1124//17637
f 1124//17638 2627//17639 2652//17640
f 1124//17641 2652//17642 1125//17643
f 1125//17644 2652//17645 2651//17646
f 1125//17647 2651//17648 1126//17649
f 1126//17650 2651//17651 2650//17652
f 1126//17653 2650//17654 1130//17655
f 1130//17656 2650//17657 2658//17658
f 1130//17659 2658//17660 1131//17661
f 1131//17662 2658//17663 2657//17664
f 1131//17665 2657//17666 1132//17667
f 1132//17668 2657//17669 2656//17670
f 1132//17671 2656//17672 1136//17673
f 1136//17674 2656//17675 2655//17676
f 1136//17677 2655//17678 1137//17679
f 1137//17680 2655//17681 2654//17682
f 1137//17683 2654//17684 1110//17685
f 1110//17686 2654//17687 2653//17688
f 1110//17689 2653//17690 1111//17691
f 1111//17692 2653//17693 2633//17694
f 1111//17695 2633//17696 1114//17697
f 1114//17698 2633//17699 2632//17700
f 1114//17701 2632//17702 1113//17703
f 1113//17704 2632//17705 2631//17706
f 1113//17707 2631//17708 1112//17709
f 1112//17710 2631//17711 2630//17712
f 62//17713 1856//17714 64//17715
f 64//17716 1856//17717 1855//17718
f 64//17719 1855//17720 65//17721
f 65//17722 1855//17723 1854//17724
f 65//17725 1854//17726 69//17727
f 69//17728 1854//17729 1840//17730
f 69//17731 1840//17732 70//17733
f 70//17734 1840//17735 1839//17736
f 70//17737 1839//17738 71//17739
f 71//17740 1839//17741 1865//17742
f 71//17743 1865//17744 66//17745
f 66//17746 1865//17747 1866//17748
f 66//17749 1866//17750 67//17751
f 67//17752 1866//17753 1868//17754
f 67//17755 1868//17756 75//17757
f 75//17758 1868//17759 1867//17760
f 75//17761 1867//17762 76//17763
f 76//17764 1867//17765 1864//17766
f 76//17767 1864//17768 77//17769
f 77//17770 1864//17771 1863//17772
f 77//17773 1863//17774 78//17775
f 78//17776 1863//17777 1871//17778
f 78//17779 1871//17780 79//17781
f 79//17782 1871//17783 1870//17784
f 79//17785 1870//17786 80//17787
f 80//17788 1870//17789 1869//17790
f 80//17791 1869//17792 74//17793
f 74//17794 1869//17795 1862//17796
f 74//17797 1862//17798 72//17799
f 72//17800 1862//17801 1861//17802
f 72//17803 1861//17804 40//17805
f 40//17806 1861//17807 1838//17808
f 40//17809 1838//17810 39//17811
f 39//17812 1838//17813 1837//17814
f 39//17815 1837//17816 37//17817
f 37//17818 1837//17819 1836//17820
f 37//17821 1836//17822 55//17823
f 55//17824 1836//17825 1835//17826
f 55//17827 1835//17828 56//17829
f 56//17830 1835//17831 1834//17832
f 56//17833 1834//17834 57//17835
f 57//17836 1834//17837 1853//17838
f 57//17839 1853//17840 48//17841
f 48//17842 1853//17843 1852//17844
f 48//17845 1852//17846 47//17847
f 47//17848 1852//17849 1851//17850
f 47//17851 1851//17852 45//17853
f 45//17854 1851//17855 1831//17856
f 45//17857 1831//17858 49//17859
f 49//17860 1831//17861 1830//17862
f 49//17863 1830//17864 50//17865
f 50//17866 1830//17867 1850//17868
f 50//17869 1850//17870 51//17871
f 51//17872 1850//17873 1849//17874
f 51//17875 1849//17876 41//17877
f 41//17878 1849//17879 1848//17880
f 41//17881 1848//17882 42//17883
f 42//17884 1848//17885 1847//17886
f 42//17887 1847//17888 44//17889
f 44//17890 1847//17891 1846//17892
f 44//17893 1846//17894 52//17895
f 52//17896 1846//17897 1845//17898
f 52//17899 1845//17900 53//17901
f 53//17902 1845//17903 1841//17904
f 53//17905 1841//17906 54//17907
f 54//17908 1841//17909 1843//17910
f 54//17911 1843//17912 58//17913
f 58//17914 1843//17915 1844//17916
f 58//17917 1844//17918 59//17919
f 59//17920 1844//17921 1859//17922
f 59//17923 1859//17924 60//17925
f 60//17926 1859//17927 1858//17928
f 60//17929 1858//17930 61//17931
f 61//17932 1858//17933 1857//17934
f 61//17935 1857//17936 62//17937
f 62//17938 1857//17939 1856//17940
f 470//17941 1828//17942 471//17943
f 471//17944 1828//17945 1827//17946
f 471//17947 1827//17948 472//17949
f 472//17950 1827//17951 1811//17952
f 472//17953 1811//17954 476//17955
f 476//17956 1811//17957 1810//17958
f 476//17959 1810//17960 477//17961
f 477//17962 1810//17963 1823//17964
f 477//17965 1823//17966 479//17967
f 479//17968 1823//17969 1822//17970
f 479//17971 1822//17972 480//17973
f 480//17974 1822//17975 1821//17976
f 480//17977 1821//17978 473//17979
f 473//17980 1821//17981 1773//17982
f 473//17983 1773//17984 474//17985
f 474//17986 1773//17987 1772//17988
f 474//17989 1772//17990 481//17991
f 481//17992 1772//17993 1771//17994
f 481//17995 1771//17996 482//17997
f 482//17998 1771//17999 1770//18000
f 482//18001 1770//18002 483//18003
f 483//18004 1770//18005 1769//18006
f 483//18007 1769//18008 12//18009
f 12//18010 1769//18011 1775//18012
f 12//18013 1775//18014 487//18015
f 487//18016 1775//18017 1777//18018
f 487//18019 1777//18020 486//18021
f 486//18022 1777//18023 1778//18024
f 486//18025 1778//18026 484//18027
f 484//18028 1778//18029 1809//18030
f 484//18031 1809//18032 450//18033
f 450//18034 1809//18035 1808//18036
f 450//18037 1808//18038 449//18039
f 449//18040 1808//18041 1807//18042
f 449//18043 1807//18044 447//18045
f 447//18046 1807//18047 1804//18048
f 447//18049 1804//18050 464//18051
f 464//18052 1804//18053 1803//18054
f 464//18055 1803//18056 465//18057
f 465//18058 1803//18059 1826//18060
f 465//18061 1826//18062 466//18063
f 466//18064 1826//18065 1825//18066
f 466//18067 1825//18068 444//18069
f 444//18070 1825//18071 1824//18072
f 444//18073 1824//18074 445//18075
f 445//18076 1824//18077 1798//18078
f 445//18079 1798//18080 451//18081
f 451//18082 1798//18083 1797//18084
f 451//18085 1797//18086 452//18087
f 452//18088 1797//18089 1820//18090
f 452//18091 1820//18092 453//18093
f 453//18094 1820//18095 1819//18096
f 453//18097 1819//18098 454//18099
f 454//18100 1819//18101 1818//18102
f 454//18103 1818//18104 455//18105
f 455//18106 1818//18107 1817//18108
f 455//18109 1817//18110 456//18111
f 456//18112 1817//18113 1816//18114
f 456//18115 1816//18116 457//18117
f 457//18118 1816//18119 1806//18120
f 457//18121 1806//18122 458//18123
f 458//18124 1806//18125 1805//18126
f 458//18127 1805//18128 460//18129
f 460//18130 1805//18131 1815//18132
f 460//18133 1815//18134 461//18135
f 461//18136 1815//18137 1814//18138
f 461//18139 1814//18140 462//18141
f 462//18142 1814//18143 1801//18144
f 462//18145 1801//18146 467//18147
f 467//18148 1801//18149 1800//18150
f 467//18151 1800//18152 468//18153
f 468//18154 1800//18155 1813//18156
f 468//18157 1813//18158 469//18159
f 469//18160 1813//18161 1829//18162
f 469//18163 1829//18164 470//18165
f 470//18166 1829//18167 1828//18168
f 935//18169 2912//18170 936//18171
f 936//18172 2912//18173 2911//18174
f 936//18175 2911//18176 937//18177
f 937//18178 2911//18179 2910//18180
f 937//18181 2910//18182 921//18183
f 921//18184 2910//18185 2909//18186
f 921//18187 2909//18188 922//18189
f 922//18190 2909//18191 2903//18192
f 922//18193 2903//18194 934//18195
f 934//18196 2903//18197 2902//18198
f 934//18199 2902//18200 926//18201
f 926//18202 2902//18203 2908//18204
f 926//18205 2908//18206 927//18207
f 927//18208 2908//18209 2907//18210
f 927//18211 2907//18212 928//18213
f 928//18214 2907//18215 2906//18216
f 928//18217 2906//18218 908//18219
f 908//18220 2906//18221 2901//18222
f 908//18223 2901//18224 907//18225
f 907//18226 2901//18227 2900//18228
f 907//18229 2900//18230 906//18231
f 906//18232 2900//18233 2932//18234
f 906//18235 2932//18236 929//18237
f 929//18238 2932//18239 2931//18240
f 929//18241 2931//18242 930//18243
f 930//18244 2931//18245 2930//18246
f 930//18247 2930//18248 909//18249
f 909//18250 2930//18251 2929//18252
f 909//18253 2929//18254 902//18255
f 902//18256 2929//18257 2928//18258
f 902//18259 2928//18260 903//18261
f 903//18262 2928//18263 2935//18264
f 903//18265 2935//18266 910//18267
f 910//18268 2935//18269 2934//18270
f 910//18271 2934//18272 904//18273
f 904//18274 2934//18275 2933//18276
f 904//18277 2933//18278 905//18279
f 905//18280 2933//18281 2927//18282
f 905//18283 2927//18284 911//18285
f 911//18286 2927//18287 2926//18288
f 911//18289 2926//18290 912//18291
f 912//18292 2926//18293 2925//18294
f 912//18295 2925//18296 913//18297
f 913//18298 2925//18299 2922//18300
f 913//18301 2922//18302 914//18303
f 914//18304 2922//18305 2921//18306
f 914//18307 2921//18308 915//18309
f 915//18310 2921//18311 2920//18312
f 915//18313 2920//18314 916//18315
f 916//18316 2920//18317 2919//18318
f 916//18319 2919//18320 931//18321
f 931//18322 2919//18323 2918//18324
f 931//18325 2918//18326 932//18327
f 932//18328 2918//18329 2917//18330
f 932//18331 2917//18332 933//18333
f 933//18334 2917//18335 2916//18336
f 933//18337 2916//18338 917//18339
f 917//18340 2916//18341 2915//18342
f 917//18343 2915//18344 918//18345
f 918//18346 2915//18347 2914//18348
f 918//18349 2914//18350 919//18351
f 919//18352 2914//18353 2913//18354
f 919//18355 2913//18356 920//18357
f 920//18358 2913//18359 2905//18360
f 920//18361 2905//18362 923//18363
f 923//18364 2905//18365 2904//18366
f 923//18367 2904//18368 924//18369
f 924//18370 2904//18371 2924//18372
f 924//18373 2924//18374 925//18375
f 925//18376 2924//18377 2923//18378
f 925//18379 2923//18380 935//18381
f 935//18382 2923//18383 2912//18384
f 490//18385 1781//18386 489//18387
f 489//18388 1781//18389 1780//18390
f 489//18391 1780//18392 488//18393
f 488//18394 1780//18395 1779//18396
f 488//18397 1779//18398 512//18399
f 512//18400 1779//18401 1693//18402
f 512//18403 1693//18404 513//18405
f 513//18406 1693//18407 1692//18408
f 513//18409 1692//18410 514//18411
f 514//18412 1692//18413 1796//18414
f 514//18415 1796//18416 507//18417
f 507//18418 1796//18419 1795//18420
f 507//18421 1795//18422 508//18423
f 508//18424 1795//18425 1794//18426
f 508//18427 1794//18428 509//18429
f 509//18430 1794//18431 1793//18432
f 509//18433 1793//18434 510//18435
f 510//18436 1793//18437 1792//18438
f 510//18439 1792//18440 511//18441
f 511//18442 1792//18443 1791//18444
f 511//18445 1791//18446 500//18447
f 500//18448 1791//18449 1790//18450
f 500//18451 1790//18452 501//18453
f 501//18454 1790//18455 1789//18456
f 501//18457 1789//18458 503//18459
f 503//18460 1789//18461 1788//18462
f 503//18463 1788//18464 504//18465
f 504//18466 1788//18467 1787//18468
f 504//18469 1787//18470 505//18471
f 505//18472 1787//18473 1786//18474
f 505//18475 1786//18476 493//18477
f 493//18478 1786//18479 1784//18480
f 493//18481 1784//18482 494//18483
f 494//18484 1784//18485 1783//18486
f 494//18487 1783//18488 495//18489
f 495//18490 1783//18491 1748//18492
f 495//18493 1748//18494 496//18495
f 496//18496 1748//18497 1747//18498
f 496//18499 1747//18500 497//18501
f 497//18502 1747//18503 1752//18504
f 497//18505 1752//18506 498//18507
f 498//18508 1752//18509 1751//18510
f 498//18511 1751//18512 499//18513
f 499//18514 1751//18515 1750//18516
f 499//18517 1750//18518 491//18519
f 491//18520 1750//18521 1746//18522
f 491//18523 1746//18524 492//18525
f 492//18526 1746//18527 1745//18528
f 492//18529 1745//18530 518//18531
f 518//18532 1745//18533 1743//18534
f 518//18535 1743//18536 519//18537
f 519//18538 1743//18539 1742//18540
f 519//18541 1742//18542 521//18543
f 521//18544 1742//18545 1763//18546
f 521//18547 1763//18548 525//18549
f 525//18550 1763//18551 1762//18552
f 525//18553 1762//18554 526//18555
f 526//18556 1762//18557 1761//18558
f 526//18559 1761//18560 527//18561
f 527//18562 1761//18563 1754//18564
f 527//18565 1754//18566 528//18567
f 528//18568 1754//18569 1753//18570
f 528//18571 1753//18572 529//18573
f 529//18574 1753//18575 1760//18576
f 529//18577 1760//18578 530//18579
f 530//18580 1760//18581 1759//18582
f 530//18583 1759//18584 522//18585
f 522//18586 1759//18587 1757//18588
f 522//18589 1757//18590 523//18591
f 523//18592 1757//18593 1756//18594
f 523//18595 1756//18596 515//18597
f 515//18598 1756//18599 1768//18600
f 515//18601 1768//18602 516//18603
f 516//18604 1768//18605 1767//18606
f 516//18607 1767//18608 517//18609
f 517//18610 1767//18611 1766//18612
f 517//18613 1766//18614 485//18615
f 485//18616 1766//18617 1765//18618
f 485//18619 1765//18620 10//18621
f 10//18622 1765//18623 1776//18624
f 10//18625 1776//18626 11//18627
f 11//18628 1776//18629 1782//18630
f 11//18631 1782//18632 490//18633
f 490//18634 1782//18635 1781//18636
f 1421//18637 2465//18638 1422//18639
f 1422//18640 2465//18641 2464//18642
f 1422//18643 2464//18644 1423//18645
f 1423//18646 2464//18647 2463//18648
f 1423//18649 2463//18650 1424//18651
f 1424//18652 2463//18653 2462//18654
f 1424//18655 2462//18656 1425//18657
f 1425//18658 2462//18659 2461//18660
f 1425//18661 2461//18662 1426//18663
f 1426//18664 2461//18665 2454//18666
f 1426//18667 2454//18668 1427//18669
f 1427//18670 2454//18671 2453//18672
f 1427//18673 2453//18674 1415//18675
f 1415//18676 2453//18677 2451//18678
f 1415//18679 2451//18680 1416//18681
f 1416//18682 2451//18683 2450//18684
f 1416//18685 2450//18686 1391//18687
f 1391//18688 2450//18689 2432//18690
f 1391//18691 2432//18692 1392//18693
f 1392//18694 2432//18695 2431//18696
f 1392//18697 2431//18698 1406//18699
f 1406//18700 2431//18701 2430//18702
f 1406//18703 2430//18704 1407//18705
f 1407//18706 2430//18707 2429//18708
f 1407//18709 2429//18710 1408//18711
f 1408//18712 2429//18713 2428//18714
f 1408//18715 2428//18716 1409//18717
f 1409//18718 2428//18719 2449//18720
f 1409//18721 2449//18722 1410//18723
f 1410//18724 2449//18725 2448//18726
f 1410//18727 2448//18728 1411//18729
f 1411//18730 2448//18731 2447//18732
f 1411//18733 2447//18734 1412//18735
f 1412//18736 2447//18737 2460//18738
f 1412//18739 2460//18740 1413//18741
f 1413//18742 2460//18743 2459//18744
f 1413//18745 2459//18746 1414//18747
f 1414//18748 2459//18749 2458//18750
f 1414//18751 2458//18752 1388//18753
f 1388//18754 2458//18755 2457//18756
f 1388//18757 2457//18758 1389//18759
f 1389//18760 2457//18761 2456//18762
f 1389//18763 2456//18764 1390//18765
f 1390//18766 2456//18767 2455//18768
f 1390//18769 2455//18770 1393//18771
f 1393//18772 2455//18773 2446//18774
f 1393//18775 2446//18776 1394//18777
f 1394//18778 2446//18779 2445//18780
f 1394//18781 2445//18782 1395//18783
f 1395//18784 2445//18785 2444//18786
f 1395//18787 2444//18788 1396//18789
f 1396//18790 2444//18791 2443//18792
f 1396//18793 2443//18794 1397//18795
f 1397//18796 2443//18797 2441//18798
f 1397//18799 2441//18800 1399//18801
f 1399//18802 2441//18803 2440//18804
f 1399//18805 2440//18806 1400//18807
f 1400//18808 2440//18809 2439//18810
f 1400//18811 2439//18812 1401//18813
f 1401//18814 2439//18815 2438//18816
f 1401//18817 2438//18818 1402//18819
f 1402//18820 2438//18821 2437//18822
f 1402//18823 2437//18824 1403//18825
f 1403//18826 2437//18827 2436//18828
f 1403//18829 2436//18830 1404//18831
f 1404//18832 2436//18833 2435//18834
f 1404//18835 2435//18836 1405//18837
f 1405//18838 2435//18839 2434//18840
f 1405//18841 2434//18842 1420//18843
f 1420//18844 2434//18845 2466//18846
f 1420//18847 2466//18848 1421//18849
f 1421//18850 2466//18851 2465//18852
f 553//18853 1722//18854 551//18855
f 551//18856 1722//18857 1720//18858
f 551//18859 1720//18860 7//18861
f 7//18862 1720//18863 1719//18864
f 7//18865 1719//18866 8//18867
f 8//18868 1719//18869 1732//18870
f 8//18871 1732//18872 537//18873
f 537//18874 1732//18875 1731//18876
f 537//18877 1731//18878 538//18879
f 538//18880 1731//18881 1729//18882
f 538//18883 1729//18884 539//18885
f 539//18886 1729//18887 1728//18888
f 539//18889 1728//18890 548//18891
f 548//18892 1728//18893 1741//18894
f 548//18895 1741//18896 549//18897
f 549//18898 1741//18899 1740//18900
f 549//18901 1740//18902 550//18903
f 550//18904 1740//18905 1734//18906
f 550//18907 1734//18908 540//18909
f 540//18910 1734//18911 1733//18912
f 540//18913 1733//18914 541//18915
f 541//18916 1733//18917 1739//18918
f 541//18919 1739//18920 543//18921
f 543//18922 1739//18923 1738//18924
f 543//18925 1738//18926 544//18927
f 544//18928 1738//18929 1737//18930
f 544//18931 1737//18932 545//18933
f 545//18934 1737//18935 1736//18936
f 545//18937 1736//18938 546//18939
f 546//18940 1736//18941 1735//18942
f 546//18943 1735//18944 547//18945
f 547//18946 1735//18947 1727//18948
f 547//18949 1727//18950 531//18951
f 531//18952 1727//18953 1726//18954
f 531//18955 1726//18956 532//18957
f 532//18958 1726//18959 1701//18960
f 532//18961 1701//18962 534//18963
f 534//18964 1701//18965 1700//18966
f 534//18967 1700//18968 535//18969
f 535//18970 1700//18971 1698//18972
f 535//18973 1698//18974 567//18975
f 567//18976 1698//18977 1697//18978
f 567//18979 1697//18980 568//18981
f 568//18982 1697//18983 1695//18984
f 568//18985 1695//18986 569//18987
f 569//18988 1695//18989 1694//18990
f 569//18991 1694//18992 556//18993
f 556//18994 1694//18995 1714//18996
f 556//18997 1714//18998 557//18999
f 557//19000 1714//19001 1713//19002
f 557//19003 1713//19004 570//19005
f 570//19006 1713//19007 1712//19008
f 570//19009 1712//19010 571//19011
f 571//19012 1712//19013 1718//19014
f 571//19015 1718//19016 572//19017
f 572//19018 1718//19019 1717//19020
f 572//19021 1717//19022 573//19023
f 573//19024 1717//19025 1710//19026
f 573//19027 1710//19028 574//19029
f 574//19030 1710//19031 1709//19032
f 574//19033 1709//19034 575//19035
f 575//19036 1709//19037 1716//19038
f 575//19039 1716//19040 559//19041
f 559//19042 1716//19043 1715//19044
f 559//19045 1715//19046 560//19047
f 560//19048 1715//19049 1708//19050
f 560//19051 1708//19052 562//19053
f 562//19054 1708//19055 1707//19056
f 562//19057 1707//19058 563//19059
f 563//19060 1707//19061 1706//19062
f 563//19063 1706//19064 564//19065
f 564//19066 1706//19067 1705//19068
f 564//19069 1705//19070 565//19071
f 565//19072 1705//19073 1703//19074
f 565//19075 1703//19076 566//19077
f 566//19078 1703//19079 1702//19080
f 566//19081 1702//19082 555//19083
f 555//19084 1702//19085 1724//19086
f 555//19087 1724//19088 553//19089
f 553//19090 1724//19091 1722//19092
f 1386//19093 2395//19094 1387//19095
f 1387//19096 2395//19097 2394//19098
f 1387//19099 2394//19100 1374//19101
f 1374//19102 2394//19103 2393//19104
f 1374//19105 2393//19106 1375//19107
f 1375//19108 2393//19109 2392//19110
f 1375//19111 2392//19112 1376//19113
f 1376//19114 2392//19115 2391//19116
f 1376//19117 2391//19118 1355//19119
f 1355//19120 2391//19121 2390//19122
f 1355//19123 2390//19124 1356//19125
f 1356//19126 2390//19127 2389//19128
f 1356//19129 2389//19130 1357//19131
f 1357//19132 2389//19133 2388//19134
f 1357//19135 2388//19136 1358//19137
f 1358//19138 2388//19139 2407//19140
f 1358//19141 2407//19142 1359//19143
f 1359//19144 2407//19145 2406//19146
f 1359//19147 2406//19148 1360//19149
f 1360//19150 2406//19151 2405//19152
f 1360//19153 2405//19154 1348//19155
f 1348//19156 2405//19157 2404//19158
f 1348//19159 2404//19160 1349//19161
f 1349//19162 2404//19163 2403//19164
f 1349//19165 2403//19166 1361//19167
f 1361//19168 2403//19169 2402//19170
f 1361//19171 2402//19172 1362//19173
f 1362//19174 2402//19175 2417//19176
f 1362//19177 2417//19178 1363//19179
f 1363//19180 2417//19181 2416//19182
f 1363//19183 2416//19184 1364//19185
f 1364//19186 2416//19187 2415//19188
f 1364//19189 2415//19190 1365//19191
f 1365//19192 2415//19193 2414//19194
f 1365//19195 2414//19196 1366//19197
f 1366//19198 2414//19199 2423//19200
f 1366//19201 2423//19202 1350//19203
f 1350//19204 2423//19205 2422//19206
f 1350//19207 2422//19208 1351//19209
f 1351//19210 2422//19211 2421//19212
f 1351//19213 2421//19214 1353//19215
f 1353//19216 2421//19217 2420//19218
f 1353//19219 2420//19220 1354//19221
f 1354//19222 2420//19223 2419//19224
f 1354//19225 2419//19226 1367//19227
f 1367//19228 2419//19229 2418//19230
f 1367//19231 2418//19232 1368//19233
f 1368//19234 2418//19235 2401//19236
f 1368//19237 2401//19238 1369//19239
f 1369//19240 2401//19241 2400//19242
f 1369//19243 2400//19244 1370//19245
f 1370//19246 2400//19247 2413//19248
f 1370//19249 2413//19250 1371//19251
f 1371//19252 2413//19253 2412//19254
f 1371//19255 2412//19256 1373//19257
f 1373//19258 2412//19259 2411//19260
f 1373//19261 2411//19262 1379//19263
f 1379//19264 2411//19265 2410//19266
f 1379//19267 2410//19268 1380//19269
f 1380//19270 2410//19271 2409//19272
f 1380//19273 2409//19274 1381//19275
f 1381//19276 2409//19277 2408//19278
f 1381//19279 2408//19280 1382//19281
f 1382//19282 2408//19283 2399//19284
f 1382//19285 2399//19286 1383//19287
f 1383//19288 2399//19289 2398//19290
f 1383//19291 2398//19292 1384//19293
f 1384//19294 2398//19295 2397//19296
f 1384//19297 2397//19298 1385//19299
f 1385//19300 2397//19301 2396//19302
f 1385//19303 2396//19304 1386//19305
f 1386//19306 2396//19307 2395//19308
f 2320//19309 1503//19310 2311//19311
f 2311//19312 1503//19313 1502//19314
f 2311//19315 1502//19316 2312//19317
f 2312//19318 1502//19319 1501//19320
f 2312//19321 1501//19322 2313//19323
f 2313//19324 1501//19325 1500//19326
f 2313//19327 1500//19328 2290//19329
f 2290//19330 1500//19331 1499//19332
f 2290//19333 1499//19334 2291//19335
f 2291//19336 1499//19337 1498//19338
f 2291//19339 1498//19340 2292//19341
f 2292//19342 1498//19343 1497//19344
f 2292//19345 1497//19346 2293//19347
f 2293//19348 1497//19349 1496//19350
f 2293//19351 1496//19352 2294//19353
f 2294//19354 1496//19355 1494//19356
f 2294//19357 1494//19358 2298//19359
f 2298//19360 1494//19361 1493//19362
f 2298//19363 1493//19364 2299//19365
f 2299//19366 1493//19367 1486//19368
f 2299//19369 1486//19370 2300//19371
f 2300//19372 1486//19373 1485//19374
f 2300//19375 1485//19376 2301//19377
f 2301//19378 1485//19379 1484//19380
f 2301//19381 1484//19382 2302//19383
f 2302//19384 1484//19385 1483//19386
f 2302//19387 1483//19388 2303//19389
f 2303//19390 1483//19391 1539//19392
f 2303//19393 1539//19394 2314//19395
f 2314//19396 1539//19397 1538//19398
f 2314//19399 1538//19400 2315//19401
f 2315//19402 1538//19403 1535//19404
f 2315//19405 1535//19406 2316//19407
f 2316//19408 1535//19409 1534//19410
f 2316//19411 1534//19412 2287//19413
f 2287//19414 1534//19415 1530//19416
f 2287//19417 1530//19418 2288//19419
f 2288//19420 1530//19421 1529//19422
f 2288//19423 1529//19424 2295//19425
f 2295//19426 1529//19427 1537//19428
f 2295//19429 1537//19430 2296//19431
f 2296//19432 1537//19433 1536//19434
f 2296//19435 1536//19436 2297//19437
f 2297//19438 1536//19439 1533//19440
f 2297//19441 1533//19442 2304//19443
f 2304//19444 1533//19445 1532//19446
f 2304//19447 1532//19448 2305//19449
f 2305//19450 1532//19451 1531//19452
f 2305//19453 1531//19454 2306//19455
f 2306//19456 1531//19457 1528//19458
f 2306//19459 1528//19460 2307//19461
f 2307//19462 1528//19463 1527//19464
f 2307//19465 1527//19466 2308//19467
f 2308//19468 1527//19469 1526//19470
f 2308//19471 1526//19472 2309//19473
f 2309//19474 1526//19475 1492//19476
f 2309//19477 1492//19478 2310//19479
f 2310//19480 1492//19481 1525//19482
f 2310//19483 1525//19484 2317//19485
f 2317//19486 1525//19487 1524//19488
f 2317//19489 1524//19490 2318//19491
f 2318//19492 1524//19493 1506//19494
f 2318//19495 1506//19496 2319//19497
f 2319//19498 1506//19499 1505//19500
f 2319//19501 1505//19502 2322//19503
f 2322//19504 1505//19505 1504//19506
f 2322//19507 1504//19508 2323//19509
f 2323//19510 1504//19511 1489//19512
f 2323//19513 1489//19514 2321//19515
f 2321//19516 1489//19517 1488//19518
f 2321//19519 1488//19520 2320//19521
f 2320//19522 1488//19523 1503//19524
f 3170//19525 589//19526 3158//19527
f 3158//19528 589//19529 587//19530
f 3158//19531 587//19532 3159//19533
f 3159//19534 587//19535 586//19536
f 3159//19537 586//19538 3160//19539
f 3160//19540 586//19541 585//19542
f 3160//19543 585//19544 3142//19545
f 3142//19546 585//19547 584//19548
f 3142//19549 584//19550 3141//19551
f 3141//19552 584//19553 583//19554
f 3141//19555 583//19556 3139//19557
f 3139//19558 583//19559 577//19560
f 3139//19561 577//19562 3161//19563
f 3161//19564 577//19565 576//19566
f 3161//19567 576//19568 3162//19569
f 3162//19570 576//19571 596//19572
f 3162//19573 596//19574 3163//19575
f 3163//19576 596//19577 595//19578
f 3163//19579 595//19580 3146//19581
f 3146//19582 595//19583 594//19584
f 3146//19585 594//19586 3147//19587
f 3147//19588 594//19589 582//19590
f 3147//19591 582//19592 3149//19593
f 3149//19594 582//19595 580//19596
f 3149//19597 580//19598 3150//19599
f 3150//19600 580//19601 579//19602
f 3150//19603 579//19604 3164//19605
f 3164//19606 579//19607 614//19608
f 3164//19609 614//19610 3165//19611
f 3165//19612 614//19613 613//19614
f 3165//19615 613//19616 3166//19617
f 3166//19618 613//19619 610//19620
f 3166//19621 610//19622 3136//19623
f 3136//19624 610//19625 609//19626
f 3136//19627 609//19628 3137//19629
f 3137//19630 609//19631 605//19632
f 3137//19633 605//19634 3138//19635
f 3138//19636 605//19637 604//19638
f 3138//19639 604//19640 3143//19641
f 3143//19642 604//19643 612//19644
f 3143//19645 612//19646 3144//19647
f 3144//19648 612//19649 611//19650
f 3144//19651 611//19652 3145//19653
f 3145//19654 611//19655 608//19656
f 3145//19657 608//19658 3151//19659
f 3151//19660 608//19661 607//19662
f 3151//19663 607//19664 3152//19665
f 3152//19666 607//19667 606//19668
f 3152//19669 606//19670 3153//19671
f 3153//19672 606//19673 603//19674
f 3153//19675 603//19676 3154//19677
f 3154//19678 603//19679 602//19680
f 3154//19681 602//19682 3155//19683
f 3155//19684 602//19685 601//19686
f 3155//19687 601//19688 3156//19689
f 3156//19690 601//19691 600//19692
f 3156//19693 600//19694 3157//19695
f 3157//19696 600//19697 599//19698
f 3157//19699 599//19700 3167//19701
f 3167//19702 599//19703 598//19704
f 3167//19705 598//19706 3168//19707
f 3168//19708 598//19709 597//19710
f 3168//19711 597//19712 3169//19713
f 3169//19714 597//19715 593//19716
f 3169//19717 593//19718 3172//19719
f 3172//19720 593//19721 592//19722
f 3172//19723 592//19724 3173//19725
f 3173//19726 592//19727 591//19728
f 3173//19729 591//19730 3171//19731
f 3171//19732 591//19733 590//19734
f 3171//19735 590//19736 3170//19737
f 3170//19738 590//19739 589//19740
f 3244//19741 661//19742 3245//19743
f 3245//19744 661//19745 671//19746
f 3245//19747 671//19748 3255//19749
f 3255//19750 671//19751 670//19752
f 3255//19753 670//19754 3256//19755
f 3256//19756 670//19757 669//19758
f 3256//19759 669//19760 3233//19761
f 3233//19762 669//19763 668//19764
f 3233//19765 668//19766 3234//19767
f 3234//19768 668//19769 667//19770
f 3234//19771 667//19772 3236//19773
f 3236//19774 667//19775 666//19776
f 3236//19777 666//19778 3237//19779
f 3237//19780 666//19781 665//19782
f 3237//19783 665//19784 3257//19785
f 3257//19786 665//19787 664//19788
f 3257//19789 664//19790 3258//19791
f 3258//19792 664//19793 677//19794
f 3258//19795 677//19796 3259//19797
f 3259//19798 677//19799 676//19800
f 3259//19801 676//19802 3246//19803
f 3246//19804 676//19805 675//19806
f 3246//19807 675//19808 3247//19809
f 3247//19810 675//19811 659//19812
f 3247//19813 659//19814 3248//19815
f 3248//19816 659//19817 658//19818
f 3248//19819 658//19820 3249//19821
f 3249//19822 658//19823 695//19824
f 3249//19825 695//19826 3260//19827
f 3260//19828 695//19829 694//19830
f 3260//19831 694//19832 3261//19833
f 3261//19834 694//19835 691//19836
f 3261//19837 691//19838 3239//19839
f 3239//19840 691//19841 690//19842
f 3239//19843 690//19844 3240//19845
f 3240//19846 690//19847 686//19848
f 3240//19849 686//19850 3212//19851
f 3212//19852 686//19853 685//19854
f 3212//19855 685//19856 3213//19857
f 3213//19858 685//19859 693//19860
f 3213//19861 693//19862 3241//19863
f 3241//19864 693//19865 692//19866
f 3241//19867 692//19868 3242//19869
f 3242//19870 692//19871 689//19872
f 3242//19873 689//19874 3243//19875
f 3243//19876 689//19877 688//19878
f 3243//19879 688//19880 3250//19881
f 3250//19882 688//19883 687//19884
f 3250//19885 687//19886 3251//19887
f 3251//19888 687//19889 684//19890
f 3251//19891 684//19892 3214//19893
f 3214//19894 684//19895 682//19896
f 3214//19897 682//19898 3252//19899
f 3252//19900 682//19901 681//19902
f 3252//19903 681//19904 3253//19905
f 3253//19906 681//19907 680//19908
f 3253//19909 680//19910 3254//19911
f 3254//19912 680//19913 679//19914
f 3254//19915 679//19916 3262//19917
f 3262//19918 679//19919 678//19920
f 3262//19921 678//19922 3263//19923
f 3263//19924 678//19925 674//19926
f 3263//19927 674//19928 3264//19929
f 3264//19930 674//19931 673//19932
f 3264//19933 673//19934 3282//19935
f 3282//19936 673//19937 672//19938
f 3282//19939 672//19940 3283//19941
f 3283//19942 672//19943 663//19944
f 3283//19945 663//19946 3265//19947
f 3265//19948 663//19949 662//19950
f 3265//19951 662//19952 3244//19953
f 3244//19954 662//19955 661//19956
f 2370//19957 1568//19958 2362//19959
f 2362//19960 1568//19961 1567//19962
f 2362//19963 1567//19964 2363//19965
f 2363//19966 1567//19967 1566//19968
f 2363//19969 1566//19970 2364//19971
f 2364//19972 1566//19973 1565//19974
f 2364//19975 1565//19976 2336//19977
f 2336//19978 1565//19979 1564//19980
f 2336//19981 1564//19982 2335//19983
f 2335//19984 1564//19985 1563//19986
f 2335//19987 1563//19988 2333//19989
f 2333//19990 1563//19991 1562//19992
f 2333//19993 1562//19994 2349//19995
f 2349//19996 1562//19997 1561//19998
f 2349//19999 1561//20000 2350//20001
f 2350//20002 1561//20003 1560//20004
f 2350//20005 1560//20006 2351//20007
f 2351//20008 1560//20009 1575//20010
f 2351//20011 1575//20012 2352//20013
f 2352//20014 1575//20015 1574//20016
f 2352//20017 1574//20018 2353//20019
f 2353//20020 1574//20021 1573//20022
f 2353//20023 1573//20024 2354//20025
f 2354//20026 1573//20027 1559//20028
f 2354//20029 1559//20030 2355//20031
f 2355//20032 1559//20033 1558//20034
f 2355//20035 1558//20036 2356//20037
f 2356//20038 1558//20039 1594//20040
f 2356//20041 1594//20042 2365//20043
f 2365//20044 1594//20045 1593//20046
f 2365//20047 1593//20048 2366//20049
f 2366//20050 1593//20051 1590//20052
f 2366//20053 1590//20054 2344//20055
f 2344//20056 1590//20057 1589//20058
f 2344//20059 1589//20060 2345//20061
f 2345//20062 1589//20063 1585//20064
f 2345//20065 1585//20066 2338//20067
f 2338//20068 1585//20069 1584//20070
f 2338//20071 1584//20072 2339//20073
f 2339//20074 1584//20075 1592//20076
f 2339//20077 1592//20078 2346//20079
f 2346//20080 1592//20081 1591//20082
f 2346//20083 1591//20084 2347//20085
f 2347//20086 1591//20087 1588//20088
f 2347//20089 1588//20090 2348//20091
f 2348//20092 1588//20093 1587//20094
f 2348//20095 1587//20096 2357//20097
f 2357//20098 1587//20099 1586//20100
f 2357//20101 1586//20102 2358//20103
f 2358//20104 1586//20105 1583//20106
f 2358//20107 1583//20108 2340//20109
f 2340//20110 1583//20111 1582//20112
f 2340//20113 1582//20114 2359//20115
f 2359//20116 1582//20117 1580//20118
f 2359//20119 1580//20120 2360//20121
f 2360//20122 1580//20123 1579//20124
f 2360//20125 1579//20126 2361//20127
f 2361//20128 1579//20129 1578//20130
f 2361//20131 1578//20132 2367//20133
f 2367//20134 1578//20135 1577//20136
f 2367//20137 1577//20138 2368//20139
f 2368//20140 1577//20141 1576//20142
f 2368//20143 1576//20144 2369//20145
f 2369//20146 1576//20147 1572//20148
f 2369//20149 1572//20150 2372//20151
f 2372//20152 1572//20153 1571//20154
f 2372//20155 1571//20156 2373//20157
f 2373//20158 1571//20159 1570//20160
f 2373//20161 1570//20162 2371//20163
f 2371//20164 1570//20165 1569//20166
f 2371//20167 1569//20168 2370//20169
f 2370//20170 1569//20171 1568//20172
f 2276//20173 2277//20174 3305//20175
f 3306//20176 1669//20177 2268//20178
f 2268//20179 2270//20180 3306//20181
f 3306//20182 2270//20183 2272//20184
f 3306//20185 2272//20186 3305//20187
f 3305//20188 2272//20189 2274//20190
f 3305//20191 2274//20192 2276//20193
f 3307//20194 2263//20195 2265//20196
f 3307//20197 2265//20198 3306//20199
f 3306//20200 2265//20201 1670//20202
f 3306//20203 1670//20204 1669//20205
f 2262//20206 2263//20207 3307//20208
f 3308//20209 1672//20210 2252//20211
f 2252//20212 2256//20213 3308//20214
f 3308//20215 2256//20216 2258//20217
f 3308//20218 2258//20219 3307//20220
f 3307//20221 2258//20222 2260//20223
f 3307//20224 2260//20225 2262//20226
f 1672//20227 3308//20228 1673//20229
f 1673//20230 3308//20231 3305//20232
f 1673//20233 3305//20234 2279//20235
f 2279//20236 3305//20237 2277//20238
f 3308//20239 3307//20240 3305//20241
f 3305//20242 3307//20243 3306//20244
